Fartøy ID,Registreringsmerke,Fartøynavn,Fartøytype,Fartøygruppe,Lengde (meter),Lengdegruppe,Bredde (meter),Bruttotonnasje,Byggeår,Motorkraft (kW),Hjemkommune,Nasjonalitet
1958004699,M 0106AE,DUEN,Fiskefartøy,Kyst,7.99,Under 11 m,3.2,8,1958,110.29411764705881,AURE,NORGE
1959006996,N 0162BØ,REINSBÅEN,Fiskefartøy,Kyst,15.53,"15-20,99 m",5.06,22,1959,187.5,BØ i Nordland,NORGE
1967011839,T 0353T,TOROLV,Fiskefartøy,Kyst,15.7,"15-20,99 m",4.89,24,1966,213.97058823529412,TROMSØ,NORGE
1969000787,M 0085G,NORDSTAR,Fiskefartøy,Hav,75.5,28 m og over ,13.0,2053,1969,3088.235294117647,GISKE,NORGE
1969006502,TF0024NK,AJAX,Fiskefartøy,Kyst,7.19,Under 11 m,2.8,4,1966,55.882352941176464,NORDKAPP,NORGE
1970007571,N 0298MS,ANN BRITA,Fiskefartøy,Kyst større,21.61,"21-27,99 m",5.97,79,1970,386.02941176470586,MOSKENES,NORGE
1971003988,M 0033S,BRUSØY,Fiskefartøy,Kyst,9.9,Under 11 m,3.03,10,1971,62.49999999999999,SANDE i Møre og Romsdal,NORGE
1972005078,F 0028A,NORLYS,Fiskefartøy,Kyst,9.57,Under 11 m,3.14,7,1991,73.52941176470588,ALTA,NORGE
1972005727,M 0403HØ,SÆVIKFISK,Fiskefartøy,Kyst,8.63,Under 11 m,2.71,7,1972,69.85294117647058,HERØY i Møre og Romsdal,NORGE
1972006901,N 0028BØ,KIMA,Fiskefartøy,Kyst,10.64,Under 11 m,3.57,10,1936,68.38235294117646,BØ i Nordland,NORGE
1972011116,T 0129T,SJÅBÅEN,Fiskefartøy,Kyst,9.42,Under 11 m,3.11,8,1972,49.99999999999999,TROMSØ,NORGE
1972011241,N 0055V,JOHANNE,Samfiskefartøy,Kyst,10.64,Under 11 m,3.41,9,1972,132.35294117647058,VÅGAN,NORGE
1973007843,F 0062NK,SPUTNIK,Fiskefartøy,Kyst,10.97,Under 11 m,3.58,11,1973,139.70588235294116,NORDKAPP,NORGE
1973009768,TF0029G,RYSTADBUEN,Fiskefartøy,Kyst,10.55,Under 11 m,2.99,8,1973,11.029411764705882,GAMVIK,NORGE
1973011832,M 0037F,ALF SENIOR,Fiskefartøy,Kyst,19.02,"15-20,99 m",5.67,43,1973,286.02941176470586,HUSTADVIKA,NORGE
1974000267,TF0242H,FERDINAND,Fiskefartøy,Kyst,10.45,Under 11 m,2.99,8,1974,111.76470588235293,HAMMERFEST,NORGE
1974000469,N 0072R,INGER ANN,Fiskefartøy,Kyst,9.02,Under 11 m,3.22,7,1974,80.1470588235294,RØDØY,NORGE
1974002186,TF0036G,TORSTIND,Fiskefartøy,Kyst,8.63,Under 11 m,2.71,7,1974,80.1470588235294,GAMVIK,NORGE
1974003285,VL0032B,SØRENES,Fiskefartøy,Kyst,7.71,Under 11 m,2.65,6,1974,58.8235294117647,BØMLO,NORGE
1975000921,AG0002T,ELDAR,Fiskefartøy,Kyst,10.63,Under 11 m,3.84,11,1929,132.35294117647058,TVEDESTRAND,NORGE
1975002821,N 0085MS,NOREGG,Samfiskefartøy,Kyst,10.64,Under 11 m,3.9,14,1975,95.58823529411764,MOSKENES,NORGE
1975007664,M 0005VS,VESTAR,Fiskefartøy,Kyst,8.63,Under 11 m,2.71,6,1975,77.20588235294117,VESTNES,NORGE
1975010063,TF0003SA,JENSEN KVITBERG,Fiskefartøy,Kyst,10.64,Under 11 m,3.41,10,1975,99.26470588235293,SØRREISA,NORGE
1975010906,T 0084T,FJORDFISK,Fiskefartøy,Kyst,10.61,Under 11 m,3.96,16,1975,110.29411764705881,TROMSØ,NORGE
1975012249,T 0891T,VENGSØYVÆRING,Fiskefartøy,Kyst,15.36,"15-20,99 m",4.69,24,1975,175.0,TROMSØ,NORGE
1975012814,VA0170M,EIGENES,Fiskefartøy,Kyst større,27.13,"21-27,99 m",7.08,251,1975,882.3529411764705,LINDESNES,NORGE
1976000510,N 0093BR,PRØVEN,Fiskefartøy,Kyst,7.53,Under 11 m,,3,1968,62.49999999999999,BRØNNØY,NORGE
1976005671,N 0037V,KARL-VIKTOR,Fiskefartøy,Kyst,19.48,"15-20,99 m",5.27,59,1969,477.9411764705882,VÅGAN,NORGE
1976006228,N 0010VV,ALF SENIOR,Fiskefartøy,Kyst,14.98,"11-14,99 m",4.8,23,1964,302.94117647058823,VESTVÅGØY,NORGE
1976006738,N 0005VV,SVANA,Fiskefartøy,Kyst,11.25,"11-14,99 m",3.6,10,1946,111.76470588235293,VESTVÅGØY,NORGE
1976007837,TF0003TS,EMIL,Fiskefartøy,Kyst,10.2,Under 11 m,3.06,9,1976,49.99999999999999,TJELDSUND,NORGE
1976009383,SF0210V,VESTER JUNIOR,Fiskefartøy,Kyst,10.61,Under 11 m,3.87,14,1976,136.02941176470588,KINN,NORGE
1976010048,ST0300F,JONAS,Fiskefartøy,Kyst,10.0,Under 11 m,3.45,12,1976,91.91176470588235,FRØYA,NORGE
1976011860,TF0055T,VI TO,Fiskefartøy,Kyst,8.44,Under 11 m,3.06,4,1962,45.588235294117645,TROMSØ,NORGE
1977000459,F 0030VS,VARANGERGUTT,Fiskefartøy,Kyst,10.36,Under 11 m,3.41,12,1977,169.1176470588235,VADSØ,NORGE
1977000577,F 0083G,MIE,Fiskefartøy,Kyst,10.64,Under 11 m,3.41,10,1976,75.0,GAMVIK,NORGE
1977003973,TF0008NK,POLAR,Fiskefartøy,Kyst,10.62,Under 11 m,3.89,14,1977,111.76470588235293,NORDKAPP,NORGE
1977006206,N 0272MS,FRØYBANKEN,Fiskefartøy,Kyst større,22.15,"21-27,99 m",5.44,92,1972,323.52941176470586,MOSKENES,NORGE
1977006958,M 0007HU,ØYVÆR,Fiskefartøy,Kyst,10.61,Under 11 m,3.87,14,1977,220.58823529411762,HUSTADVIKA,NORGE
1977009473,M 0036HØ,LANGAARD,Fiskefartøy,Kyst,10.61,Under 11 m,3.87,14,1976,95.58823529411764,HERØY i Møre og Romsdal,NORGE
1977009958,TR0106F,HILMARSON,Fiskefartøy,Kyst,9.72,Under 11 m,3.41,12,1977,75.0,FRØYA,NORGE
1977011655,F 0040SV,ANDREA,Fiskefartøy,Kyst,10.57,Under 11 m,3.1,9,1977,75.0,SØR-VARANGER,NORGE
1978002228,M 0002VD,HEIMEGUT,Fiskefartøy,Kyst,8.53,Under 11 m,2.9,9,1978,60.29411764705882,ØRSTA,NORGE
1978002308,TF0106NK,SJØMANN,Fiskefartøy,Kyst,10.14,Under 11 m,3.26,8,1978,75.0,NORDKAPP,NORGE
1978003876,N 0168Ø,MYREBUEN,Samfiskefartøy,Kyst,12.0,"11-14,99 m",3.6,15,1978,183.8235294117647,ØKSNES,NORGE
1978003952,VT0010S,KVEITA,Fiskefartøy,Kyst,12.95,"11-14,99 m",3.58,15,1978,180.1470588235294,SANDEFJORD,NORGE
1978006966,N 0151A,BLEIKSØY,Fiskefartøy,Kyst,14.95,"11-14,99 m",4.6,24,1978,275.735294117647,ANDØY,NORGE
1978009284,TF0009LA,MAGGAN,Fiskefartøy,Kyst,7.99,Under 11 m,2.79,5,1978,33.088235294117645,LOPPA,NORGE
1978012084,TF0052SE,KATRINE,Fiskefartøy,Kyst,4.95,Under 11 m,1.9,,1976,14.705882352941176,SENJA,NORGE
1979001423,F 0022A,JAN BØRRE,Fiskefartøy,Kyst,9.45,Under 11 m,3.05,8,1975,49.99999999999999,ALTA,NORGE
1979002403,N 0104VV,HAVGULL,Samfiskefartøy,Kyst,12.83,"11-14,99 m",3.96,17,1979,154.41176470588235,VESTVÅGØY,NORGE
1979004534,M 0004VS,LUSKENES,Fiskefartøy,Kyst,7.95,Under 11 m,2.7,3,1979,36.76470588235294,VESTNES,NORGE
1979006694,N 0119SO,KETLIN,Fiskefartøy,Hav,54.05,28 m og over ,10.0,752,1967,1647.0588235294117,SORTLAND,NORGE
1979007195,N 0113VV,ROGER,Fiskefartøy,Kyst større,27.47,"21-27,99 m",6.7,173,1978,735.2941176470588,VESTVÅGØY,NORGE
1979009923,ST0030R,BRANDY,Fiskefartøy,Kyst,9.45,Under 11 m,3.05,8,1979,88.23529411764706,ÅFJORD,NORGE
1979011940,T 0420LK,TOR-MORTEN,Fiskefartøy,Kyst,5.48,Under 11 m,2.05,,1979,29.41176470588235,SENJA,NORGE
1980002079,F 0100G,THANI,Samfiskefartøy,Kyst,11.55,"11-14,99 m",3.81,16,1980,110.29411764705881,GAMVIK,NORGE
1980003703,N 0010ME,GLOMNES,Fiskefartøy,Kyst,9.48,Under 11 m,3.15,7,1975,93.38235294117646,MELØY,NORGE
1980004432,TF0074LB,MATILDE,Fiskefartøy,Kyst,9.75,Under 11 m,3.5,9,1980,45.588235294117645,LEBESBY,NORGE
1980004799,TF0037V,SOLVARDEN,Fiskefartøy,Kyst,10.65,Under 11 m,3.9,13,1980,110.29411764705881,VARDØ,NORGE
1980005731,N 0040BR,SALHUSVÆRING,Fiskefartøy,Kyst,10.61,Under 11 m,3.3,8,1979,122.79411764705881,BRØNNØY,NORGE
1980006143,N 0014LF,RUNA ELIDA,Fiskefartøy,Kyst,10.66,Under 11 m,3.66,11,1956,83.8235294117647,LEIRFJORD,NORGE
1980010057,N 0026Ø,HAVBRIS JR,Fiskefartøy,Kyst,10.65,Under 11 m,3.9,15,1976,148.52941176470588,ØKSNES,NORGE
1980010575,TF0040M,OMEGA,Fiskefartøy,Kyst,12.87,"11-14,99 m",3.96,17,1980,183.8235294117647,MÅSØY,NORGE
1980011127,T 0012L,FJORDBAS,Fiskefartøy,Kyst,10.22,Under 11 m,3.2,11,1980,58.8235294117647,LYNGEN,NORGE
1980011421,T 0188S,SØRHOLMEN,Fiskefartøy,Kyst,10.22,Under 11 m,3.2,,1980,45.588235294117645,SKJERVØY,NORGE
1980011942,T 0009KD,HENRY,Fiskefartøy,Kyst,6.74,Under 11 m,2.26,2,1980,45.588235294117645,KÅFJORD,NORGE
1981000886,TF0007HV,MADS HELGE,Fiskefartøy,Kyst,10.97,Under 11 m,3.89,17,1981,88.23529411764706,HASVIK,NORGE
1981004649,TF0082NK,ANTON EMILIAN,Fiskefartøy,Kyst,10.37,Under 11 m,3.24,10,1980,110.29411764705881,NORDKAPP,NORGE
1981006426,TF0100M,GENERALN,Fiskefartøy,Kyst,10.26,Under 11 m,3.23,8,1973,93.38235294117646,MÅSØY,NORGE
1981006794,N 0130R,STORMSUND,Fiskefartøy,Kyst,9.45,Under 11 m,3.48,8,1981,93.38235294117646,RØDØY,NORGE
1981008474,TF0004L,FUGLØYFJELL,Fiskefartøy,Kyst større,28.81,28 m og over ,8.0,280,1976,577.9411764705882,LYNGEN,NORGE
1981009817,TR0002T,VIKING,Fiskefartøy,Kyst,10.35,Under 11 m,3.73,11,1980,99.26470588235293,TRONDHEIM,NORGE
1981010339,TF0065T,KARLO,Fiskefartøy,Kyst,10.66,Under 11 m,3.41,11,1979,111.76470588235293,TROMSØ,NORGE
1981011828,F 0022V,STØA,Fiskefartøy,Kyst,10.22,Under 11 m,3.5,10,1981,83.8235294117647,VARDØ,NORGE
1981011911,T 0399K,LENA,Fiskefartøy,Kyst,5.65,Under 11 m,2.2,,1981,18.38235294117647,KARLSØY,NORGE
1981012229,T 0825T,TERNA,Fiskefartøy,Kyst,9.51,Under 11 m,3.06,9,1981,88.23529411764706,TROMSØ,NORGE
1981012352,T 0152K,TERNA,Fiskefartøy,Kyst,7.91,Under 11 m,2.64,4,1979,66.17647058823529,KARLSØY,NORGE
1982003787,M 0053SA,SOFFE,Fiskefartøy,Kyst,10.24,Under 11 m,3.29,9,1982,84.55882352941175,SULA,NORGE
1982003829,T 0040T,IDA THERESE,Fiskefartøy,Kyst større,20.93,"15-20,99 m",5.82,91,1982,404.4117647058823,TROMSØ,NORGE
1982003916,TF0015B,ELLABELLA,Fiskefartøy,Kyst,10.03,Under 11 m,3.2,10,1982,111.76470588235293,BERLEVÅG,NORGE
1982004544,M 0131AE,IMARSUND,Fiskefartøy,Kyst,7.6,Under 11 m,2.65,3,1979,16.176470588235293,AURE,NORGE
1982004592,M 0149HØ,TALA,Fiskefartøy,Kyst,10.34,Under 11 m,3.27,9,1977,84.55882352941175,HERØY i Møre og Romsdal,NORGE
1982004771,M 0249F,VITO,Fiskefartøy,Kyst,10.6,Under 11 m,3.16,12,1982,111.76470588235293,HUSTADVIKA,NORGE
1982005842,N 0046BL,DAG,Fiskefartøy,Kyst,10.2,Under 11 m,3.64,11,1982,73.52941176470588,BINDAL,NORGE
1982006889,N 0048VA,JUSIKA,Fiskefartøy,Kyst,9.44,Under 11 m,3.11,8,1971,60.29411764705882,VEGA,NORGE
1982007393,N 0006LF,TRITON,Fiskefartøy,Kyst,10.58,Under 11 m,3.62,14,1982,111.76470588235293,LEIRFJORD,NORGE
1982007975,TR0009V,SETTNØY JR,Fiskefartøy,Kyst,10.61,Under 11 m,3.35,12,1982,102.94117647058823,NÆRØYSUND,NORGE
1982010049,N 0033ME,GLOMNES,Fiskefartøy,Kyst,10.61,Under 11 m,4.21,14,1982,136.02941176470588,MELØY,NORGE
1982011155,TF0011SE,JEGERINNEN,Fiskefartøy,Kyst,10.39,Under 11 m,3.35,11,1982,80.88235294117646,SENJA,NORGE
1982011276,T 0154KD,BUSTER,Fiskefartøy,Kyst,5.02,Under 11 m,1.69,,1981,14.705882352941176,KÅFJORD,NORGE
1982011381,T 0178K,TUNFISK,Fiskefartøy,Kyst,8.6,Under 11 m,2.5,3,1982,93.38235294117646,KARLSØY,NORGE
1982011534,TF0043V,MARIE K,Samfiskefartøy,Kyst,12.83,"11-14,99 m",3.96,17,1982,199.99999999999997,VARDØ,NORGE
1982011615,F 0028BD,HUSVÆRSUND,Fiskefartøy,Kyst,12.83,"11-14,99 m",3.96,17,1979,257.35294117647055,BÅTSFJORD,NORGE
1982011887,TF0006HV,LONGHORN,Fiskefartøy,Kyst,10.14,Under 11 m,3.06,9,1977,88.23529411764706,HASVIK,NORGE
1982012289,TF0088NK,STANGNES,Fiskefartøy,Kyst,9.45,Under 11 m,3.05,9,1979,88.23529411764706,NORDKAPP,NORGE
1982012316,VL0044A,ALKEN,Fiskefartøy,Kyst,9.44,Under 11 m,3.04,8,1982,62.49999999999999,ASKVOLL,NORGE
1983001142,F 0102NK,PONTOS,Fiskefartøy,Kyst,10.5,Under 11 m,3.45,12,1982,73.52941176470588,NORDKAPP,NORGE
1983001550,N 0020L,NARGTIND,Fiskefartøy,Kyst,14.25,"11-14,99 m",4.3,21,1982,183.8235294117647,LURØY,NORGE
1983004060,F 0014NK,RANNFRID,Fiskefartøy,Kyst,10.25,Under 11 m,3.1,7,1983,110.29411764705881,NORDKAPP,NORGE
1983004220,TR0006HM,BAKKEGUT,Fiskefartøy,Kyst,9.18,Under 11 m,3.14,8,1979,59.55882352941176,HEIM,NORGE
1983004654,Ø 0003H,ORSKJÆR,Fiskefartøy,Hav,35.17,28 m og over ,6.9,320,1982,730.1470588235294,HVALER,NORGE
1983004746,T 0002KN,INGRID,Fiskefartøy,Kyst,10.62,Under 11 m,3.2,12,1982,84.55882352941175,KVÆNANGEN,NORGE
1983004930,F 0094H,KRIGER SENIOR,Fiskefartøy,Kyst større,20.3,"15-20,99 m",5.81,76,1983,350.735294117647,HAMMERFEST,NORGE
1983005732,N 0040BØ,EVA SOFIE,Fiskefartøy,Kyst,10.53,Under 11 m,4.04,14,1983,110.29411764705881,BØ i Nordland,NORGE
1983006274,N 0033V,STENSVOLD SENIOR,Fiskefartøy,Kyst,12.88,"11-14,99 m",3.8,12,1961,152.94117647058823,VÅGAN,NORGE
1983006464,N 0094L,HÅLØYGER,Fiskefartøy,Kyst,12.22,"11-14,99 m",3.89,14,1981,117.6470588235294,LURØY,NORGE
1983006959,N 0060VV,BRAGE,Fiskefartøy,Kyst,10.64,Under 11 m,3.41,11,1978,113.97058823529412,VESTVÅGØY,NORGE
1983007478,N 0012VV,BORGVÆR,Fiskefartøy,Kyst,9.47,Under 11 m,2.98,8,1982,99.26470588235293,VESTVÅGØY,NORGE
1983007890,TF0017LA,CATHMAR,Fiskefartøy,Kyst,10.06,Under 11 m,2.99,8,1973,73.52941176470588,LOPPA,NORGE
1983008437,R 0003TV,KROLEI,Fiskefartøy,Kyst,10.62,Under 11 m,3.89,15,1983,101.47058823529412,TYSVÆR,NORGE
1983009373,F 0032NK,GULLSKJÆR JUNIOR,Fiskefartøy,Kyst,10.99,Under 11 m,3.4,11,1983,154.41176470588235,NORDKAPP,NORGE
1983009543,N 0228F,NYGÅRD SENIOR,Fiskefartøy,Kyst større,26.33,"21-27,99 m",7.68,169,1961,312.5,FLAKSTAD,NORGE
1983009963,M 0022AE,NORODD,Fiskefartøy,Kyst,9.57,Under 11 m,3.15,8,1976,62.49999999999999,AURE,NORGE
1983012195,T 0028LK,VIKAGUTT,Fiskefartøy,Kyst,7.18,Under 11 m,2.56,3,1981,73.52941176470588,SENJA,NORGE
1983013558,ST0033T,RITA MARIE,Fiskefartøy,Kyst,10.0,Under 11 m,3.4,10,1983,60.29411764705882,TRONDHEIM,NORGE
1984000374,M 0071SA,GETO,Fiskefartøy,Kyst,9.48,Under 11 m,3.2,8,1978,49.99999999999999,SULA,NORGE
1984001675,TF0037T,SANDVIKNES,Fiskefartøy,Kyst,14.99,"11-14,99 m",4.59,24,1967,175.0,TROMSØ,NORGE
1984002278,F 0101NK,RICHARD J,Fiskefartøy,Kyst,10.12,Under 11 m,3.51,10,1979,71.3235294117647,NORDKAPP,NORGE
1984002515,TF0022T,MULEN,Fiskefartøy,Kyst,10.65,Under 11 m,3.17,7,1984,99.26470588235293,TROMSØ,NORGE
1984002595,R 0031K,JOHLENA,Fiskefartøy,Kyst,14.16,"11-14,99 m",4.38,23,1984,127.20588235294117,KARMØY,NORGE
1984003241,VL0019B,STORMEN,Fiskefartøy,Kyst,7.99,Under 11 m,3.05,5,1982,62.49999999999999,BØMLO,NORGE
1984003616,M 0016VD,SANDRA HELEN,Fiskefartøy,Kyst,9.45,Under 11 m,3.2,8,1984,70.58823529411764,ØRSTA,NORGE
1984003885,NT0051NR,SILJE,Fiskefartøy,Kyst,6.7,Under 11 m,2.3,2,1979,27.941176470588232,NÆRØYSUND,NORGE
1984004541,M 0003VD,HAVSOL,Fiskefartøy,Kyst,10.61,Under 11 m,3.34,9,1984,52.94117647058823,ØRSTA,NORGE
1984004710,M 0081A,BJØRNHAUG,Fiskefartøy,Hav,34.9,28 m og over ,9.5,470,1980,955.8823529411764,ÅLESUND,NORGE
1984004935,N 0085VV,COD KILLER SENIOR,Fiskefartøy,Kyst,10.65,Under 11 m,3.0,9,1984,147.05882352941177,VESTVÅGØY,NORGE
1984005386,N 0022BØ,KRUSHOLMEN,Fiskefartøy,Kyst,10.66,Under 11 m,4.0,12,1984,101.47058823529412,BØ i Nordland,NORGE
1984005700,NT0016VL,THORALF,Fiskefartøy,Kyst,8.7,Under 11 m,3.2,6,1984,49.99999999999999,VERDAL,NORGE
1984005922,N 0052A,ODD JUNIOR,Fiskefartøy,Kyst,8.07,Under 11 m,2.87,5,1984,57.35294117647059,ANDØY,NORGE
1984006926,N 0051TF,SOLSTRÅLEN,Fiskefartøy,Kyst,10.2,Under 11 m,,11,1984,80.88235294117646,NARVIK,NORGE
1984007017,N 0165MS,SANDVÆR,Fiskefartøy,Kyst større,20.1,"15-20,99 m",5.68,72,1972,404.4117647058823,MOSKENES,NORGE
1984007148,N 0127A,MELAVÆRING,Fiskefartøy,Kyst,7.7,Under 11 m,2.62,4,1983,36.76470588235294,ANDØY,NORGE
1984008004,NT0001VN,JAN IVAR,Fiskefartøy,Kyst,7.93,Under 11 m,2.74,4,1984,35.29411764705882,STEINKJER,NORGE
1984008184,NT0064V,LYNN MARY,Fiskefartøy,Kyst,9.48,Under 11 m,3.08,7,1976,66.17647058823529,NÆRØYSUND,NORGE
1984008356,N 0075Ø,ROGNAN JR,Fiskefartøy,Kyst,10.14,Under 11 m,3.3,9,1983,52.94117647058823,ØKSNES,NORGE
1984009765,N 0007BØ,PIRAYA,Fiskefartøy,Kyst,9.0,Under 11 m,3.2,8,1984,61.764705882352935,BØ i Nordland,NORGE
1984010334,TR0114ND,SJÅNES,Fiskefartøy,Kyst,10.15,Under 11 m,3.25,10,1974,73.52941176470588,NÆRØYSUND,NORGE
1984011089,T 0067SE,REMO,Fiskefartøy,Kyst,7.75,Under 11 m,2.65,4,1984,29.41176470588235,SENJA,NORGE
1985002058,F 0072HV,ØYFJORD,Fiskefartøy,Kyst,10.4,Under 11 m,3.3,11,1985,58.8235294117647,HASVIK,NORGE
1985002140,TF0027V,MANTAS,Fiskefartøy,Kyst,7.85,Under 11 m,2.6,4,1983,35.29411764705882,VARDØ,NORGE
1985002702,F 0243L,KANES,Fiskefartøy,Kyst,9.45,Under 11 m,3.06,8,1984,47.79411764705882,LOPPA,NORGE
1985003281,N 0018TN,GAISLER,Fiskefartøy,Kyst,10.66,Under 11 m,3.98,12,1984,91.17647058823529,TRÆNA,NORGE
1985004811,TF0023VS,HAVPERLA,Fiskefartøy,Kyst,9.27,Under 11 m,3.15,8,1984,61.764705882352935,VADSØ,NORGE
1985007212,N 0203F,RINGSKJÆR NORD,Fiskefartøy,Kyst,19.26,"15-20,99 m",5.82,47,1978,220.58823529411762,FLAKSTAD,NORGE
1985007862,N 0050BR,STIAN,Fiskefartøy,Kyst,9.25,Under 11 m,3.2,8,1985,52.94117647058823,BRØNNØY,NORGE
1985008264,NT0121LA,LEKAVÆRING,Fiskefartøy,Kyst,9.15,Under 11 m,3.0,7,1985,36.76470588235294,LEKA,NORGE
1985008470,R 0020B,VÅGHOLM,Fiskefartøy,Kyst,10.6,Under 11 m,3.8,12,1985,139.70588235294116,BOKN,NORGE
1985008748,R 0024B,VÅGAN,Fiskefartøy,Kyst,10.98,Under 11 m,3.84,15,1980,183.8235294117647,BOKN,NORGE
1985008851,VL0117SO,SIGNORA,Fiskefartøy,Kyst,7.93,Under 11 m,2.68,4,1985,22.058823529411764,SVEIO,NORGE
1985009698,TR0006SI,VIKASKJÆR,Fiskefartøy,Kyst,10.98,Under 11 m,3.41,8,1985,93.38235294117646,HEIM,NORGE
1985010342,M 0010AK,ELLIVER,Fiskefartøy,Kyst,12.05,"11-14,99 m",3.46,10,1985,128.67647058823528,AUKRA,NORGE
1985010560,F 0104G,KUNTZEGUTT,Fiskefartøy,Kyst,12.96,"11-14,99 m",3.96,17,1977,209.55882352941174,GAMVIK,NORGE
1985010735,TF0009K,TOFTEN,Fiskefartøy,Kyst,7.65,Under 11 m,2.44,5,1973,22.058823529411764,KARLSØY,NORGE
1985010951,T 0091T,STIAN JR,Fiskefartøy,Kyst,8.2,Under 11 m,3.0,5,1985,41.17647058823529,TROMSØ,NORGE
1985011392,T 0180T,FIDEL,Fiskefartøy,Kyst,11.66,"11-14,99 m",4.08,14,1976,101.47058823529412,TROMSØ,NORGE
1985011522,F 0018L,KORSHOLM,Fiskefartøy,Kyst,10.66,Under 11 m,3.41,11,1976,169.1176470588235,LOPPA,NORGE
1985012085,TF0068LA,SOLGLØTT,Fiskefartøy,Kyst,10.58,Under 11 m,2.91,10,1985,110.29411764705881,LOPPA,NORGE
1986000104,F 0089V,MONSNES,Fiskefartøy,Kyst,10.65,Under 11 m,,9,1986,80.1470588235294,VARDØ,NORGE
1986000293,TF0018SV,JOSEFINE,Fiskefartøy,Kyst,10.5,Under 11 m,3.4,11,1982,94.11764705882352,SØR-VARANGER,NORGE
1986000752,TR0006H,MONA,Fiskefartøy,Kyst,9.24,Under 11 m,3.22,7,1986,55.882352941176464,HITRA,NORGE
1986001762,F 0012VS,GOLNES,Fiskefartøy,Kyst,10.66,Under 11 m,3.5,9,1979,75.0,VADSØ,NORGE
1986002025,F 0067NK,STÅL TROND,Fiskefartøy,Kyst,14.2,"11-14,99 m",4.51,24,1979,175.0,NORDKAPP,NORGE
1986002233,TF0092BD,REX LOBO 2,Fiskefartøy,Kyst,8.85,Under 11 m,3.16,7,1984,44.11764705882353,BÅTSFJORD,NORGE
1986002292,TF0017VS,IRENE,Fiskefartøy,Kyst,10.6,Under 11 m,3.9,12,1986,122.79411764705881,VADSØ,NORGE
1986002365,F 0102LB,BRENNGAM,Fiskefartøy,Kyst,8.82,Under 11 m,3.14,6,1986,69.85294117647058,LEBESBY,NORGE
1986003635,M 0010A,KNAPPEN,Fiskefartøy,Kyst,10.45,Under 11 m,3.55,11,1986,55.882352941176464,ÅLESUND,NORGE
1986003924,M 0030SØ,HAAVÆRBUEN,Fiskefartøy,Kyst,10.5,Under 11 m,3.58,12,1975,128.67647058823528,ÅLESUND,NORGE
1986004043,N 0102V,TORNADO,Samfiskefartøy,Kyst,10.99,Under 11 m,3.86,14,1986,165.44117647058823,VÅGAN,NORGE
1986004300,M 0083SA,SULAHAV,Fiskefartøy,Kyst,10.63,Under 11 m,3.08,7,1978,84.55882352941175,SULA,NORGE
1986004436,TF0060NK,TRYGVE B,Fiskefartøy,Hav,38.78,28 m og over ,8.0,496,1986,674.2647058823529,NORDKAPP,NORGE
1986004733,M 0214HØ,MULØYBUEN,Fiskefartøy,Kyst,13.68,"11-14,99 m",3.98,20,1986,96.3235294117647,HERØY i Møre og Romsdal,NORGE
1986006172,N 0068R,VARDEN,Fiskefartøy,Kyst,8.85,Under 11 m,3.11,7,1986,94.85294117647058,RØDØY,NORGE
1986006453,N 0093ME,JARLE A,Fiskefartøy,Kyst,9.24,Under 11 m,3.22,8,1986,52.94117647058823,MELØY,NORGE
1986007291,M 0219M,NORDHAUG SENIOR,Fiskefartøy,Kyst,12.97,"11-14,99 m",3.96,17,1980,161.76470588235293,MOLDE,NORGE
1986009201,M 0009AV,RANGØY,Fiskefartøy,Kyst,10.62,Under 11 m,3.89,12,1978,149.26470588235293,AVERØY,NORGE
1986009772,ST0021R,LOTHE,Fiskefartøy,Kyst,8.7,Under 11 m,3.2,8,1984,75.0,ÅFJORD,NORGE
1986010344,T 0027S,KAMPEN,Fiskefartøy,Kyst,8.17,Under 11 m,2.71,5,1982,62.49999999999999,SKJERVØY,NORGE
1986011079,TF0075LB,IBESTADVÆRING,Fiskefartøy,Kyst,8.63,Under 11 m,2.71,6,1974,95.58823529411764,LEBESBY,NORGE
1986011083,F 0024TN,VÅGEN,Fiskefartøy,Kyst,9.25,Under 11 m,3.2,8,1987,55.882352941176464,TANA,NORGE
1987000383,NT0338V,RÅSAGUTT,Fiskefartøy,Kyst,10.65,Under 11 m,3.46,12,1987,158.8235294117647,NÆRØYSUND,NORGE
1987000439,TF0045LB,PERNILLE MADELEN,Fiskefartøy,Kyst,10.05,Under 11 m,3.0,9,1985,62.49999999999999,LEBESBY,NORGE
1987000494,F 0001B,HAVPRINS,Fiskefartøy,Kyst,10.66,Under 11 m,3.91,12,1987,111.76470588235293,BERLEVÅG,NORGE
1987000556,N 0116BR,KVÆRSTEIN,Fiskefartøy,Kyst,10.86,Under 11 m,3.87,12,1978,111.76470588235293,BRØNNØY,NORGE
1987000597,N 0450VR,ØYASKJÆR,Fiskefartøy,Kyst større,24.05,"21-27,99 m",6.9,130,1983,735.2941176470588,VÆRØY,NORGE
1987001603,TF0014SE,MERKATOR,Fiskefartøy,Kyst,10.52,Under 11 m,3.66,12,1986,82.35294117647058,SENJA,NORGE
1987002785,F 0328L,KURT-VIDAR,Samfiskefartøy,Kyst,10.62,Under 11 m,3.85,6,1987,96.3235294117647,LOPPA,NORGE
1987002788,F 0335LB,FJORDFISK,Fiskefartøy,Kyst,10.23,Under 11 m,3.41,11,1977,94.85294117647058,LEBESBY,NORGE
1987003346,F 0061P,HÅTIND,Fiskefartøy,Kyst,10.58,Under 11 m,3.2,11,1987,128.67647058823528,PORSANGER,NORGE
1987003574,F 0087G,NYBJØRN,Fiskefartøy,Kyst,8.25,Under 11 m,3.0,4,1987,57.35294117647059,GAMVIK,NORGE
1987003761,R 0017ST,IDSEGUTT,Fiskefartøy,Kyst,10.65,Under 11 m,3.41,11,1976,99.99999999999999,STRAND,NORGE
1987003812,M 0020VS,MARIANN,Fiskefartøy,Kyst,10.42,Under 11 m,3.3,8,1986,99.26470588235293,VESTNES,NORGE
1987004066,TF0020HD,ROGLAVÆRING,Fiskefartøy,Kyst,10.6,Under 11 m,3.9,15,1986,111.76470588235293,HARSTAD,NORGE
1987004180,TF0055NK,SANDRA,Fiskefartøy,Kyst,12.2,"11-14,99 m",4.18,18,1987,136.02941176470588,NORDKAPP,NORGE
1987004437,M 0117HØ,SARAH,Fiskefartøy,Kyst,10.62,Under 11 m,4.07,14,1977,95.58823529411764,HERØY i Møre og Romsdal,NORGE
1987004785,TR0014T,AUKNES,Fiskefartøy,Kyst,10.65,Under 11 m,3.46,11,1986,110.29411764705881,TRONDHEIM,NORGE
1987004899,N 0023BR,MUDDVÆRING,Fiskefartøy,Kyst,10.55,Under 11 m,3.53,13,1987,89.70588235294117,BRØNNØY,NORGE
1987005358,N 0023R,SVEBØEN,Fiskefartøy,Kyst,9.65,Under 11 m,2.87,9,1987,55.882352941176464,RØDØY,NORGE
1987005370,N 0014H,HANNE,Fiskefartøy,Kyst,10.35,Under 11 m,3.5,11,1986,117.6470588235294,HADSEL,NORGE
1987005568,N 0022HR,ISABELL,Fiskefartøy,Kyst,10.4,Under 11 m,3.8,14,1982,75.0,HERØY i Nordland,NORGE
1987005777,N 0042SA,NORBAS,Fiskefartøy,Kyst,7.76,Under 11 m,,4,1987,37.5,SØMNA,NORGE
1987005793,N 0043TN,SANNAGUTT,Fiskefartøy,Kyst,10.58,Under 11 m,4.1,12,1984,111.76470588235293,TRÆNA,NORGE
1987006124,R 0088TV,ØYGUTT,Fiskefartøy,Kyst,7.57,Under 11 m,2.55,3,1987,70.58823529411764,TYSVÆR,NORGE
1987006261,N 0076VV,EGGUMSVÆRING,Fiskefartøy,Kyst,14.98,"11-14,99 m",5.2,43,1987,302.94117647058823,VESTVÅGØY,NORGE
1987006275,N 0013H,MARTHE,Fiskefartøy,Kyst,7.99,Under 11 m,2.87,4,1984,85.29411764705881,HADSEL,NORGE
1987006518,F 0058NK,TRONDALSON,Samfiskefartøy,Kyst,12.2,"11-14,99 m",4.2,19,1987,180.1470588235294,NORDKAPP,NORGE
1987006529,N 0200A,ANDØYGUTT,Fiskefartøy,Kyst,10.39,Under 11 m,3.56,11,1985,84.55882352941175,ANDØY,NORGE
1987007593,N 0058V,NIKITA,Fiskefartøy,Kyst,10.62,Under 11 m,4.12,14,1975,180.1470588235294,VÅGAN,NORGE
1987007919,N 0006L,ALDRA,Fiskefartøy,Kyst,10.55,Under 11 m,3.46,12,1987,93.38235294117646,LURØY,NORGE
1987009204,R 0004ST,KRISTINA,Fiskefartøy,Kyst,12.89,"11-14,99 m",3.88,40,1984,133.8235294117647,STRAND,NORGE
1987009264,N 0001TN,ELMA,Fiskefartøy,Kyst,9.39,Under 11 m,3.2,8,1982,84.55882352941175,TRÆNA,NORGE
1987009876,N 0040VA,KILVÆRFJORD,Fiskefartøy,Kyst,10.65,Under 11 m,3.41,11,1978,113.23529411764704,VEGA,NORGE
1987010741,T 0054S,VARDEN,Fiskefartøy,Kyst,9.22,Under 11 m,3.1,8,1987,99.26470588235293,SKJERVØY,NORGE
1987010984,T 0203T,STEIN JIMMY,Fiskefartøy,Kyst,10.55,Under 11 m,3.46,12,1987,111.76470588235293,TROMSØ,NORGE
1987011070,R 0051ES,JOHN JUNIOR,Fiskefartøy,Kyst,9.65,Under 11 m,3.46,8,1987,84.55882352941175,EIGERSUND,NORGE
1987011223,TF0016LA,DRAGEN,Fiskefartøy,Kyst,9.25,Under 11 m,3.2,7,1987,57.35294117647059,LOPPA,NORGE
1987011486,N 0044BR,HARMFJORD,Fiskefartøy,Kyst,10.52,Under 11 m,3.67,12,1986,85.29411764705881,BRØNNØY,NORGE
1987011783,T 0221T,ÅRVIKSAND,Fiskefartøy,Kyst større,20.96,"15-20,99 m",5.49,124,1980,395.5882352941176,TROMSØ,NORGE
1987011870,T 0371K,NIKE,Fiskefartøy,Kyst,7.95,Under 11 m,2.65,4,1987,36.76470588235294,KARLSØY,NORGE
1987012189,TF0040T,EISTEBÅEN,Fiskefartøy,Kyst,10.67,Under 11 m,3.96,17,1982,114.70588235294117,TROMSØ,NORGE
1987012805,VA0065S,BRIS,Fiskefartøy,Kyst større,26.14,"21-27,99 m",7.0,185,1976,757.3529411764705,KRISTIANSAND,NORGE
1988001077,F 0011VS,ANDFJORD,Fiskefartøy,Kyst,14.87,"11-14,99 m",4.72,24,1988,213.97058823529412,VADSØ,NORGE
1988001489,F 0025HV,BÅRSELVFISK,Fiskefartøy,Kyst,10.12,Under 11 m,3.22,8,1986,90.44117647058823,HASVIK,NORGE
1988002411,TF0087V,KINE CHARLOTTE,Fiskefartøy,Kyst,8.94,Under 11 m,3.2,7,1987,58.8235294117647,VARDØ,NORGE
1988003881,M 0138HØ,KNAUSEN,Fiskefartøy,Kyst,7.96,Under 11 m,3.1,7,1983,62.49999999999999,HERØY i Møre og Romsdal,NORGE
1988003961,F 0043VS,BRATTØY,Fiskefartøy,Kyst,12.4,"11-14,99 m",3.9,18,1988,117.6470588235294,VADSØ,NORGE
1988004073,M 0046K,ASPHOLM,Fiskefartøy,Kyst,14.98,"11-14,99 m",4.35,21,1983,232.35294117647058,KRISTIANSUND,NORGE
1988004410,M 0012VN,HAUGEN SENIOR,Fiskefartøy,Kyst,12.91,"11-14,99 m",3.6,22,1988,169.1176470588235,VANYLVEN,NORGE
1988005440,N 0024LF,KLUBBEN,Fiskefartøy,Kyst,12.98,"11-14,99 m",4.22,20,1988,183.8235294117647,LEIRFJORD,NORGE
1988005634,N 0002BØ,UTFLÆSA,Samfiskefartøy,Kyst,14.6,"11-14,99 m",4.0,24,1981,239.70588235294116,BØ i Nordland,NORGE
1988005641,M 0070AK,JANTO JR,Fiskefartøy,Kyst,9.07,Under 11 m,3.33,7,1988,99.26470588235293,AUKRA,NORGE
1988006259,TF0025NK,HEIDI ANITA,Fiskefartøy,Kyst,14.32,"11-14,99 m",4.59,24,1988,183.8235294117647,NORDKAPP,NORGE
1988006614,T 0005TK,BJØRN,Fiskefartøy,Kyst,10.03,Under 11 m,3.0,10,1988,55.882352941176464,SENJA,NORGE
1988006910,TR0080ND,FJORD-DØNNING,Fiskefartøy,Kyst,8.4,Under 11 m,3.23,5,1984,51.470588235294116,NÆRØYSUND,NORGE
1988007125,TF0027B,EVA MARIJA,Fiskefartøy,Kyst,9.59,Under 11 m,3.29,9,1977,58.8235294117647,BERLEVÅG,NORGE
1988007624,F 0500VS,VÅRSOL,Fiskefartøy,Kyst,10.5,Under 11 m,3.75,13,1987,106.61764705882352,VADSØ,NORGE
1988007826,SF0041V,MONA,Fiskefartøy,Kyst,7.96,Under 11 m,2.71,4,1982,36.76470588235294,KINN,NORGE
1988008148,TR0046ND,VESLEMØY,Fiskefartøy,Kyst,10.58,Under 11 m,3.22,11,1988,187.5,NÆRØYSUND,NORGE
1988009076,TF0003I,NORDSILD,Fiskefartøy,Kyst større,27.98,"21-27,99 m",,308,1988,698.5294117647059,IBESTAD,NORGE
1988009433,H 0006B,NERA,Fiskefartøy,Kyst,18.15,"15-20,99 m",5.0,39,1988,183.8235294117647,BØMLO,NORGE
1988009519,VL0048B,SØRWAAG,Fiskefartøy,Kyst,14.05,"11-14,99 m",5.0,23,1988,183.8235294117647,BØMLO,NORGE
1988009862,ST0046O,ØYSJARK,Fiskefartøy,Kyst,10.12,Under 11 m,3.6,9,1988,99.26470588235293,OSEN,NORGE
1988010382,F 0056HV,LINA,Fiskefartøy,Kyst,7.88,Under 11 m,2.65,3,1986,33.088235294117645,HASVIK,NORGE
1988011007,TF0031H,FORSØLVÆRING,Fiskefartøy,Kyst større,27.11,"21-27,99 m",,173,1988,529.4117647058823,HAMMERFEST,NORGE
1988011319,F 0120LB,TRÅLE,Samfiskefartøy,Kyst,10.65,Under 11 m,4.03,12,1987,180.88235294117646,LEBESBY,NORGE
1988012385,R 0120K,SKÅREN,Fiskefartøy,Kyst,14.7,"11-14,99 m",4.97,24,1988,301.4705882352941,KARMØY,NORGE
1988012458,M 0031G,REAL 1,Fiskefartøy,Kyst,9.87,Under 11 m,3.5,11,1988,85.29411764705881,GISKE,NORGE
1989000148,F 0015TN,MARTIN,Fiskefartøy,Kyst,14.98,"11-14,99 m",6.04,24,1989,279.4117647058823,TANA,NORGE
1989000829,F 0010BD,ESMERALDA,Fiskefartøy,Kyst,10.03,Under 11 m,3.55,10,1989,111.76470588235293,BÅTSFJORD,NORGE
1989001553,T 0080LK,KEIPNES,Fiskefartøy,Kyst større,20.88,"15-20,99 m",7.0,149,1988,458.8235294117647,SENJA,NORGE
1989002030,T 0135K,LAUNES,Fiskefartøy,Kyst,9.0,Under 11 m,2.6,7,1979,55.147058823529406,KARLSØY,NORGE
1989002967,M 0001VN,MATS,Fiskefartøy,Kyst,8.47,Under 11 m,2.69,3,1984,47.79411764705882,VANYLVEN,NORGE
1989003759,T 0033KN,FLYFISK,Fiskefartøy,Kyst,9.0,Under 11 m,3.3,7,1987,58.8235294117647,KVÆNANGEN,NORGE
1989003953,M 0134F,MARILENA MI,Fiskefartøy,Kyst,19.01,"15-20,99 m",5.8,84,1989,294.11764705882354,HUSTADVIKA,NORGE
1989005179,VL0153AV,SKOLTAFJORD,Fiskefartøy,Kyst,14.99,"11-14,99 m",5.8,44,1989,294.11764705882354,AUSTEVOLL,NORGE
1989005341,N 0111V,TONE,Fiskefartøy,Kyst,9.45,Under 11 m,3.0,7,1974,58.8235294117647,VÅGAN,NORGE
1989005576,N 0036BØ,BALDER,Fiskefartøy,Kyst,10.22,Under 11 m,3.31,11,1982,93.38235294117646,BØ i Nordland,NORGE
1989006246,N 0032V,NORDBLINK,Fiskefartøy,Kyst,7.62,Under 11 m,2.71,7,1972,47.79411764705882,VÅGAN,NORGE
1989006475,F 0095NK,MÅLFRID,Fiskefartøy,Kyst,10.55,Under 11 m,4.1,12,1989,125.73529411764704,NORDKAPP,NORGE
1989009975,ST0122F,ØYAVÅG,Fiskefartøy,Kyst,10.62,Under 11 m,3.89,14,1979,119.11764705882352,FRØYA,NORGE
1989010077,T 0141LK,SENJAHAV,Fiskefartøy,Kyst,14.99,"11-14,99 m",5.5,25,1989,241.91176470588235,SENJA,NORGE
1989010547,TF0016NK,TORSHOLM,Fiskefartøy,Kyst,10.4,Under 11 m,3.15,8,1989,93.38235294117646,NORDKAPP,NORGE
1989011308,N 0048LN,RINØY,Fiskefartøy,Kyst,10.62,Under 11 m,3.84,14,1982,155.1470588235294,LØDINGEN,NORGE
1990000355,VL0001A,FJORDBAS,Fiskefartøy,Kyst,10.98,Under 11 m,4.2,18,1986,139.70588235294116,ASKVOLL,NORGE
1990000498,F 0027VS,STEFFEN JUNIOR,Fiskefartøy,Kyst,10.35,Under 11 m,3.15,8,1978,86.02941176470587,VADSØ,NORGE
1990001906,N 0065H,VIKAJENTA,Fiskefartøy,Kyst,10.32,Under 11 m,2.96,9,1984,52.94117647058823,HADSEL,NORGE
1990002045,F 0077LB,SIMON,Fiskefartøy,Kyst,8.63,Under 11 m,2.71,6,1979,49.99999999999999,LEBESBY,NORGE
1990004459,N 0109A,MATS-ERIK,Fiskefartøy,Kyst større,22.5,"21-27,99 m",6.07,111,1979,382.35294117647055,ANDØY,NORGE
1990005397,N 0049ME,KASPER,Fiskefartøy,Kyst,7.58,Under 11 m,,4,1985,24.26470588235294,MELØY,NORGE
1990008795,T 0042LK,KVITHOLMEN,Fiskefartøy,Kyst,9.9,Under 11 m,3.0,10,1985,60.29411764705882,SENJA,NORGE
1990009532,M 0106H,KORALEN,Fiskefartøy,Hav,43.2,28 m og over ,8.0,521,1981,606.6176470588235,HARAM,NORGE
1990009884,N 0032F,LYSBØEN II,Fiskefartøy,Kyst større,20.25,"15-20,99 m",5.4,55,1990,386.02941176470586,FLAKSTAD,NORGE
1990010087,TF0134T,LUCAS,Fiskefartøy,Kyst,14.21,"11-14,99 m",4.37,23,1990,180.1470588235294,TROMSØ,NORGE
1990010281,F 0017LB,SISSEL,Fiskefartøy,Kyst,10.66,Under 11 m,3.62,12,1986,88.23529411764706,LEBESBY,NORGE
1990010590,N 0047V,ADEXA,Fiskefartøy,Kyst,10.63,Under 11 m,3.07,7,1980,102.94117647058823,VÅGAN,NORGE
1990011028,T 0103TK,LOKE,Fiskefartøy,Kyst,9.3,Under 11 m,3.1,7,1972,60.29411764705882,SENJA,NORGE
1990012523,TR0011H,ODDNY ANITA,Fiskefartøy,Kyst,10.95,Under 11 m,4.1,17,1980,211.02941176470586,HITRA,NORGE
1991003669,TF0013NK,RÅHOLM,Fiskefartøy,Kyst,8.82,Under 11 m,3.24,6,1990,66.17647058823529,NORDKAPP,NORGE
1991003736,N 0009ME,JULIE M,Fiskefartøy,Kyst,12.83,"11-14,99 m",3.96,17,1978,136.76470588235293,MELØY,NORGE
1991004106,TR0033F,INGRID,Fiskefartøy,Kyst,7.84,Under 11 m,2.74,4,1984,36.76470588235294,FRØYA,NORGE
1991004963,N 0004BL,LAILA-ANITA,Fiskefartøy,Kyst,8.08,Under 11 m,2.97,4,1985,36.76470588235294,BINDAL,NORGE
1991005091,NT0005NR,BIRGER JOHAN,Fiskefartøy,Kyst,9.81,Under 11 m,3.32,9,1991,59.55882352941176,NÆRØYSUND,NORGE
1991005092,N 0019BØ,EKKO,Fiskefartøy,Kyst,8.5,Under 11 m,2.9,6,1959,37.5,BØ i Nordland,NORGE
1991005267,TF0035HV,LYKKE,Fiskefartøy,Kyst,9.48,Under 11 m,3.08,7,1979,52.94117647058823,HASVIK,NORGE
1991005710,F 0071V,INE KRISTIN,Fiskefartøy,Kyst,8.86,Under 11 m,3.3,7,1980,52.94117647058823,VARDØ,NORGE
1991005902,TR0029AA,LANGHOLM,Fiskefartøy,Kyst,10.99,Under 11 m,3.57,10,1991,128.67647058823528,ÅFJORD,NORGE
1991005915,F 0006B,ADRIANA,Fiskefartøy,Kyst,10.65,Under 11 m,3.77,12,1985,179.41176470588235,BERLEVÅG,NORGE
1991005929,F 0010NK,STRØNSTADVÆRING,Fiskefartøy,Kyst,10.98,Under 11 m,3.88,14,1991,117.6470588235294,NORDKAPP,NORGE
1991006092,F 0115G,FENRIS,Fiskefartøy,Kyst,10.5,Under 11 m,3.46,11,1988,132.35294117647058,GAMVIK,NORGE
1991006504,TF0030NK,TULIPAN,Fiskefartøy,Kyst,9.44,Under 11 m,3.2,8,1981,88.23529411764706,NORDKAPP,NORGE
1991006516,N 0200HR,HEIMSKJÆR,Fiskefartøy,Kyst,10.06,Under 11 m,2.91,10,1985,52.94117647058823,HERØY i Nordland,NORGE
1991007016,N 0165H,STRANDEGGA,Fiskefartøy,Kyst,10.62,Under 11 m,3.89,14,1977,188.23529411764704,HADSEL,NORGE
1991007450,T 0258K,SOLGLIMT,Fiskefartøy,Kyst,10.57,Under 11 m,3.25,11,1975,85.29411764705881,KARLSØY,NORGE
1991007813,N 0001HM,SKARVHOLMEN,Fiskefartøy,Kyst,10.06,Under 11 m,3.05,6,1973,86.02941176470587,HAMARØY,NORGE
1991008785,R 0068K,ÅKRABUEN,Fiskefartøy,Kyst,10.0,Under 11 m,3.25,10,1991,73.52941176470588,KARMØY,NORGE
1991009695,N 0009BL,KJELLABUEN,Fiskefartøy,Kyst,7.84,Under 11 m,2.51,4,1979,27.941176470588232,BINDAL,NORGE
1991009838,M 0010SM,FRØY,Fiskefartøy,Kyst,10.63,Under 11 m,3.06,8,1981,88.23529411764706,SMØLA,NORGE
1991010740,T 0033T,LOFOTVÆRING,Fiskefartøy,Kyst større,23.1,"21-27,99 m",6.0,130,1991,441.17647058823525,TROMSØ,NORGE
1991010801,F 0001V,KEITA,Fiskefartøy,Kyst,9.27,Under 11 m,3.15,8,1981,113.23529411764704,VARDØ,NORGE
1991011108,F 0019HV,VILKAS,Fiskefartøy,Kyst,9.35,Under 11 m,2.92,5,1985,99.99999999999999,HASVIK,NORGE
1991011728,F 0061V,FJORDFISK,Fiskefartøy,Kyst,6.92,Under 11 m,2.4,2,1981,25.735294117647058,VARDØ,NORGE
1991012242,N 0126V,LANGBÅEN,Fiskefartøy,Kyst,10.62,Under 11 m,3.89,14,1976,117.6470588235294,VÅGAN,NORGE
1992000540,N 0038SO,ARIEL,Fiskefartøy,Kyst,10.6,Under 11 m,3.41,12,1976,123.52941176470587,SORTLAND,NORGE
1992001372,T 0101LK,SKJEGGESTEIN,Fiskefartøy,Kyst,8.73,Under 11 m,2.68,4,1986,95.58823529411764,SENJA,NORGE
1992001552,F 0020N,TOR EINAR,Fiskefartøy,Kyst,10.39,Under 11 m,3.35,11,1982,95.58823529411764,NESSEBY,NORGE
1992001651,TF0004BD,SØRING,Fiskefartøy,Kyst,10.99,Under 11 m,3.78,10,1976,160.2941176470588,BÅTSFJORD,NORGE
1992001757,F 0040G,NORDSTJERNA,Fiskefartøy,Kyst,12.96,"11-14,99 m",3.92,18,1992,139.70588235294116,GAMVIK,NORGE
1992002596,TF0062SE,STEINAVÆR,Fiskefartøy,Kyst,10.37,Under 11 m,3.2,7,1982,99.26470588235293,SENJA,NORGE
1992002817,N 0071G,M-SVENDSEN,Fiskefartøy,Kyst,12.2,"11-14,99 m",4.18,19,1986,113.97058823529412,GILDESKÅL,NORGE
1992002881,N 0150A,FREDRIK,Fiskefartøy,Kyst,10.5,Under 11 m,3.81,12,1992,86.02941176470587,ANDØY,NORGE
1992003683,F 0246NK,KLAKKEN,Fiskefartøy,Kyst,10.5,Under 11 m,3.08,10,1977,84.55882352941175,NORDKAPP,NORGE
1992003721,SF0003A,ALBACORE,Fiskefartøy,Kyst større,26.13,"21-27,99 m",6.7,181,1988,573.5294117647059,ASKVOLL,NORGE
1992003859,N 0024DA,ØYNES,Fiskefartøy,Kyst,8.7,Under 11 m,3.2,8,1982,99.26470588235293,DØNNA,NORGE
1992003894,TF0028V,SANDEIMAT,Fiskefartøy,Kyst,9.45,Under 11 m,3.2,7,1971,69.85294117647058,VARDØ,NORGE
1992004161,M 0058A,CAPELLA,Fiskefartøy,Kyst,10.04,Under 11 m,3.22,8,1981,51.470588235294116,ÅLESUND,NORGE
1992004299,VA0017F,HIDRASKJÆR,Fiskefartøy,Kyst,14.1,"11-14,99 m",5.03,30,1992,232.35294117647058,FLEKKEFJORD,NORGE
1992004331,ST0007T,EMIL,Fiskefartøy,Kyst,9.5,Under 11 m,3.2,8,1983,111.76470588235293,TRONDHEIM,NORGE
1992004674,VL0065FJ,TANTE BERIT,Fiskefartøy,Kyst,10.66,Under 11 m,3.9,12,1986,80.1470588235294,FITJAR,NORGE
1992004869,M 0494HØ,SANDER,Fiskefartøy,Kyst,9.5,Under 11 m,3.2,9,1981,52.94117647058823,HERØY i Møre og Romsdal,NORGE
1992005495,N 0026VV,VIKSTJERNA,Fiskefartøy,Kyst,10.24,Under 11 m,3.22,8,1982,49.99999999999999,VESTVÅGØY,NORGE
1992005553,TF0100L,SANDRUPSON,Fiskefartøy,Kyst,12.99,"11-14,99 m",4.15,17,1978,114.70588235294117,LYNGEN,NORGE
1992006145,TR0085H,TINE MERETHE,Fiskefartøy,Kyst,10.38,Under 11 m,3.41,11,1983,136.02941176470588,HITRA,NORGE
1992007451,T 0100T,BÅRAGUTT,Fiskefartøy,Hav,44.78,28 m og over ,9.5,667,1987,448.52941176470586,TROMSØ,NORGE
1992007762,F 0026N,IDA,Fiskefartøy,Kyst,7.74,Under 11 m,2.75,6,1981,69.85294117647058,NESSEBY,NORGE
1992008197,NT0072NR,MARØYSKJÆR,Fiskefartøy,Kyst,12.34,"11-14,99 m",4.34,23,1982,132.35294117647058,NÆRØYSUND,NORGE
1992008246,TF0039K,WIOL,Fiskefartøy,Kyst,10.63,Under 11 m,3.22,11,1987,112.49999999999999,KARLSØY,NORGE
1992008787,R 0069K,VEIDING,Fiskefartøy,Kyst større,27.4,"21-27,99 m",6.1,178,1969,312.5,KARMØY,NORGE
1992009319,SF0085V,TORILL,Fiskefartøy,Kyst,10.99,Under 11 m,3.9,11,1984,132.35294117647058,KINN,NORGE
1992012244,T 0373T,RENNEBÅEN,Fiskefartøy,Kyst,10.05,Under 11 m,3.55,10,1988,147.05882352941177,TROMSØ,NORGE
1992012647,F 0014SV,DANSKEN,Fiskefartøy,Kyst,14.92,"11-14,99 m",5.42,72,1987,269.85294117647055,SØR-VARANGER,NORGE
1993000273,M 0003F,HELLSKJÆR,Fiskefartøy,Kyst større,23.56,"21-27,99 m",7.3,195,1993,367.6470588235294,HUSTADVIKA,NORGE
1993000606,N 0058L,HALDORSON,Fiskefartøy,Kyst,14.23,"11-14,99 m",5.02,23,1992,279.4117647058823,LURØY,NORGE
1993000816,N 0100R,ÆGIR,Fiskefartøy,Kyst,14.13,"11-14,99 m",4.16,16,1993,227.94117647058823,RØDØY,NORGE
1993001472,N 0021V,ANGELICA,Fiskefartøy,Kyst,12.08,"11-14,99 m",3.5,12,1984,96.3235294117647,VÅGAN,NORGE
1993002080,N 0057ME,BRUTUS,Fiskefartøy,Kyst,9.04,Under 11 m,3.3,7,1984,117.6470588235294,MELØY,NORGE
1993002532,N 0029Ø,CASPER,Fiskefartøy,Kyst,7.7,Under 11 m,2.7,4,1985,55.147058823529406,ØKSNES,NORGE
1993002598,ST0185R,JENNY,Fiskefartøy,Kyst,12.08,"11-14,99 m",3.82,11,1985,112.49999999999999,ÅFJORD,NORGE
1993002616,TF0003H,ELIN,Fiskefartøy,Kyst,10.18,Under 11 m,3.2,8,1980,132.35294117647058,HAMMERFEST,NORGE
1993003528,TR0004ND,HAVTIND,Fiskefartøy,Kyst,10.4,Under 11 m,3.2,9,1983,75.0,NÆRØYSUND,NORGE
1993003542,TR0005T,MALIN,Fiskefartøy,Kyst,10.66,Under 11 m,3.47,12,1993,139.70588235294116,TRONDHEIM,NORGE
1993004836,M 0081F,BUAGUTT,Fiskefartøy,Kyst,10.01,Under 11 m,3.48,9,1986,99.26470588235293,HUSTADVIKA,NORGE
1993004958,TF0026A,VIVI MARIE,Fiskefartøy,Kyst,10.62,Under 11 m,4.2,14,1984,183.8235294117647,ALTA,NORGE
1993006293,N 0042G,KORAL,Fiskefartøy,Kyst,8.8,Under 11 m,3.2,6,1993,111.76470588235293,GILDESKÅL,NORGE
1993006506,ST0018T,NAMI,Fiskefartøy,Kyst,10.62,Under 11 m,3.89,17,1976,96.3235294117647,TRONDHEIM,NORGE
1993006750,N 0033VV,IDA ELISE,Fiskefartøy,Kyst større,27.15,"21-27,99 m",7.0,176,1993,683.8235294117646,VESTVÅGØY,NORGE
1993007231,TF0018BD,MINIBANKEN,Fiskefartøy,Kyst,10.05,Under 11 m,2.95,8,1973,136.02941176470588,BÅTSFJORD,NORGE
1993008161,T 0004S,TONØY,Fiskefartøy,Kyst,10.6,Under 11 m,3.9,9,1986,85.29411764705881,SKJERVØY,NORGE
1993008353,TF0051LB,KJÆMTIND,Fiskefartøy,Kyst,10.11,Under 11 m,3.02,6,1968,73.52941176470588,LEBESBY,NORGE
1993009303,TR0081F,HALTENFISK,Fiskefartøy,Kyst,12.2,"11-14,99 m",4.18,19,1987,183.8235294117647,FRØYA,NORGE
1993009664,TF0031HV,MARIA,Fiskefartøy,Kyst,9.45,Under 11 m,3.04,7,1979,42.647058823529406,HASVIK,NORGE
1993009682,R 0038K,EGGØY,Fiskefartøy,Kyst,10.45,Under 11 m,3.28,9,1981,84.55882352941175,KARMØY,NORGE
1993010013,NT0233V,ODIN OLIVER,Fiskefartøy,Kyst,10.64,Under 11 m,3.65,14,1981,111.76470588235293,NÆRØYSUND,NORGE
1993010104,F 0046SV,LUSKIN,Fiskefartøy,Kyst,10.21,Under 11 m,3.6,9,1962,95.58823529411764,SØR-VARANGER,NORGE
1993010150,N 0070Ø,MEA,Fiskefartøy,Kyst,19.95,"15-20,99 m",5.5,91,1988,242.6470588235294,ØKSNES,NORGE
1993010153,T 0005BG,FJORDFANGST,Fiskefartøy,Kyst,10.02,Under 11 m,2.98,6,1985,58.8235294117647,SENJA,NORGE
1993010808,N 0038L,NESØYFJORD,Fiskefartøy,Kyst,10.61,Under 11 m,3.87,14,1977,132.35294117647058,LURØY,NORGE
1993010858,N 0086ME,RAYMITA,Fiskefartøy,Kyst,10.35,Under 11 m,3.87,11,1986,96.3235294117647,MELØY,NORGE
1993010966,T 0194S,RENATO III,Fiskefartøy,Kyst,10.4,Under 11 m,3.45,11,1987,84.55882352941175,SKJERVØY,NORGE
1993011113,T 0119KN,NYEGGA,Fiskefartøy,Kyst,9.65,Under 11 m,2.97,9,1983,58.8235294117647,KVÆNANGEN,NORGE
1994000097,F 0225NK,THOR-MAGNAR,Fiskefartøy,Kyst,10.6,Under 11 m,3.1,12,1994,95.58823529411764,NORDKAPP,NORGE
1994000341,N 0090ME,HORNTIND,Fiskefartøy,Kyst,10.6,Under 11 m,4.1,18,1989,117.6470588235294,MELØY,NORGE
1994001863,TF0002KN,PLUTO,Fiskefartøy,Kyst,10.58,Under 11 m,3.06,12,1981,116.17647058823529,KVÆNANGEN,NORGE
1994001903,N 0091L,DENNIS OLAI,Fiskefartøy,Kyst,14.23,"11-14,99 m",3.97,23,1994,180.1470588235294,LURØY,NORGE
1994001992,F 0063NK,STIG-RUNE,Fiskefartøy,Kyst,10.65,Under 11 m,3.95,12,1986,96.3235294117647,NORDKAPP,NORGE
1994002604,H 0003FS,FJORDVÅG,Samfiskefartøy,Kyst,14.2,"11-14,99 m",4.2,23,1993,197.05882352941174,BJØRNAFJORDEN,NORGE
1994002608,M 0004S,FØNIKS,Samfiskefartøy,Kyst,14.77,"11-14,99 m",5.8,25,1987,404.4117647058823,SANDE i Møre og Romsdal,NORGE
1994003167,M 0025F,MALIN,Fiskefartøy,Kyst,10.25,Under 11 m,3.25,11,1994,99.26470588235293,HUSTADVIKA,NORGE
1994003398,H 0120B,TOR,Fiskefartøy,Kyst,7.9,Under 11 m,2.83,4,1986,84.55882352941175,BØMLO,NORGE
1994003608,N 0100VV,OVESEN JR,Fiskefartøy,Kyst,10.61,Under 11 m,3.16,8,1981,89.70588235294117,VESTVÅGØY,NORGE
1994003756,M 0015U,VÅGEBRIS,Fiskefartøy,Kyst,7.8,Under 11 m,2.74,5,1976,44.11764705882353,ULSTEIN,NORGE
1994003766,M 0015G,GODØYGUTT,Fiskefartøy,Kyst,10.05,Under 11 m,3.46,10,1982,83.8235294117647,GISKE,NORGE
1994004137,M 0006A,SYLTEBAS,Fiskefartøy,Kyst,7.5,Under 11 m,2.6,3,1979,37.5,ÅLESUND,NORGE
1994004211,TR0100NL,FRAM,Fiskefartøy,Kyst,10.64,Under 11 m,3.41,10,1978,111.76470588235293,NAMSOS,NORGE
1994004224,M 0068F,OLEMANN,Fiskefartøy,Kyst,7.99,Under 11 m,2.58,4,1969,25.735294117647058,HUSTADVIKA,NORGE
1994004595,TF0012G,HANS,Fiskefartøy,Kyst,14.97,"11-14,99 m",5.4,25,1994,330.88235294117646,GAMVIK,NORGE
1994004742,M 0219G,AMANDA,Fiskefartøy,Kyst,10.55,Under 11 m,3.46,12,1987,95.58823529411764,GISKE,NORGE
1994005126,F 0073HV,KNUT M,Fiskefartøy,Kyst,13.54,"11-14,99 m",4.56,20,1993,180.1470588235294,HASVIK,NORGE
1994005250,N 0049BØ,FLOHOLMEN,Fiskefartøy,Kyst,10.62,Under 11 m,4.07,14,1980,148.52941176470588,BØ i Nordland,NORGE
1994005255,N 0016BR,SJÅVIKBUEN,Fiskefartøy,Kyst,9.72,Under 11 m,3.41,11,1977,75.0,BRØNNØY,NORGE
1994005878,N 0047VA,TORGVÆRING,Fiskefartøy,Kyst,10.65,Under 11 m,3.06,8,1976,93.38235294117646,VEGA,NORGE
1994005894,F 0014BD,NEPTUN,Fiskefartøy,Kyst,10.56,Under 11 m,2.95,15,1994,220.58823529411762,BÅTSFJORD,NORGE
1994006227,N 0074R,HÅVARD,Fiskefartøy,Kyst,9.27,Under 11 m,3.15,8,1980,52.94117647058823,RØDØY,NORGE
1994006255,F 0006P,FJORDBRIS,Fiskefartøy,Kyst,10.47,Under 11 m,3.4,9,1986,99.26470588235293,PORSANGER,NORGE
1994006450,N 0093F,HILMARSON,Fiskefartøy,Kyst,10.6,Under 11 m,3.1,9,1986,123.52941176470587,FLAKSTAD,NORGE
1994007122,F 0042P,RAMGRUNN,Fiskefartøy,Kyst,10.98,Under 11 m,3.7,11,1970,125.73529411764704,PORSANGER,NORGE
1994007316,N 0034A,TROLLTIND,Fiskefartøy,Kyst,12.98,"11-14,99 m",4.3,21,1994,114.70588235294117,ANDØY,NORGE
1994007407,N 0050G,SVENDSEN SENIOR,Fiskefartøy,Kyst,14.93,"11-14,99 m",4.52,22,1987,233.08823529411762,GILDESKÅL,NORGE
1994007575,T 0301T,SKAGØY,Fiskefartøy,Kyst,14.29,"11-14,99 m",4.34,23,1982,199.99999999999997,TROMSØ,NORGE
1994007732,N 0280HR,SLÅTTERØY,Fiskefartøy,Kyst,10.55,Under 11 m,3.46,12,1986,220.58823529411762,HERØY i Nordland,NORGE
1994008065,NT0018F,VALCO,Fiskefartøy,Kyst,7.99,Under 11 m,2.71,5,1980,49.99999999999999,FLATANGER,NORGE
1994008209,N 0017A,LAUPEN,Fiskefartøy,Kyst,10.56,Under 11 m,3.89,12,1994,183.8235294117647,ANDØY,NORGE
1994008805,M 0040G,CATOR 1,Fiskefartøy,Kyst,10.49,Under 11 m,3.75,9,1975,94.11764705882352,GISKE,NORGE
1994009134,N 0048A,ANDØYVÆRING,Fiskefartøy,Kyst,10.4,Under 11 m,3.2,9,1983,91.91176470588235,ANDØY,NORGE
1994009712,F 0049BD,ROLF JH,Fiskefartøy,Kyst,10.01,Under 11 m,2.98,9,1986,57.35294117647059,BÅTSFJORD,NORGE
1994010251,F 0011P,HAVKATT,Fiskefartøy,Kyst,10.66,Under 11 m,5.54,4,1990,147.05882352941177,PORSANGER,NORGE
1994010633,T 0051K,BURØY,Fiskefartøy,Kyst,10.6,Under 11 m,4.1,12,1993,139.70588235294116,KARLSØY,NORGE
1994011036,TF0023H,SØRØYGUTT,Fiskefartøy,Kyst,10.11,Under 11 m,3.42,8,1971,9.558823529411764,HAMMERFEST,NORGE
1994012392,TF0111A,AMANDA,Fiskefartøy,Kyst,8.4,Under 11 m,3.0,3,1986,77.20588235294117,ALTA,NORGE
1994012673,R 0001ES,LOMVIEN,Fiskefartøy,Kyst,7.7,Under 11 m,2.65,6,1988,47.79411764705882,EIGERSUND,NORGE
1995000099,N 0015BØ,TUSSBØEN,Fiskefartøy,Kyst,10.55,Under 11 m,3.46,11,1995,111.76470588235293,BØ i Nordland,NORGE
1995000313,TR0012T,EDGAR,Fiskefartøy,Kyst,9.35,Under 11 m,2.82,9,1988,99.26470588235293,TRONDHEIM,NORGE
1995000429,T 0022S,ULØYBUEN,Fiskefartøy,Kyst,12.2,"11-14,99 m",4.18,19,1987,123.52941176470587,SKJERVØY,NORGE
1995000612,N 0017HR,FØYKEN,Fiskefartøy,Kyst,7.24,Under 11 m,2.66,3,1981,44.11764705882353,HERØY i Nordland,NORGE
1995000739,F 0078A,RAMSKJÆR,Fiskefartøy,Kyst,11.65,"11-14,99 m",3.51,16,1984,99.26470588235293,ALTA,NORGE
1995001342,N 0014SG,SPANTA,Fiskefartøy,Kyst,10.6,Under 11 m,4.2,12,1992,112.49999999999999,STEIGEN,NORGE
1995001496,TF0111BD,PER ROGER,Fiskefartøy,Kyst,10.87,Under 11 m,3.8,20,1983,183.8235294117647,BÅTSFJORD,NORGE
1995001742,TF0076NK,HORNGRUNN,Fiskefartøy,Kyst,10.66,Under 11 m,4.17,12,1996,117.6470588235294,NORDKAPP,NORGE
1995002067,F 0073M,FRIDA K,Fiskefartøy,Kyst,10.65,Under 11 m,3.4,10,1980,95.58823529411764,MÅSØY,NORGE
1995002087,TF0008TN,TORILL,Fiskefartøy,Kyst,7.13,Under 11 m,2.6,3,1995,35.29411764705882,TANA,NORGE
1995002486,F 0149H,KAJA MARIE,Fiskefartøy,Kyst,12.2,"11-14,99 m",4.18,19,1986,117.6470588235294,HAMMERFEST,NORGE
1995002506,F 0154SV,ESKIL,Fiskefartøy,Kyst,10.66,Under 11 m,4.01,14,1978,93.38235294117646,SØR-VARANGER,NORGE
1995002582,N 0112BR,KVEINSJØ,Fiskefartøy,Kyst,10.62,Under 11 m,3.89,14,1976,93.38235294117646,BRØNNØY,NORGE
1995003300,N 0076SO,NEMINE,Fiskefartøy,Kyst,10.45,Under 11 m,3.3,10,1982,95.58823529411764,SORTLAND,NORGE
1995003569,N 0032ME,SMARAGD,Fiskefartøy,Kyst,10.35,Under 11 m,3.3,11,1989,124.99999999999999,MELØY,NORGE
1995003742,M 0014SA,RUSKEN,Fiskefartøy,Kyst,10.65,Under 11 m,3.34,10,1954,110.29411764705881,SULA,NORGE
1995003791,M 0019AE,KNOTT,Fiskefartøy,Kyst,9.8,Under 11 m,3.5,9,1993,99.26470588235293,AURE,NORGE
1995004242,TF0001HV,STRANDAR,Fiskefartøy,Kyst,10.6,Under 11 m,3.8,10,1985,99.26470588235293,HASVIK,NORGE
1995004275,TF0001SD,RANDI MARIE,Fiskefartøy,Kyst,10.25,Under 11 m,3.3,11,1995,220.58823529411762,STORFJORD,NORGE
1995004663,M 0179F,TRYM,Fiskefartøy,Kyst,10.55,Under 11 m,3.35,10,1983,102.94117647058823,HUSTADVIKA,NORGE
1995004821,M 0340HØ,SKAGEN,Fiskefartøy,Kyst,7.99,Under 11 m,2.74,6,1987,102.94117647058823,HERØY i Møre og Romsdal,NORGE
1995004860,TR0012ND,SANDVÆR,Fiskefartøy,Kyst,9.02,Under 11 m,3.23,7,1984,43.38235294117647,NÆRØYSUND,NORGE
1995004953,VL0095B,VIKAR 1,Fiskefartøy,Kyst,10.97,Under 11 m,3.57,18,1995,235.2941176470588,BØMLO,NORGE
1995005068,F 0038H,RYPEFJORD,Fiskefartøy,Hav,53.1,28 m og over ,12.0,1199,1994,2647.0588235294117,HAMMERFEST,NORGE
1995005134,N 0010HR,NYHAV,Fiskefartøy,Kyst,10.55,Under 11 m,3.46,11,1995,111.76470588235293,HERØY i Nordland,NORGE
1995005223,F 0200V,KRISON,Fiskefartøy,Kyst,10.48,Under 11 m,3.26,10,1979,86.02941176470587,VARDØ,NORGE
1995005548,NT0208V,HAVLINER,Fiskefartøy,Kyst,10.98,Under 11 m,3.6,14,1995,111.76470588235293,NÆRØYSUND,NORGE
1995005955,T 0068K,SIMSON,Fiskefartøy,Kyst,7.36,Under 11 m,2.6,3,1983,95.58823529411764,KARLSØY,NORGE
1995006069,N 0060Ø,ØYLAND,Fiskefartøy,Kyst,14.6,"11-14,99 m",4.3,19,1952,183.8235294117647,ØKSNES,NORGE
1995006354,F 0555NK,TRIO,Samfiskefartøy,Kyst,12.98,"11-14,99 m",4.18,19,1987,264.70588235294116,NORDKAPP,NORGE
1995006698,F 0600NK,TRIO,Fiskefartøy,Kyst,10.5,Under 11 m,3.42,8,1982,77.20588235294117,NORDKAPP,NORGE
1995007137,N 0026DA,ANNE-MARIE,Fiskefartøy,Kyst,10.14,Under 11 m,3.07,9,1988,58.8235294117647,DØNNA,NORGE
1995007441,TF0002LB,PRIMA,Fiskefartøy,Kyst,10.16,Under 11 m,3.1,10,1985,52.94117647058823,LEBESBY,NORGE
1995008228,N 0001AH,SVARTSKJÆR,Fiskefartøy,Kyst,12.83,"11-14,99 m",3.96,17,1978,128.67647058823528,ALSTAHAUG,NORGE
1995008368,M 0330SM,BJØRNSTEIN,Fiskefartøy,Kyst,18.19,"15-20,99 m",5.3,57,1995,257.35294117647055,SMØLA,NORGE
1995008373,N 0005R,NESØYFISK,Fiskefartøy,Kyst,14.82,"11-14,99 m",5.09,25,1990,227.94117647058823,RØDØY,NORGE
1995008374,F 0030V,ANDØYFISK,Fiskefartøy,Kyst større,20.93,"15-20,99 m",6.2,120,1995,323.52941176470586,VARDØ,NORGE
1995008998,SF0038SU,SOLYS,Fiskefartøy,Kyst,9.85,Under 11 m,3.34,10,1979,110.29411764705881,SOLUND,NORGE
1995009035,F 0186H,EIDVÅGFISK,Fiskefartøy,Kyst større,21.25,"21-27,99 m",6.5,148,1986,691.1764705882352,HAMMERFEST,NORGE
1995009266,T 0009K,VANNØYVÆRINGEN,Fiskefartøy,Kyst,14.8,"11-14,99 m",5.27,25,1993,297.7941176470588,KARLSØY,NORGE
1995010273,N 0056A,MAGNA,Fiskefartøy,Kyst,12.12,"11-14,99 m",3.95,18,1995,183.8235294117647,ANDØY,NORGE
1995010488,T 0166T,ØYVÆRING,Fiskefartøy,Kyst,12.98,"11-14,99 m",4.06,19,1989,150.0,TROMSØ,NORGE
1995010690,N 0006R,FJORDFISK,Fiskefartøy,Kyst,7.8,Under 11 m,2.6,4,1993,29.41176470588235,RØDØY,NORGE
1995010921,TF0039M,VATERFJORD,Fiskefartøy,Kyst,10.6,Under 11 m,3.12,11,1995,165.44117647058823,MÅSØY,NORGE
1995011117,T 0120I,MAJA IREN,Fiskefartøy,Kyst,10.4,Under 11 m,3.2,11,1983,84.55882352941175,IBESTAD,NORGE
1995011471,N 0013HR,EDITH HELENE,Fiskefartøy,Kyst,10.62,Under 11 m,3.89,15,1983,111.76470588235293,HERØY i Nordland,NORGE
1995011543,T 0330K,ERGO,Fiskefartøy,Kyst,10.65,Under 11 m,3.4,13,1969,111.76470588235293,KARLSØY,NORGE
1996000076,M 0043HØ,MAIA,Fiskefartøy,Kyst,12.13,"11-14,99 m",3.95,18,1996,139.70588235294116,HERØY i Møre og Romsdal,NORGE
1996000116,F 0006NK,TJ FISK,Fiskefartøy,Kyst,9.45,Under 11 m,3.05,7,1975,93.38235294117646,NORDKAPP,NORGE
1996000335,N 0026A,JAN OSKAR,Fiskefartøy,Kyst,12.83,"11-14,99 m",3.96,18,1978,114.70588235294117,ANDØY,NORGE
1996000812,N 0190BR,MÅKEN,Fiskefartøy,Kyst,9.48,Under 11 m,3.2,7,1977,93.38235294117646,BRØNNØY,NORGE
1996000982,F 0056V,SIRI ELISE,Fiskefartøy,Kyst,10.5,Under 11 m,2.9,12,1996,99.26470588235293,VARDØ,NORGE
1996001990,M 0003AV,HILDE IREN,Fiskefartøy,Kyst,14.99,"11-14,99 m",5.55,25,1996,360.2941176470588,AVERØY,NORGE
1996003293,F 0085NK,ANNE METTE,Fiskefartøy,Kyst,8.3,Under 11 m,2.65,5,1996,93.38235294117646,NORDKAPP,NORGE
1996003632,N 0029HR,THERESE IREN,Fiskefartøy,Kyst,10.24,Under 11 m,3.29,9,1982,58.8235294117647,HERØY i Nordland,NORGE
1996004124,M 0053G,ARTHUR,Fiskefartøy,Kyst,8.68,Under 11 m,2.9,6,1982,79.41176470588235,GISKE,NORGE
1996004599,TR0028ND,SOJ SENIOR,Fiskefartøy,Kyst,10.59,Under 11 m,4.1,12,1993,128.67647058823528,NÆRØYSUND,NORGE
1996004708,TR0006ND,LISA HELENE,Fiskefartøy,Kyst,10.6,Under 11 m,4.05,13,1975,122.79411764705881,NÆRØYSUND,NORGE
1996004747,TF0019HV,SEATTLE,Fiskefartøy,Kyst,10.96,Under 11 m,3.8,15,1985,113.23529411764704,HASVIK,NORGE
1996005224,TF0037SE,TENNESVÆRING,Fiskefartøy,Kyst større,20.18,"15-20,99 m",5.9,69,1995,404.4117647058823,SENJA,NORGE
1996005344,N 0019VS,KEN-ELIN,Fiskefartøy,Kyst,10.55,Under 11 m,3.46,12,1996,111.76470588235293,VEVELSTAD,NORGE
1996005413,N 0023H,MONICA,Fiskefartøy,Kyst,10.18,Under 11 m,2.91,11,1984,84.55882352941175,HADSEL,NORGE
1996005787,M 0017SM,STEINARSON,Fiskefartøy,Kyst,10.55,Under 11 m,3.46,11,1990,130.88235294117646,SMØLA,NORGE
1996005804,N 0305V,VOLLEN II,Fiskefartøy,Kyst,12.2,"11-14,99 m",4.18,18,1986,117.6470588235294,VÅGAN,NORGE
1996006100,N 0190A,VILJAR,Fiskefartøy,Kyst,12.0,"11-14,99 m",3.47,12,1996,111.76470588235293,ANDØY,NORGE
1996006444,R 0047K,KVARTNES,Fiskefartøy,Kyst,12.0,"11-14,99 m",3.61,18,1996,117.6470588235294,KARMØY,NORGE
1996006501,TF0020B,NIMROD,Fiskefartøy,Kyst,8.63,Under 11 m,2.71,6,1973,62.49999999999999,BERLEVÅG,NORGE
1996006632,F 0068V,LINDFISK,Fiskefartøy,Kyst,12.83,"11-14,99 m",3.96,17,1979,191.17647058823528,VARDØ,NORGE
1996006986,M 0026HØ,BRATTSKJÆR,Fiskefartøy,Kyst,14.88,"11-14,99 m",5.75,25,1996,264.70588235294116,HERØY i Møre og Romsdal,NORGE
1996007191,R 0007SD,BØEN,Fiskefartøy,Hav,56.2,28 m og over ,12.0,1200,1996,1959.5588235294117,SULDAL,NORGE
1996007479,TR0079F,VESTERBØEN,Fiskefartøy,Kyst,14.95,"11-14,99 m",4.79,24,1985,227.94117647058823,FRØYA,NORGE
1996008342,NT0260V,JANNE-LISE,Fiskefartøy,Kyst,9.52,Under 11 m,3.72,9,1980,88.23529411764706,NÆRØYSUND,NORGE
1996008370,N 0077R,ISBJØRN,Fiskefartøy,Kyst,10.89,Under 11 m,4.25,15,1996,183.8235294117647,RØDØY,NORGE
1996008380,F 0020B,TRIN EVEN,Fiskefartøy,Kyst,10.65,Under 11 m,4.01,12,1994,88.23529411764706,BERLEVÅG,NORGE
1996008561,R 0013HA,ALF MAGNE,Fiskefartøy,Kyst,6.9,Under 11 m,1.75,2,1980,20.588235294117645,HÅ,NORGE
1996008740,TR0004H,AUKAN,Fiskefartøy,Kyst,10.07,Under 11 m,3.36,6,1981,73.52941176470588,HITRA,NORGE
1996009353,F 0108M,ADELEN S,Fiskefartøy,Kyst,9.89,Under 11 m,3.59,10,1990,84.55882352941175,MÅSØY,NORGE
1996009415,TF0051V,LILLE PERLE,Fiskefartøy,Kyst,7.88,Under 11 m,2.61,4,1992,36.76470588235294,VARDØ,NORGE
1996009732,TF0103NK,HERKULES,Fiskefartøy,Kyst,10.66,Under 11 m,3.61,12,1996,111.76470588235293,NORDKAPP,NORGE
1996009853,ST0043AA,BERGEBUEN,Fiskefartøy,Kyst,14.16,"11-14,99 m",4.4,24,1996,183.8235294117647,ÅFJORD,NORGE
1996009857,N 0285V,NICOLINE,Fiskefartøy,Kyst,12.9,"11-14,99 m",3.96,17,1981,154.41176470588235,VÅGAN,NORGE
1996010015,N 0073BR,MONICA M,Fiskefartøy,Kyst,10.96,Under 11 m,2.91,9,1985,58.8235294117647,BRØNNØY,NORGE
1996010298,T 0017LK,MEIBEL,Fiskefartøy,Kyst,8.05,Under 11 m,2.85,4,1975,39.705882352941174,SENJA,NORGE
1996010508,VL0007KI,STRANDHOLM,Fiskefartøy,Kyst,10.62,Under 11 m,3.89,14,1975,132.35294117647058,KINN,NORGE
1996010843,TF0046A,FRIDA LINNEA,Fiskefartøy,Kyst,9.97,Under 11 m,2.99,8,1974,92.6470588235294,ALTA,NORGE
1996010864,N 0090A,NORHAV,Fiskefartøy,Kyst,10.54,Under 11 m,3.67,12,1986,85.29411764705881,ANDØY,NORGE
1996010976,F 0250NK,ERIK ANDRE,Fiskefartøy,Kyst,9.51,Under 11 m,3.41,11,1977,85.29411764705881,NORDKAPP,NORGE
1996011105,TF0001KD,DUPPEN,Fiskefartøy,Kyst,10.14,Under 11 m,3.2,10,1981,99.26470588235293,KÅFJORD,NORGE
1996011620,T 0250TK,KRISTOFFER,Fiskefartøy,Kyst,12.01,"11-14,99 m",4.1,18,1996,261.02941176470586,SENJA,NORGE
1996012582,F 0093NK,ELIN,Fiskefartøy,Kyst,8.85,Under 11 m,3.25,7,1995,67.6470588235294,NORDKAPP,NORGE
1996012649,R 0040SK,SØNNAVIND,Fiskefartøy,Kyst større,26.2,"21-27,99 m",6.4,182,1988,734.5588235294117,SOKNDAL,NORGE
1997000416,M 0078HØ,STORHAV,Fiskefartøy,Kyst,14.98,"11-14,99 m",5.4,24,1989,183.8235294117647,HERØY i Møre og Romsdal,NORGE
1997000569,TR0021ND,NORVEIG,Fiskefartøy,Kyst,14.16,"11-14,99 m",4.4,25,1997,183.8235294117647,NÆRØYSUND,NORGE
1997000859,N 0044A,HAVBRÅTT I,Fiskefartøy,Kyst større,20.99,"15-20,99 m",6.0,97,1974,345.5882352941176,ANDØY,NORGE
1997000888,H 0021S,BOGASUND,Fiskefartøy,Kyst,19.79,"15-20,99 m",7.0,137,1988,371.3235294117647,ØYGARDEN,NORGE
1997001018,AG0008FS,SEBULON,Fiskefartøy,Kyst,18.4,"15-20,99 m",6.1,73,1986,441.17647058823525,FARSUND,NORGE
1997001376,F 0035VS,DELFIN,Fiskefartøy,Kyst,10.65,Under 11 m,4.17,13,1997,111.76470588235293,VADSØ,NORGE
1997001547,F 0020G,JØRGEN,Fiskefartøy,Kyst,9.48,Under 11 m,3.16,7,1981,102.20588235294117,GAMVIK,NORGE
1997001922,F 0057G,FJORDBUEN,Fiskefartøy,Kyst,10.6,Under 11 m,3.8,12,1994,95.58823529411764,GAMVIK,NORGE
1997002371,VL0074S,STÅLHOLM,Fiskefartøy,Kyst,10.98,Under 11 m,3.72,15,1997,113.97058823529412,STAD,NORGE
1997002406,F 0101BD,SYLVIA,Fiskefartøy,Kyst,10.05,Under 11 m,3.35,8,1956,165.44117647058823,BÅTSFJORD,NORGE
1997002848,VL0025ØN,BARHOLM,Fiskefartøy,Kyst større,30.0,28 m og over ,8.6,338,1997,724.2647058823529,ØYGARDEN,NORGE
1997003131,H 0033K,RASK,Fiskefartøy,Kyst,7.7,Under 11 m,3.15,6,1983,95.58823529411764,KVINNHERAD,NORGE
1997003177,N 0058MS,KVALVIK,Samfiskefartøy,Kyst,14.99,"11-14,99 m",5.89,25,1997,213.97058823529412,MOSKENES,NORGE
1997003371,H 0102B,GULLBAS,Fiskefartøy,Kyst,7.97,Under 11 m,3.1,5,1997,80.88235294117646,BØMLO,NORGE
1997003689,NT0120V,VESTHAV,Fiskefartøy,Kyst,10.35,Under 11 m,3.3,12,1982,99.26470588235293,NÆRØYSUND,NORGE
1997003718,M 0005HD,VINGHOLM,Fiskefartøy,Kyst,7.99,Under 11 m,2.95,5,1984,63.23529411764705,HAREID,NORGE
1997003816,F 0126L,IDA-MOR,Fiskefartøy,Kyst,9.27,Under 11 m,3.15,8,1982,55.882352941176464,LOPPA,NORGE
1997003984,M 0011G,BAUTAR,Fiskefartøy,Hav,33.95,28 m og over ,10.3,536,1997,1889.705882352941,GISKE,NORGE
1997004171,TF0026G,LURINGEN,Fiskefartøy,Kyst,10.25,Under 11 m,2.96,8,1973,110.29411764705881,GAMVIK,NORGE
1997004215,N 0666VV,LOFOTFANGST,Fiskefartøy,Hav,34.25,28 m og over ,9.0,470,1997,1117.6470588235293,VESTVÅGØY,NORGE
1997004530,VL0085ØN,HØYLANDSJENTO,Fiskefartøy,Kyst,10.62,Under 11 m,3.06,8,1987,99.26470588235293,ØYGARDEN,NORGE
1997004871,SF0090S,FJELLMØY,Fiskefartøy,Hav,44.85,28 m og over ,10.5,935,1997,1117.6470588235293,STAD,NORGE
1997004874,M 0033G,VESTFISK,Fiskefartøy,Hav,39.2,28 m og over ,8.5,526,1980,551.470588235294,GISKE,NORGE
1997005011,N 0216VR,TRIO,Fiskefartøy,Kyst større,27.41,"21-27,99 m",6.99,245,1987,691.1764705882352,VÆRØY,NORGE
1997005079,N 0067HR,FISKØY,Fiskefartøy,Kyst større,20.98,"15-20,99 m",6.57,123,1997,375.0,HERØY i Nordland,NORGE
1997005164,N 0034F,BRATTHOLMEN,Fiskefartøy,Kyst,14.74,"11-14,99 m",5.05,24,1997,228.67647058823528,FLAKSTAD,NORGE
1997005526,TF0200V,JENNY,Fiskefartøy,Kyst,10.62,Under 11 m,3.05,6,1973,102.94117647058823,VARDØ,NORGE
1997005656,N 0025TN,HILDE HELENE,Fiskefartøy,Kyst,9.45,Under 11 m,3.06,9,1978,84.55882352941175,TRÆNA,NORGE
1997005911,N 0050AH,ULVANGSØY,Fiskefartøy,Kyst,14.0,"11-14,99 m",4.4,23,1995,199.99999999999997,ALSTAHAUG,NORGE
1997005967,N 0061A,SIGURD,Fiskefartøy,Kyst,8.38,Under 11 m,2.51,5,1986,66.17647058823529,ANDØY,NORGE
1997006460,N 0094A,WESTEGG,Fiskefartøy,Kyst,10.61,Under 11 m,3.41,12,1977,128.67647058823528,ANDØY,NORGE
1997006661,N 0092BR,JOSEFIN,Fiskefartøy,Kyst,9.45,Under 11 m,3.2,7,1982,117.6470588235294,BRØNNØY,NORGE
1997007701,TF0025V,RISVÆR,Fiskefartøy,Kyst,10.66,Under 11 m,3.41,12,1980,114.70588235294117,VARDØ,NORGE
1997008475,TF0100LB,MAYA,Fiskefartøy,Kyst,10.6,Under 11 m,2.94,10,1991,128.67647058823528,LEBESBY,NORGE
1997008777,SF0011V,TIN,Fiskefartøy,Kyst,10.65,Under 11 m,3.89,12,1989,147.05882352941177,KINN,NORGE
1997008794,N 0086BR,HELLEFISK,Fiskefartøy,Kyst,9.36,Under 11 m,3.06,8,1982,102.20588235294117,BRØNNØY,NORGE
1997009718,R 0014S,COYGFISK JR,Fiskefartøy,Kyst,10.66,Under 11 m,3.63,12,1997,132.35294117647058,STAVANGER,NORGE
1997009989,F 0071HV,LAGUN,Fiskefartøy,Kyst,9.59,Under 11 m,3.31,8,1977,55.147058823529406,HASVIK,NORGE
1997010375,N 0060R,VALVÆRGUTT,Fiskefartøy,Kyst,10.64,Under 11 m,3.41,10,1977,84.55882352941175,RØDØY,NORGE
1997011233,TF0098V,RONJA,Fiskefartøy,Kyst,10.63,Under 11 m,3.75,12,1987,129.41176470588235,VARDØ,NORGE
1997011988,TF0034NK,SULAGUTT,Fiskefartøy,Kyst,7.99,Under 11 m,2.87,5,1985,66.17647058823529,NORDKAPP,NORGE
1997012498,TF0067LB,BARNA,Fiskefartøy,Kyst,10.03,Under 11 m,3.0,11,1986,84.55882352941175,LEBESBY,NORGE
1997012516,N 0070TN,TOPAS,Fiskefartøy,Kyst,10.55,Under 11 m,3.46,11,1997,117.6470588235294,TRÆNA,NORGE
1998000127,TF0056LB,SKAGANES,Fiskefartøy,Kyst,9.45,Under 11 m,3.06,8,1977,62.49999999999999,LEBESBY,NORGE
1998000208,T 0190T,KLEIVA,Fiskefartøy,Kyst,9.1,Under 11 m,3.25,7,1982,62.49999999999999,TROMSØ,NORGE
1998000276,TR0010V,ELDORADO,Fiskefartøy,Kyst,9.2,Under 11 m,3.12,6,1984,58.8235294117647,NÆRØYSUND,NORGE
1998000711,H 0095B,SILVER BAY,Fiskefartøy,Kyst større,23.55,"21-27,99 m",6.5,126,1968,441.17647058823525,BØMLO,NORGE
1998000963,M 0033MD,HUSAR,Fiskefartøy,Kyst,10.4,Under 11 m,3.0,12,1996,235.2941176470588,MOLDE,NORGE
1998001095,R 0110K,SOFFI,Fiskefartøy,Kyst,10.6,Under 11 m,4.42,12,1998,228.67647058823528,KARMØY,NORGE
1998001475,F 0005B,JOHANNE,Fiskefartøy,Kyst,10.6,Under 11 m,4.0,12,1996,126.4705882352941,BERLEVÅG,NORGE
1998001497,F 0042B,BERLEVÅGJENTA,Fiskefartøy,Kyst,14.78,"11-14,99 m",4.54,24,1970,235.2941176470588,BERLEVÅG,NORGE
1998001689,F 0033M,ROLVSØYVÆRING,Fiskefartøy,Kyst,12.15,"11-14,99 m",3.95,18,1993,180.1470588235294,MÅSØY,NORGE
1998001871,F 0005BD,LENE CHRISTIN,Fiskefartøy,Kyst,7.97,Under 11 m,2.8,5,1984,40.44117647058823,BÅTSFJORD,NORGE
1998001933,N 0183VV,EMIL ANDRE,Fiskefartøy,Kyst,9.45,Under 11 m,3.05,7,1974,95.58823529411764,VESTVÅGØY,NORGE
1998001962,T 0118S,ISBÅEN,Samfiskefartøy,Kyst,10.62,Under 11 m,3.89,14,1982,128.67647058823528,SKJERVØY,NORGE
1998001975,TF0045SE,DØNNING,Samfiskefartøy,Kyst,14.99,"11-14,99 m",4.55,24,1982,175.0,SENJA,NORGE
1998002019,F 0064LB,GUNNAR,Fiskefartøy,Kyst,8.2,Under 11 m,2.8,5,1972,49.99999999999999,LEBESBY,NORGE
1998002056,F 0083BD,NY-VIKING,Fiskefartøy,Kyst,10.01,Under 11 m,3.44,9,1978,102.20588235294117,BÅTSFJORD,NORGE
1998002428,T 0019SA,KARL MARTIN,Fiskefartøy,Kyst,10.62,Under 11 m,3.89,14,1978,117.6470588235294,SØRREISA,NORGE
1998002441,VL0015A,KYSTBAS,Fiskefartøy,Kyst,14.9,"11-14,99 m",5.75,43,1987,330.88235294117646,ASKVOLL,NORGE
1998002849,N 0024A,SOLVÆRØY,Fiskefartøy,Kyst,10.45,Under 11 m,3.77,11,1987,99.26470588235293,ANDØY,NORGE
1998003085,H 0027B,STØFRINGSHAUG JUNIOR,Fiskefartøy,Kyst,8.84,Under 11 m,3.7,7,1984,84.55882352941175,BØMLO,NORGE
1998003525,R 0022B,HÅFLU,Fiskefartøy,Hav,42.5,28 m og over ,9.6,598,1991,1200.0,BOKN,NORGE
1998003628,M 0161AV,O.HUSBY,Fiskefartøy,Hav,51.7,28 m og over ,9.0,928,1998,808.8235294117646,AVERØY,NORGE
1998003719,N 0044BØ,SYCLON,Fiskefartøy,Kyst,14.98,"11-14,99 m",5.03,24,1985,227.94117647058823,BØ i Nordland,NORGE
1998003827,N 0007SG,FJORDBRIS,Fiskefartøy,Kyst,10.62,Under 11 m,3.89,12,1975,111.76470588235293,STEIGEN,NORGE
1998003868,M 0026K,GRIPAR,Fiskefartøy,Kyst,10.98,Under 11 m,3.58,20,1998,111.76470588235293,KRISTIANSUND,NORGE
1998004204,VL0042KI,HENDANES JR,Fiskefartøy,Kyst,11.05,"11-14,99 m",3.46,11,1986,113.23529411764704,KINN,NORGE
1998004587,N 0026BR,MAJA,Fiskefartøy,Kyst,12.34,"11-14,99 m",3.86,16,1986,96.3235294117647,BRØNNØY,NORGE
1998004668,TF0008BD,JÆRBUEN,Fiskefartøy,Kyst,10.29,Under 11 m,3.28,8,1989,99.26470588235293,BÅTSFJORD,NORGE
1998005013,F 0245NK,HAUGSJØ,Fiskefartøy,Kyst,10.61,Under 11 m,3.6,15,1977,130.88235294117646,NORDKAPP,NORGE
1998005026,M 0009F,JUNO,Fiskefartøy,Kyst,9.5,Under 11 m,3.05,8,1998,235.2941176470588,HUSTADVIKA,NORGE
1998005080,TF0038H,NORMA,Fiskefartøy,Kyst,9.45,Under 11 m,3.06,8,1982,75.0,HAMMERFEST,NORGE
1998005090,N 0008TN,UTVÆR,Fiskefartøy,Kyst,12.2,"11-14,99 m",4.18,19,1986,180.1470588235294,TRÆNA,NORGE
1998005104,F 0024SV,SOLBRIS,Fiskefartøy,Kyst,9.97,Under 11 m,2.95,10,1986,58.8235294117647,SØR-VARANGER,NORGE
1998005141,N 0223BR,ODIN,Fiskefartøy,Kyst,10.65,Under 11 m,3.6,12,1998,111.76470588235293,BRØNNØY,NORGE
1998005473,N 0025VV,SKOLMEN,Fiskefartøy,Kyst større,27.42,"21-27,99 m",8.5,340,1998,735.2941176470588,VESTVÅGØY,NORGE
1998005591,N 0031TN,TRÆLBØEN,Fiskefartøy,Kyst,9.24,Under 11 m,3.22,9,1985,55.882352941176464,TRÆNA,NORGE
1998006198,F 0178G,UNN KRISTIN,Samfiskefartøy,Kyst,12.71,"11-14,99 m",4.27,18,1995,152.20588235294116,GAMVIK,NORGE
1998006348,F 0023V,ONSØYGUTT II,Fiskefartøy,Kyst,10.18,Under 11 m,3.36,8,1972,113.23529411764704,VARDØ,NORGE
1998006423,N 0160R,VALVÆRGUTT,Fiskefartøy,Kyst,10.54,Under 11 m,4.1,18,1986,96.3235294117647,RØDØY,NORGE
1998006522,F 0029H,HAVØRNA,Fiskefartøy,Kyst,14.96,"11-14,99 m",5.44,25,1998,352.94117647058823,HAMMERFEST,NORGE
1998006587,NT0010NR,GULLFISK,Fiskefartøy,Kyst,9.45,Under 11 m,3.05,7,1974,73.52941176470588,NÆRØYSUND,NORGE
1998006635,N 0144VV,VERONICA JOSEPHINE,Fiskefartøy,Kyst,10.53,Under 11 m,3.62,12,1998,111.76470588235293,VESTVÅGØY,NORGE
1998007304,F 0003SV,LUNA,Fiskefartøy,Kyst,10.05,Under 11 m,3.0,10,1987,58.8235294117647,SØR-VARANGER,NORGE
1998007373,N 0240B,HORISONT,Fiskefartøy,Kyst,14.92,"11-14,99 m",5.54,25,1998,272.05882352941177,BODØ,NORGE
1998007707,F 0037V,LINDFISK,Fiskefartøy,Kyst,12.83,"11-14,99 m",3.96,17,1978,198.52941176470586,VARDØ,NORGE
1998007779,TF0033A,RAMCE,Fiskefartøy,Kyst,10.6,Under 11 m,3.9,7,1986,93.38235294117646,ALTA,NORGE
1998007816,TR0045ND,VALØYTIND,Fiskefartøy,Kyst,14.96,"11-14,99 m",5.51,25,1998,330.88235294117646,NÆRØYSUND,NORGE
1998008153,TF0047M,ORCA,Fiskefartøy,Kyst,10.57,Under 11 m,3.08,12,1998,224.26470588235293,MÅSØY,NORGE
1998008157,M 0101AV,BAKKE JR,Fiskefartøy,Kyst større,20.99,"15-20,99 m",6.85,180,1998,441.17647058823525,AVERØY,NORGE
1998008686,R 0033SK,SANDSBUEN,Fiskefartøy,Kyst,12.02,"11-14,99 m",3.81,18,1989,124.99999999999999,SOKNDAL,NORGE
1998008880,ST0002O,RAMBO,Fiskefartøy,Kyst,10.66,Under 11 m,3.8,12,1988,113.23529411764704,OSEN,NORGE
1998008981,F 0129NK,RAMPEN,Fiskefartøy,Kyst,10.62,Under 11 m,3.32,15,1982,73.52941176470588,NORDKAPP,NORGE
1998009098,T 0022T,TRÅLFISK,Fiskefartøy,Kyst,12.02,"11-14,99 m",4.32,18,1992,150.73529411764704,TROMSØ,NORGE
1998009113,M 0001U,HAVGLIMT,Fiskefartøy,Kyst,14.17,"11-14,99 m",4.45,23,1998,180.1470588235294,ULSTEIN,NORGE
1998009164,N 0052R,HANNA CAROLINE,Fiskefartøy,Kyst,10.4,Under 11 m,3.2,9,1983,111.76470588235293,RØDØY,NORGE
1998009552,SF0227V,NYKEN,Fiskefartøy,Kyst,9.7,Under 11 m,3.2,9,1982,84.55882352941175,KINN,NORGE
1998009739,N 0079TN,SANDFLÆSA,Fiskefartøy,Kyst,10.72,Under 11 m,3.87,14,1976,132.35294117647058,TRÆNA,NORGE
1998009863,N 0008BØ,HAVSULA,Fiskefartøy,Kyst,10.66,Under 11 m,4.05,12,1994,187.5,BØ i Nordland,NORGE
1998010708,T 0107LK,RENNEBUEN,Fiskefartøy,Kyst,5.3,Under 11 m,1.85,,1993,18.38235294117647,SENJA,NORGE
1998011358,N 0170H,TJELDUNGEN,Fiskefartøy,Kyst,10.11,Under 11 m,3.2,8,1984,99.26470588235293,HADSEL,NORGE
1998011535,TF0010B,KRABAT,Fiskefartøy,Kyst,7.98,Under 11 m,2.55,4,1980,58.8235294117647,BERLEVÅG,NORGE
1998012393,TK0025BL,SANTOS,Fiskefartøy,Kyst,10.09,Under 11 m,3.37,10,1974,202.20588235294116,BAMBLE,NORGE
1998012408,F 0219NK,STILIAN,Fiskefartøy,Kyst,9.78,Under 11 m,3.64,9,1978,62.49999999999999,NORDKAPP,NORGE
1998012457,H 0060B,SANTOS,Fiskefartøy,Kyst,10.55,Under 11 m,4.1,16,1985,257.35294117647055,BØMLO,NORGE
1998012575,M 0039G,ORBIT,Fiskefartøy,Kyst,10.65,Under 11 m,3.6,10,1998,111.76470588235293,GISKE,NORGE
1998012689,TF0004NK,FRYD,Fiskefartøy,Kyst,9.6,Under 11 m,3.1,9,1996,158.08823529411762,NORDKAPP,NORGE
1998012857,VA0081LS,STORVIG,Fiskefartøy,Kyst større,23.95,"21-27,99 m",7.6,207,1998,530.8823529411765,LINDESNES,NORGE
1999000150,N 0025VS,INGRID-KRISTINE,Fiskefartøy,Kyst,10.2,Under 11 m,3.26,11,1982,77.94117647058823,VEVELSTAD,NORGE
1999000395,F 0100A,FRØYA MARIE,Fiskefartøy,Kyst,12.34,"11-14,99 m",4.34,23,1981,216.17647058823528,ALTA,NORGE
1999000568,M 0350SM,SØRBØEN,Fiskefartøy,Kyst større,29.9,28 m og over ,8.0,272,1985,698.5294117647059,SMØLA,NORGE
1999000698,TF0027H,MORILD,Fiskefartøy,Kyst,9.25,Under 11 m,3.2,8,1984,9.558823529411764,HAMMERFEST,NORGE
1999000794,ST0052H,HITTERVÆRING,Fiskefartøy,Kyst,14.99,"11-14,99 m",4.58,32,1987,220.58823529411762,HITRA,NORGE
1999001389,F 0028N,AMANDA,Fiskefartøy,Kyst,7.84,Under 11 m,2.9,4,1984,31.617647058823525,NESSEBY,NORGE
1999001431,F 0010B,DYPFJORD,Fiskefartøy,Kyst større,22.91,"21-27,99 m",7.82,177,1999,441.17647058823525,BERLEVÅG,NORGE
1999001435,M 0002S,HAUGSTAD,Fiskefartøy,Kyst,14.82,"11-14,99 m",5.41,25,1999,274.2647058823529,SANDE i Møre og Romsdal,NORGE
1999001513,N 0047VV,BÅTSFJORD,Fiskefartøy,Hav,50.2,28 m og over ,12.2,1190,1999,2867.6470588235293,VESTVÅGØY,NORGE
1999001534,TF0002LA,LOPPATIND,Fiskefartøy,Kyst,10.62,Under 11 m,3.89,14,1975,88.23529411764706,LOPPA,NORGE
1999001677,TF0068LB,TØMMERVIK,Fiskefartøy,Kyst,7.62,Under 11 m,2.45,3,1970,34.55882352941176,LEBESBY,NORGE
1999001777,TF0096NK,MILO,Fiskefartøy,Kyst,10.08,Under 11 m,3.43,10,1981,80.1470588235294,NORDKAPP,NORGE
1999001960,F 0022NK,BØRNES,Fiskefartøy,Kyst større,20.99,"15-20,99 m",6.5,100,1999,404.4117647058823,NORDKAPP,NORGE
1999002396,N 0144Ø,INGRID,Fiskefartøy,Kyst,12.26,"11-14,99 m",3.71,19,1991,180.1470588235294,ØKSNES,NORGE
1999002686,N 0143V,IDA BEATE,Fiskefartøy,Kyst,14.94,"11-14,99 m",5.05,24,1987,264.70588235294116,VÅGAN,NORGE
1999002713,N 0087Ø,ØKSNESVÆRING,Fiskefartøy,Kyst større,27.98,"21-27,99 m",8.5,326,1999,745.5882352941176,ØKSNES,NORGE
1999002885,M 0049SM,ANDREA,Fiskefartøy,Kyst,9.04,Under 11 m,3.2,7,1982,45.588235294117645,SMØLA,NORGE
1999003014,T 0099LK,FJORDCAT,Fiskefartøy,Kyst,10.52,Under 11 m,2.95,12,1999,154.41176470588235,SENJA,NORGE
1999003262,H 0062S,BOGASKJÆR,Fiskefartøy,Kyst,14.98,"11-14,99 m",5.03,24,1999,294.11764705882354,ØYGARDEN,NORGE
1999003323,VL0184SU,SJARMØR,Fiskefartøy,Hav,61.75,28 m og over ,11.6,1192,1999,2757.3529411764703,SOLUND,NORGE
1999003640,M 0010ØG,STORSEISUND,Fiskefartøy,Kyst,10.03,Under 11 m,3.4,9,1978,99.26470588235293,ÅLESUND,NORGE
1999003691,F 0041V,SILEGG,Fiskefartøy,Kyst,10.6,Under 11 m,3.8,10,1987,124.99999999999999,VARDØ,NORGE
1999003712,M 0012G,LORAN,Fiskefartøy,Hav,51.2,28 m og over ,11.0,1292,1999,1470.5882352941176,GISKE,NORGE
1999003821,M 0149F,FREKØY,Fiskefartøy,Kyst,11.47,"11-14,99 m",3.6,15,1999,128.67647058823528,HUSTADVIKA,NORGE
1999003840,VL0014A,PLØY,Fiskefartøy,Kyst,14.94,"11-14,99 m",5.61,25,1999,338.9705882352941,ASKVOLL,NORGE
1999003872,TF0045HV,SAVANNAH,Fiskefartøy,Kyst,10.07,Under 11 m,3.37,10,1995,113.23529411764704,HASVIK,NORGE
1999004234,T 0070KN,DUNVIK,Fiskefartøy,Kyst,9.45,Under 11 m,3.06,8,1981,61.764705882352935,KVÆNANGEN,NORGE
1999004246,M 0071G,NESBAKK,Fiskefartøy,Hav,44.8,28 m og over ,11.0,1184,1999,1117.6470588235293,GISKE,NORGE
1999004390,F 0095H,INGVARDSON,Fiskefartøy,Kyst større,20.95,"15-20,99 m",6.5,149,1991,536.7647058823529,HAMMERFEST,NORGE
1999004885,N 0107V,OLE OSKAR,Fiskefartøy,Kyst større,26.2,"21-27,99 m",8.0,236,1985,720.5882352941176,VÅGAN,NORGE
1999005151,TF0120NK,MÅRTIND,Fiskefartøy,Kyst,8.62,Under 11 m,2.64,7,1973,60.29411764705882,NORDKAPP,NORGE
1999005431,TF0024VS,LYSØY,Fiskefartøy,Kyst,9.57,Under 11 m,3.17,8,1979,94.11764705882352,VADSØ,NORGE
1999005603,N 0026BØ,LOKKØYVÆRING,Fiskefartøy,Kyst,10.01,Under 11 m,2.99,8,1983,80.88235294117646,BØ i Nordland,NORGE
1999005712,N 0057Ø,ORION,Fiskefartøy,Kyst,10.66,Under 11 m,3.51,10,1999,128.67647058823528,ØKSNES,NORGE
1999005885,TF0025B,FELICIA,Fiskefartøy,Kyst,9.03,Under 11 m,2.85,7,1987,51.470588235294116,BERLEVÅG,NORGE
1999005930,N 0066ME,NYEGGA,Fiskefartøy,Kyst,8.7,Under 11 m,3.2,8,1982,99.26470588235293,MELØY,NORGE
1999006223,TF0015G,LISTER,Fiskefartøy,Kyst,7.99,Under 11 m,3.05,4,1960,55.882352941176464,GAMVIK,NORGE
1999006302,N 0068L,FANGST,Fiskefartøy,Kyst,9.24,Under 11 m,3.22,7,1995,73.52941176470588,LURØY,NORGE
1999006371,N 0001HR,CAMILLA,Fiskefartøy,Kyst,10.64,Under 11 m,3.0,10,1985,76.47058823529412,HERØY i Nordland,NORGE
1999006736,TF0068NK,SKARSVÅG,Fiskefartøy,Kyst,10.52,Under 11 m,3.8,12,1978,123.52941176470587,NORDKAPP,NORGE
1999006843,F 0059M,ROLVSØYHAV,Fiskefartøy,Kyst,10.66,Under 11 m,4.14,18,1976,134.55882352941177,MÅSØY,NORGE
1999007181,N 0009A,JANNE-MARIE,Fiskefartøy,Kyst,10.02,Under 11 m,3.18,10,1998,85.29411764705881,ANDØY,NORGE
1999007368,TF0005NA,SEVA,Fiskefartøy,Kyst,10.26,Under 11 m,3.07,7,1980,63.23529411764705,NORDREISA,NORGE
1999007551,F 0056BD,RAGNAR LODBROK,Fiskefartøy,Kyst,9.7,Under 11 m,3.4,11,1979,128.67647058823528,BÅTSFJORD,NORGE
1999008412,NT0500V,TRØNDERBAS,Fiskefartøy,Hav,68.25,28 m og over ,14.0,2213,1999,5514.7058823529405,NÆRØYSUND,NORGE
1999008413,R 0182K,VICMA,Fiskefartøy,Kyst,10.98,Under 11 m,4.5,51,1999,272.05882352941177,KARMØY,NORGE
1999009104,M 0042AK,AUKRAVÆRING,Fiskefartøy,Kyst,10.31,Under 11 m,3.35,12,1992,93.38235294117646,AUKRA,NORGE
1999009130,N 0079HR,MARIANNE,Fiskefartøy,Kyst,10.62,Under 11 m,3.85,16,1993,111.76470588235293,HERØY i Nordland,NORGE
1999009151,F 0142NK,HARDY-GUTTEN,Fiskefartøy,Kyst,7.86,Under 11 m,2.54,4,1980,32.35294117647059,NORDKAPP,NORGE
1999009217,TF0041NK,SELMA,Fiskefartøy,Kyst,10.98,Under 11 m,3.02,12,1985,77.20588235294117,NORDKAPP,NORGE
1999009281,VL0055A,ATLØY VIKING,Fiskefartøy,Hav,33.76,28 m og over ,9.0,499,1999,745.5882352941176,ASKVOLL,NORGE
1999009328,H 0170B,LAILA,Fiskefartøy,Kyst,9.93,Under 11 m,3.18,10,1981,86.02941176470587,BØMLO,NORGE
1999010151,F 0107NK,STENSØY,Fiskefartøy,Kyst,10.36,Under 11 m,3.22,9,1978,110.29411764705881,NORDKAPP,NORGE
1999010280,SF0010S,ARGO JUNIOR,Fiskefartøy,Kyst,14.95,"11-14,99 m",5.33,24,1999,231.6176470588235,STAD,NORGE
1999010651,T 0053SE,KIM ROBIN,Fiskefartøy,Kyst,10.38,Under 11 m,3.26,10,1982,52.94117647058823,SENJA,NORGE
1999010693,TF0029LB,NORDTIND,Fiskefartøy,Kyst,10.53,Under 11 m,4.15,12,1999,128.67647058823528,LEBESBY,NORGE
1999010785,N 0141Ø,SOFIE MARIE,Fiskefartøy,Kyst,10.25,Under 11 m,3.3,11,1986,169.1176470588235,ØKSNES,NORGE
1999010936,M 0045F,PERO,Fiskefartøy,Kyst,7.65,Under 11 m,2.5,3,1984,58.8235294117647,HUSTADVIKA,NORGE
1999010977,N 0082A,TRITON,Samfiskefartøy,Kyst,14.6,"11-14,99 m",4.3,23,1981,147.05882352941177,ANDØY,NORGE
1999011018,N 0034AH,FRØGRUNN,Fiskefartøy,Kyst,10.66,Under 11 m,3.1,12,1986,58.8235294117647,ALSTAHAUG,NORGE
1999011605,TR0001ND,PEIK,Fiskefartøy,Kyst,9.86,Under 11 m,3.2,8,1982,111.76470588235293,NÆRØYSUND,NORGE
1999011741,TF0026BD,VIKTORIJA,Fiskefartøy,Kyst,9.04,Under 11 m,2.45,7,1982,80.88235294117646,BÅTSFJORD,NORGE
1999012033,T 0501LK,HALLVARDSON,Fiskefartøy,Kyst større,20.99,"15-20,99 m",7.0,144,1988,397.0588235294117,SENJA,NORGE
1999012721,R 0200K,OLAUG,Fiskefartøy,Kyst,12.52,"11-14,99 m",3.73,10,1995,183.8235294117647,KARMØY,NORGE
1999013090,M 0085HØ,STORHOLM,Fiskefartøy,Kyst,14.7,"11-14,99 m",5.05,12,1999,386.02941176470586,HERØY i Møre og Romsdal,NORGE
1999013351,TF0046SE,LANGNESØYR,Fiskefartøy,Kyst,10.66,Under 11 m,3.64,12,1999,113.23529411764704,SENJA,NORGE
2000000179,M 0034F,VÅGØY,Fiskefartøy,Kyst,12.83,"11-14,99 m",3.96,17,1977,117.6470588235294,HUSTADVIKA,NORGE
2000000211,M 0022A,HOFF JR,Fiskefartøy,Kyst,7.4,Under 11 m,2.5,3,1986,47.79411764705882,ÅLESUND,NORGE
2000000824,M 0003A,KNAPPEN,Fiskefartøy,Kyst,9.73,Under 11 m,3.28,9,1987,66.17647058823529,ÅLESUND,NORGE
2000013195,F 0211NK,MATHILDE,Fiskefartøy,Kyst,10.55,Under 11 m,3.4,10,2000,113.23529411764704,NORDKAPP,NORGE
2000013199,R 0022ST,KASPAR,Fiskefartøy,Kyst,12.95,"11-14,99 m",4.61,20,2000,213.97058823529412,STRAND,NORGE
2000013220,T 0002KD,JAN PETER,Fiskefartøy,Kyst,7.21,Under 11 m,2.56,3,1986,32.35294117647059,KÅFJORD,NORGE
2000013263,F 0167A,SJØPIA,Fiskefartøy,Kyst,10.49,Under 11 m,3.14,12,2000,227.94117647058823,ALTA,NORGE
2000013274,VL0063AV,HARGO,Fiskefartøy,Hav,61.75,28 m og over ,11.6,1190,2000,2757.3529411764703,AUSTEVOLL,NORGE
2000013290,H 0016B,KVIKK 2,Fiskefartøy,Kyst,10.6,Under 11 m,3.9,12,1986,111.76470588235293,BØMLO,NORGE
2000013297,H 0175B,BØMMELBAS,Fiskefartøy,Hav,61.54,28 m og over ,11.6,1206,2000,2757.3529411764703,BØMLO,NORGE
2000013333,M 0008GS,EVA,Fiskefartøy,Kyst,10.5,Under 11 m,2.95,12,2000,235.2941176470588,GJEMNES,NORGE
2000013339,N 0030H,VESTTIND,Fiskefartøy,Hav,60.0,28 m og over ,14.0,2255,2000,5522.058823529412,HADSEL,NORGE
2000013360,R 0010TV,BORGØYEN,Fiskefartøy,Kyst,7.7,Under 11 m,2.7,4,2000,88.23529411764706,TYSVÆR,NORGE
2000013380,M 0406H,KORALHAV,Fiskefartøy,Hav,39.94,28 m og over ,10.58,850,2000,959.5588235294117,ÅLESUND,NORGE
2000013414,TF0024HV,RØSTJENTA,Fiskefartøy,Kyst,14.97,"11-14,99 m",5.33,25,2000,264.70588235294116,HASVIK,NORGE
2000013434,H 0009FJ,SIGLEVIK,Fiskefartøy,Kyst,11.35,"11-14,99 m",3.45,14,2000,133.8235294117647,FITJAR,NORGE
2000013481,N 0109BØ,NYGRUNN,Fiskefartøy,Kyst,12.24,"11-14,99 m",4.56,19,1999,183.8235294117647,BØ i Nordland,NORGE
2000013517,SF0246A,HILLERSØY,Fiskefartøy,Hav,36.34,28 m og over ,9.0,499,2000,746.3235294117646,ASKVOLL,NORGE
2000013547,TR0002NR,A-BAS,Fiskefartøy,Kyst,6.8,Under 11 m,2.4,2,1969,60.29411764705882,NÆRØYSUND,NORGE
2000013568,R 0005S,SANGIS,Fiskefartøy,Kyst,10.54,Under 11 m,4.63,12,2000,257.35294117647055,STAVANGER,NORGE
2000013581,R 0080ES,ROALDSEN,Fiskefartøy,Hav,58.92,28 m og over ,10.9,1185,1999,2397.0588235294117,EIGERSUND,NORGE
2000013592,SF0012F,BLUEFIN,Fiskefartøy,Hav,34.79,28 m og over ,7.5,331,2000,735.2941176470588,KINN,NORGE
2000013598,M 0070G,BULDRIAN,Fiskefartøy,Kyst,10.51,Under 11 m,3.0,10,1999,224.26470588235293,GISKE,NORGE
2000013623,T 0001H,J.BERGVOLL,Fiskefartøy,Hav,57.3,28 m og over ,12.6,1483,2000,2867.6470588235293,HARSTAD,NORGE
2000013631,F 0090A,YLVA MARIE,Fiskefartøy,Kyst,9.6,Under 11 m,2.89,8,1998,148.52941176470588,ALTA,NORGE
2000013646,VL0050AV,FLIPPER,Fiskefartøy,Kyst større,27.1,"21-27,99 m",8.0,259,2000,639.7058823529411,AUSTEVOLL,NORGE
2000013655,SF0069SU,BARSTEIN,Fiskefartøy,Kyst,14.94,"11-14,99 m",5.49,25,2000,301.4705882352941,SOLUND,NORGE
2000013801,M 0065G,SYNES,Fiskefartøy,Hav,54.6,28 m og over ,13.0,1498,2000,3676.4705882352937,GISKE,NORGE
2000013802,N 0014Ø,GUNNAR JARL,Fiskefartøy,Kyst større,20.95,"15-20,99 m",7.2,162,2000,529.4117647058823,ØKSNES,NORGE
2000013803,F 0043BD,ANDOPSVÆRING,Fiskefartøy,Kyst større,21.3,"21-27,99 m",7.2,162,2000,529.4117647058823,BÅTSFJORD,NORGE
2000013887,H 0001B,VIKØY,Fiskefartøy,Kyst,10.6,Under 11 m,3.9,,2000,113.23529411764704,BØMLO,NORGE
2000013901,N 0030BØ,VIKANFJORD,Fiskefartøy,Kyst,10.55,Under 11 m,3.46,11,2001,132.35294117647058,BØ i Nordland,NORGE
2001013921,ST0005F,FRØYSTEIN,Fiskefartøy,Kyst,18.05,"15-20,99 m",5.8,80,2000,347.7941176470588,FRØYA,NORGE
2001014101,N 0026MS,JARL INGE,Samfiskefartøy,Kyst,14.92,"11-14,99 m",5.45,,2001,302.20588235294116,MOSKENES,NORGE
2001014202,M 0013A,NYSTAD JR,Fiskefartøy,Kyst,10.64,Under 11 m,3.98,,2001,144.1176470588235,ÅLESUND,NORGE
2001014203,TF0039A,HAMNESBUEN,Fiskefartøy,Kyst,10.5,Under 11 m,3.82,,2001,154.41176470588235,ALTA,NORGE
2001014210,T 0290T,ALM,Fiskefartøy,Kyst,10.61,Under 11 m,3.42,,1984,77.94117647058823,TROMSØ,NORGE
2001014242,T 0014K,MARIANNE,Fiskefartøy,Kyst,14.95,"11-14,99 m",5.34,,2001,279.4117647058823,KARLSØY,NORGE
2001014363,F 0191NK,HELØYGUTT,Samfiskefartøy,Kyst,10.65,Under 11 m,4.18,,2001,120.58823529411764,NORDKAPP,NORGE
2001014402,SF0045A,BUEFJORD,Fiskefartøy,Hav,32.42,28 m og over ,8.85,429,2001,1117.6470588235293,ASKVOLL,NORGE
2001014449,M 0015RA,MÅNA,Fiskefartøy,Kyst,10.63,Under 11 m,3.85,,2001,80.1470588235294,RAUMA,NORGE
2001014463,M 0090F,NYMØRE,Fiskefartøy,Kyst,11.4,"11-14,99 m",3.63,,2001,128.67647058823528,HUSTADVIKA,NORGE
2001014526,F 0155VS,ELSE-K,Fiskefartøy,Kyst,12.9,"11-14,99 m",4.5,,2001,209.55882352941174,VADSØ,NORGE
2001014581,TR0035ND,BAKKEVÆRING,Fiskefartøy,Kyst større,27.43,"21-27,99 m",9.5,476,2001,750.0,NÆRØYSUND,NORGE
2001014708,TF0004V,HELGA,Fiskefartøy,Kyst,10.35,Under 11 m,3.4,,2001,301.4705882352941,VARDØ,NORGE
2001014761,M 0345A,STOREGG,Fiskefartøy,Kyst større,27.99,"21-27,99 m",8.0,320,2001,735.2941176470588,ÅLESUND,NORGE
2001014790,TF0034HV,JONE,Fiskefartøy,Kyst,7.65,Under 11 m,2.5,,1974,58.8235294117647,HASVIK,NORGE
2001014861,F 0441NK,KING NORDKAPP 1,Fiskefartøy,Kyst,12.98,"11-14,99 m",4.45,,2000,183.8235294117647,NORDKAPP,NORGE
2001014889,TF0006H,WIIKJENTA,Fiskefartøy,Kyst,7.47,Under 11 m,2.0,,1983,22.058823529411764,HAMMERFEST,NORGE
2001014894,TF0052K,RASA,Fiskefartøy,Kyst,10.25,Under 11 m,3.82,,2001,268.38235294117646,KARLSØY,NORGE
2001014946,TR0001AA,STJERNTIND,Fiskefartøy,Kyst,10.66,Under 11 m,4.64,,2001,183.8235294117647,ÅFJORD,NORGE
2001014982,N 0022A,NORSOL,Fiskefartøy,Kyst,12.06,"11-14,99 m",3.46,,2001,128.67647058823528,ANDØY,NORGE
2001015108,N 0084DA,ØYVÅGEN,Fiskefartøy,Kyst,10.3,Under 11 m,3.8,,2001,71.3235294117647,DØNNA,NORGE
2001015161,R 0003HA,MARIE EMILIE,Fiskefartøy,Kyst,16.1,"15-20,99 m",6.02,63,1992,338.235294117647,HÅ,NORGE
2001015162,TR0031ND,BAKKEVÆRING,Fiskefartøy,Kyst,18.25,"15-20,99 m",6.28,90,2001,367.6470588235294,NÆRØYSUND,NORGE
2001015241,F 0066BD,KILDIN,Fiskefartøy,Hav,37.36,28 m og over ,9.0,496,2001,735.2941176470588,BÅTSFJORD,NORGE
2001015341,TR0091AA,STORSTEIN,Fiskefartøy,Kyst større,27.3,"21-27,99 m",7.5,288,2001,529.4117647058823,ÅFJORD,NORGE
2001015483,N 0047ME,NORDLYS,Fiskefartøy,Kyst,10.7,Under 11 m,3.65,,2001,113.23529411764704,MELØY,NORGE
2001015541,H 0074AV,TALBOR,Fiskefartøy,Hav,64.0,28 m og over ,13.0,1514,2001,3529.411764705882,AUSTEVOLL,NORGE
2001015841,TR0200F,TESSA,Fiskefartøy,Kyst,12.2,"11-14,99 m",3.65,,2001,128.67647058823528,FRØYA,NORGE
2001015869,VL0074AV,HEVRØY,Fiskefartøy,Kyst,14.88,"11-14,99 m",5.35,,2001,294.11764705882354,AUSTEVOLL,NORGE
2001016062,SF0012S,LINDISFARNE,Fiskefartøy,Kyst,10.97,Under 11 m,3.6,,1998,220.58823529411762,STAD,NORGE
2001016261,TF0100A,JENS KRISTIAN,Fiskefartøy,Kyst større,27.3,"21-27,99 m",9.5,397,2001,1250.0,ALTA,NORGE
2001016302,VL0040B,SØRWAAG,Samfiskefartøy,Kyst,14.99,"11-14,99 m",6.0,,2001,348.52941176470586,BØMLO,NORGE
2001016401,F 0014H,DOGGI,Fiskefartøy,Hav,39.79,28 m og over ,10.5,691,2001,1838.2352941176468,HAMMERFEST,NORGE
2001016601,N 0007SO,OLAGUTT,Fiskefartøy,Hav,30.45,28 m og over ,8.5,344,2001,713.235294117647,SORTLAND,NORGE
2001016961,F 0075BD,WILFREDSON,Fiskefartøy,Kyst,10.3,Under 11 m,3.4,,2001,249.99999999999997,BÅTSFJORD,NORGE
2002016624,N 0145H,NYGRUND,Fiskefartøy,Kyst,10.54,Under 11 m,3.39,,2001,113.23529411764704,HADSEL,NORGE
2002016701,TF0031V,VILMA,Fiskefartøy,Kyst,10.1,Under 11 m,4.1,,1991,220.58823529411762,VARDØ,NORGE
2002016821,M 0040A,HAVELLA,Fiskefartøy,Kyst,14.98,"11-14,99 m",6.05,,2001,338.9705882352941,ÅLESUND,NORGE
2002016864,ST0075R,EIVÆRING,Fiskefartøy,Kyst,10.65,Under 11 m,3.64,,2002,113.23529411764704,ÅFJORD,NORGE
2002017008,F 0012M,INGØYVÆRING,Samfiskefartøy,Kyst,10.65,Under 11 m,4.13,,2002,128.67647058823528,MÅSØY,NORGE
2002017061,N 0146F,JUVEL,Fiskefartøy,Kyst,10.42,Under 11 m,3.4,,2002,249.99999999999997,FLAKSTAD,NORGE
2002017304,M 0020SA,KAROLENE,Fiskefartøy,Kyst,10.65,Under 11 m,3.65,,2002,113.23529411764704,SULA,NORGE
2002017387,T 0138S,KATLA,Fiskefartøy,Kyst,14.95,"11-14,99 m",5.94,54,2002,514.7058823529411,SKJERVØY,NORGE
2002017602,TF0040KN,NYLAND,Fiskefartøy,Kyst,10.5,Under 11 m,3.2,,2001,235.2941176470588,KVÆNANGEN,NORGE
2002017708,T 0040K,CHUBBA,Fiskefartøy,Kyst,10.28,Under 11 m,2.95,,2002,249.99999999999997,KARLSØY,NORGE
2002017741,T 0114T,FRUHOLMEN,Fiskefartøy,Kyst større,25.33,"21-27,99 m",6.7,177,2002,610.2941176470588,TROMSØ,NORGE
2002017901,AG0033K,SIGJO,Fiskefartøy,Kyst,10.63,Under 11 m,4.53,,2002,187.5,KRISTIANSAND,NORGE
2002017985,TF0019H,TEODOR,Fiskefartøy,Kyst,10.65,Under 11 m,3.75,,1984,198.52941176470586,HAMMERFEST,NORGE
2002018241,NT0186V,VIKNAFISK,Fiskefartøy,Kyst,10.6,Under 11 m,2.95,,2002,227.94117647058823,NÆRØYSUND,NORGE
2002018243,M 0043A,MARI,Fiskefartøy,Kyst,9.5,Under 11 m,3.3,,1990,229.41176470588235,ÅLESUND,NORGE
2002018423,N 0005BØ,NORBUEN,Fiskefartøy,Kyst,12.22,"11-14,99 m",4.52,,2002,160.2941176470588,BØ i Nordland,NORGE
2002018442,T 0032LK,JM SENIOR,Fiskefartøy,Kyst,10.71,Under 11 m,4.72,,2002,242.6470588235294,SENJA,NORGE
2002018461,TF0125A,ARCTIC SWAN,Fiskefartøy,Hav,64.0,28 m og over ,14.6,2580,2002,5998.529411764705,ALTA,NORGE
2002018505,M 0066F,SPRINT,Fiskefartøy,Kyst,10.55,Under 11 m,3.12,,2002,316.17647058823525,HUSTADVIKA,NORGE
2002018581,M 0200M,SÆVAR JR,Fiskefartøy,Hav,33.95,28 m og over ,9.4,437,2002,1176.4705882352941,MOLDE,NORGE
2002018781,VA0009K,BROSMA,Fiskefartøy,Kyst,10.99,Under 11 m,3.35,,1985,198.52941176470586,KRISTIANSAND,NORGE
2002018863,T 0297LK,HEIDI KRISTIN,Fiskefartøy,Kyst,9.1,Under 11 m,2.7,,1989,58.8235294117647,SENJA,NORGE
2002019003,N 0011VV,HAVGUTT,Fiskefartøy,Kyst,10.6,Under 11 m,4.55,,2003,183.8235294117647,VESTVÅGØY,NORGE
2002019005,T 0024L,WIKERØY SENIOR,Fiskefartøy,Kyst større,23.85,"21-27,99 m",7.5,212,2002,529.4117647058823,LYNGEN,NORGE
2002019041,T 0054H,VÅGAR,Fiskefartøy,Kyst,10.2,Under 11 m,3.9,,2002,242.6470588235294,HARSTAD,NORGE
2002019141,M 0110G,ATLANTIC STAR,Fiskefartøy,Hav,74.8,28 m og over ,13.0,2436,1996,3374.9999999999995,GISKE,NORGE
2002019221,TF0001NK,ØYGUTT,Fiskefartøy,Kyst,10.25,Under 11 m,3.82,,2002,198.52941176470586,NORDKAPP,NORGE
2002019321,N 0300F,IDA AMALIE,Fiskefartøy,Kyst større,27.0,"21-27,99 m",8.5,267,2002,734.5588235294117,FLAKSTAD,NORGE
2002019362,N 0118V,ALBATROSS,Fiskefartøy,Kyst,10.58,Under 11 m,4.01,,2002,139.70588235294116,VÅGAN,NORGE
2002019621,M 0088SØ,VONAR,Fiskefartøy,Hav,49.48,28 m og over ,11.0,1319,2002,1323.5294117647059,ÅLESUND,NORGE
2003019682,F 0444NK,KING NORDKAPP,Fiskefartøy,Kyst,10.59,Under 11 m,3.86,,2001,147.05882352941177,NORDKAPP,NORGE
2003019845,TF0175H,OSVALDSON,Fiskefartøy,Hav,31.7,28 m og over ,7.4,310,2003,705.8823529411765,HAMMERFEST,NORGE
2003019925,T 0050LK,SEGLA,Fiskefartøy,Hav,36.39,28 m og over ,8.5,436,2002,738.970588235294,SENJA,NORGE
2003020185,N 0025DA,JULIUS,Fiskefartøy,Kyst,5.3,Under 11 m,2.17,,1987,22.058823529411764,DØNNA,NORGE
2003020345,TF0009BD,HAVGLANS,Fiskefartøy,Kyst,8.9,Under 11 m,3.08,,2003,163.23529411764704,BÅTSFJORD,NORGE
2003020445,TR0098ND,AUD WILLIKSEN,Fiskefartøy,Kyst,14.98,"11-14,99 m",5.91,,2003,338.235294117647,NÆRØYSUND,NORGE
2003020485,TR0169Ø,GRØNTVEDT,Fiskefartøy,Kyst større,20.99,"15-20,99 m",6.4,146,2001,470.5882352941176,ØRLAND,NORGE
2003020585,VL0004SU,SOLBRIS,Fiskefartøy,Kyst,10.3,Under 11 m,3.4,,2003,249.99999999999997,SOLUND,NORGE
2003020925,N 0108V,SAGA POLARIS,Fiskefartøy,Hav,36.39,28 m og over ,8.5,436,2002,880.1470588235294,VÅGAN,NORGE
2003021026,H 0388B,BØMMELFJORD,Fiskefartøy,Hav,68.8,28 m og over ,13.8,2046,2003,4544.117647058823,BØMLO,NORGE
2003022325,TF0021HV,HARVESTER II,Fiskefartøy,Kyst,8.81,Under 11 m,2.85,,1988,69.11764705882352,HASVIK,NORGE
2003022485,R 0022HA,TONNY,Fiskefartøy,Kyst,10.65,Under 11 m,3.65,,2003,316.17647058823525,HÅ,NORGE
2003022526,F 0042HV,VEMA,Fiskefartøy,Kyst,10.2,Under 11 m,3.9,8,2003,220.58823529411762,HASVIK,NORGE
2003022585,R 0125K,VESTERØY,Fiskefartøy,Kyst,7.92,Under 11 m,2.7,,1986,39.705882352941174,KARMØY,NORGE
2003022885,F 0013HV,BOY-ANGEL,Fiskefartøy,Kyst,14.63,"11-14,99 m",5.0,24,1987,209.55882352941174,HASVIK,NORGE
2003023005,M 0011AV,LIAHOLM,Fiskefartøy,Hav,33.19,28 m og over ,8.0,345,2003,735.2941176470588,AVERØY,NORGE
2003023065,N 0145VR,JOHAN BERG,Fiskefartøy,Hav,37.57,28 m og over ,9.0,496,2003,747.0588235294117,VÆRØY,NORGE
2003023485,TR0030ND,ARNØYFJORD,Fiskefartøy,Kyst større,27.4,"21-27,99 m",9.4,361,2003,738.970588235294,NÆRØYSUND,NORGE
2003023825,NT0164V,ANDERØY,Fiskefartøy,Kyst,14.98,"11-14,99 m",6.0,,2003,264.70588235294116,NÆRØYSUND,NORGE
2003023885,F 0015BD,WESTBAS,Fiskefartøy,Kyst,9.28,Under 11 m,3.05,,2003,135.2941176470588,BÅTSFJORD,NORGE
2003024045,TR0006V,VESLEPER,Fiskefartøy,Kyst,10.65,Under 11 m,4.12,,2003,111.76470588235293,NÆRØYSUND,NORGE
2003024305,N 0086MS,REINEFANGST,Fiskefartøy,Kyst større,22.55,"21-27,99 m",6.7,157,2003,610.2941176470588,MOSKENES,NORGE
2003024685,M 0003VN,HAUGEN,Fiskefartøy,Kyst,14.96,"11-14,99 m",5.68,,2003,264.70588235294116,VANYLVEN,NORGE
2003024865,N 0252DA,DØNNVÆR,Fiskefartøy,Kyst,10.65,Under 11 m,3.63,,2003,128.67647058823528,DØNNA,NORGE
2003025325,R 0344K,TOYA,Fiskefartøy,Kyst større,28.1,28 m og over ,9.1,324,2003,735.2941176470588,KARMØY,NORGE
2003025965,N 0069V,JUNI,Fiskefartøy,Kyst,10.67,Under 11 m,3.67,,2003,220.58823529411762,VÅGAN,NORGE
2003026205,R 0024HA,VESTRI,Fiskefartøy,Kyst,12.21,"11-14,99 m",3.65,14,2003,128.67647058823528,HÅ,NORGE
2003026245,VT0005S,ANNIKA,Fiskefartøy,Kyst,10.42,Under 11 m,3.42,,2003,271.3235294117647,SANDEFJORD,NORGE
2003027325,H 0260K,SJOHAV,Fiskefartøy,Hav,36.99,28 m og over ,8.5,456,2004,735.2941176470588,KVINNHERAD,NORGE
2004026705,TR0012AA,SKAGEN,Fiskefartøy,Kyst,10.6,Under 11 m,4.1,,2003,155.1470588235294,ÅFJORD,NORGE
2004027345,F 0361NK,HELØYGUTT X,Samfiskefartøy,Kyst,10.66,Under 11 m,3.65,,2004,128.67647058823528,NORDKAPP,NORGE
2004027546,F 0037NK,DELFIN,Fiskefartøy,Kyst,10.2,Under 11 m,3.82,8,2003,198.52941176470586,NORDKAPP,NORGE
2004027587,M 0030HØ,AKONO,Fiskefartøy,Kyst,12.52,"11-14,99 m",3.64,,2004,128.67647058823528,HERØY i Møre og Romsdal,NORGE
2004027725,M 0101SM,FISKEBANK,Fiskefartøy,Hav,53.0,28 m og over ,12.4,1197,2004,2720.5882352941176,SMØLA,NORGE
2004027848,N 0040Ø,ODANE,Fiskefartøy,Kyst større,27.15,"21-27,99 m",8.0,274,2004,735.2941176470588,ØKSNES,NORGE
2004028045,F 0016B,SIMEN,Fiskefartøy,Kyst,9.25,Under 11 m,3.2,,1996,220.58823529411762,BERLEVÅG,NORGE
2004028145,N 0136Ø,VORNESVÆRING,Fiskefartøy,Kyst,14.99,"11-14,99 m",5.8,24,1995,294.11764705882354,ØKSNES,NORGE
2004028426,TF0090HV,CHARLOTTE,Fiskefartøy,Kyst,10.15,Under 11 m,3.95,,2004,176.47058823529412,HASVIK,NORGE
2004028705,TF0060BD,WIJAFISK,Fiskefartøy,Kyst,10.3,Under 11 m,3.42,,2004,271.3235294117647,BÅTSFJORD,NORGE
2004029066,N 0105A,STIG INGE,Fiskefartøy,Kyst,14.98,"11-14,99 m",6.02,,1989,235.2941176470588,ANDØY,NORGE
2004029445,H 0012B,TIRILL,Fiskefartøy,Kyst,7.97,Under 11 m,3.05,,1983,52.94117647058823,BØMLO,NORGE
2004029785,TF0042H,SOLSTRAND,Fiskefartøy,Kyst,10.99,Under 11 m,3.65,,2004,113.23529411764704,HAMMERFEST,NORGE
2004030025,M 0100AV,KRYSSHOLM,Fiskefartøy,Kyst,14.99,"11-14,99 m",5.46,,1986,231.6176470588235,AVERØY,NORGE
2004030126,H 0069S,KROSSFJORD,Fiskefartøy,Hav,61.88,28 m og over ,13.2,1526,2004,3139.705882352941,ØYGARDEN,NORGE
2004030226,H 0010AM,FONNES,Fiskefartøy,Hav,57.5,28 m og over ,12.8,1306,2004,2720.5882352941176,AUSTRHEIM,NORGE
2005030585,NT0016NR,TIKA,Fiskefartøy,Kyst,5.2,Under 11 m,1.9,,1979,11.029411764705882,NÆRØYSUND,NORGE
2005030845,F 0042V,ROBIN,Fiskefartøy,Kyst,8.52,Under 11 m,3.51,,1986,52.94117647058823,VARDØ,NORGE
2005031405,N 0196BR,ANNA THERESE,Fiskefartøy,Kyst,12.09,"11-14,99 m",3.95,14,2005,183.8235294117647,BRØNNØY,NORGE
2005031505,M 0028HØ,GRØNHOLM,Fiskefartøy,Kyst,14.95,"11-14,99 m",4.75,,2005,213.97058823529412,HERØY i Møre og Romsdal,NORGE
2005031567,M 0008S,HALLVARDSON,Fiskefartøy,Kyst,9.2,Under 11 m,3.25,,2005,62.49999999999999,SANDE i Møre og Romsdal,NORGE
2005031905,R 0004SD,RODIAN,Fiskefartøy,Kyst,14.04,"11-14,99 m",5.02,24,2005,264.70588235294116,SULDAL,NORGE
2005032046,F 0002NK,TOMBA,Fiskefartøy,Kyst,10.42,Under 11 m,4.08,,2005,165.44117647058823,NORDKAPP,NORGE
2005032165,M 0087HØ,TIME BANDIT,Fiskefartøy,Kyst,10.65,Under 11 m,4.0,,1989,180.1470588235294,HERØY i Møre og Romsdal,NORGE
2005032205,M 0069G,MOLNES,Fiskefartøy,Hav,66.28,28 m og over ,14.0,2471,1998,3801.4705882352937,GISKE,NORGE
2005032645,TF0008KD,KRISTINE,Fiskefartøy,Kyst,8.85,Under 11 m,3.25,,1991,95.58823529411764,KÅFJORD,NORGE
2005032906,F 0023BD,TOM LAURITZ,Fiskefartøy,Kyst,10.36,Under 11 m,3.36,,2005,249.99999999999997,BÅTSFJORD,NORGE
2005033025,TF0096LB,SJARKE,Fiskefartøy,Kyst,8.97,Under 11 m,3.9,,1987,55.882352941176464,LEBESBY,NORGE
2005033205,N 0076A,FORRØY 2,Fiskefartøy,Kyst større,20.96,"15-20,99 m",6.4,83,1990,404.4117647058823,ANDØY,NORGE
2005033226,TF0045V,OLE K,Fiskefartøy,Kyst,9.35,Under 11 m,2.82,9,1988,55.882352941176464,VARDØ,NORGE
2005033286,TF0050V,AMANDA,Fiskefartøy,Kyst,10.2,Under 11 m,3.9,8,2005,242.6470588235294,VARDØ,NORGE
2005033305,TF0048HV,HOLMEN,Fiskefartøy,Kyst,10.66,Under 11 m,4.5,,2005,187.5,HASVIK,NORGE
2005033385,TR0003ND,MIDTHOLM,Fiskefartøy,Kyst,10.63,Under 11 m,4.0,,2005,198.52941176470586,NÆRØYSUND,NORGE
2005033545,N 0003Ø,TOR JONNY,Fiskefartøy,Kyst,12.2,"11-14,99 m",4.05,,2005,183.8235294117647,ØKSNES,NORGE
2005033587,M 0001HØ,TEIGENES,Fiskefartøy,Hav,75.4,28 m og over ,15.6,2883,2005,3799.9999999999995,HERØY i Møre og Romsdal,NORGE
2006033926,TR0026N,TERNA,Fiskefartøy,Kyst,12.23,"11-14,99 m",3.96,18,2005,441.17647058823525,NAMSOS,NORGE
2006034006,M 0244SM,RAMSØYFJORD,Fiskefartøy,Kyst,7.7,Under 11 m,2.7,,1993,117.6470588235294,SMØLA,NORGE
2006034008,T 0078BG,TURID,Fiskefartøy,Kyst,5.3,Under 11 m,2.0,,2005,22.058823529411764,SENJA,NORGE
2006034505,TF0008LB,AUSTBRIS,Fiskefartøy,Kyst,10.62,Under 11 m,4.1,,2006,111.76470588235293,LEBESBY,NORGE
2006034532,M 0002SK,FANT,Fiskefartøy,Kyst,9.69,Under 11 m,3.1,,2006,163.23529411764704,SYKKYLVEN,NORGE
2006034687,VA0042F,SIENNA,Fiskefartøy,Kyst,10.66,Under 11 m,4.7,30,2005,233.8235294117647,FLEKKEFJORD,NORGE
2006034885,R 0062ES,TANGEN,Fiskefartøy,Kyst større,26.5,"21-27,99 m",7.52,250,2006,625.0,EIGERSUND,NORGE
2006035165,VL0001AV,GLESEN,Fiskefartøy,Kyst,7.68,Under 11 m,2.8,,2006,163.23529411764704,AUSTEVOLL,NORGE
2006035405,N 0002HR,LURINGEN,Fiskefartøy,Kyst,4.62,Under 11 m,2.07,,2000,36.76470588235294,HERØY i Nordland,NORGE
2006035770,VL0110AV,KALSØYFISK,Fiskefartøy,Kyst,14.99,"11-14,99 m",4.61,,1984,183.8235294117647,AUSTEVOLL,NORGE
2006035825,F 0136V,SANDFJORD JENTA,Fiskefartøy,Kyst,12.23,"11-14,99 m",3.96,,2006,441.17647058823525,VARDØ,NORGE
2006036186,F 0044TN,SEIDA,Samfiskefartøy,Kyst,10.63,Under 11 m,4.66,,2006,183.8235294117647,TANA,NORGE
2006036365,T 0300I,NORDSILD,Fiskefartøy,Hav,37.52,28 m og over ,9.25,387,2006,735.2941176470588,IBESTAD,NORGE
2006036648,T 0081T,ARCTIC OCEAN,Samfiskefartøy,Kyst,14.03,"11-14,99 m",6.36,,2002,275.735294117647,TROMSØ,NORGE
2006036725,H 0146AV,EMMA OLAVA,Fiskefartøy,Kyst,12.23,"11-14,99 m",3.94,14,2006,441.17647058823525,AUSTEVOLL,NORGE
2006036765,N 0049F,JØRGINE,Fiskefartøy,Kyst,12.19,"11-14,99 m",3.9,,2006,183.8235294117647,FLAKSTAD,NORGE
2006036806,N 0024F,VARØY,Fiskefartøy,Kyst,12.23,"11-14,99 m",3.94,,2006,441.17647058823525,FLAKSTAD,NORGE
2006036986,N 0050Ø,KAMILLA GRANDE,Leiefartøy (Erstatningsfartøy),Hav,37.54,28 m og over ,9.25,496,2006,735.2941176470588,ØKSNES,NORGE
2007037006,TR0041F,SJØSVANEN,Fiskefartøy,Kyst,10.66,Under 11 m,4.09,,2006,257.35294117647055,FRØYA,NORGE
2007037085,T 0003SD,EKENBORG,Samfiskefartøy,Kyst,12.83,"11-14,99 m",5.53,,2006,227.94117647058823,STORFJORD,NORGE
2007037187,N 0016DA,THILDE-MARIE,Fiskefartøy,Kyst,9.6,Under 11 m,3.1,,2006,249.99999999999997,DØNNA,NORGE
2007037288,T 0111T,SKULBAREN,Fiskefartøy,Hav,37.9,28 m og over ,9.0,498,2007,735.2941176470588,TROMSØ,NORGE
2007037605,TF0100H,EMMA,Fiskefartøy,Kyst,10.62,Under 11 m,3.32,15,2007,477.9411764705882,HAMMERFEST,NORGE
2007037645,N 0323ME,EDVIND OLAI,Fiskefartøy,Kyst,12.85,"11-14,99 m",5.5,,2007,205.88235294117646,MELØY,NORGE
2007037768,F 0010LB,JOHN-REIDAR,Fiskefartøy,Kyst,7.5,Under 11 m,2.65,,1985,48.52941176470588,LEBESBY,NORGE
2007037988,T 0098K,NOAH,Fiskefartøy,Kyst,8.23,Under 11 m,2.65,,1996,88.23529411764706,KARLSØY,NORGE
2007037990,R 0087SK,ØSTAVIND,Fiskefartøy,Kyst større,23.95,"21-27,99 m",6.7,171,1994,691.1764705882352,SOKNDAL,NORGE
2007038108,F 0040NK,SOLENG SENIOR,Fiskefartøy,Kyst,10.65,Under 11 m,4.6,,2007,147.05882352941177,NORDKAPP,NORGE
2007038130,M 0092AV,ALLJO,Fiskefartøy,Kyst,12.2,"11-14,99 m",3.96,,2007,441.17647058823525,AVERØY,NORGE
2007038648,F 0017G,CAROLINE,Fiskefartøy,Kyst,9.45,Under 11 m,2.97,6,1999,186.76470588235293,GAMVIK,NORGE
2007038848,N 0015HR,FLOSTADGUTTEN,Fiskefartøy,Kyst,10.56,Under 11 m,4.3,,2007,111.76470588235293,HERØY i Nordland,NORGE
2007038888,R 0001TV,NESBUEN,Fiskefartøy,Kyst,12.99,"11-14,99 m",3.89,,2007,183.8235294117647,TYSVÆR,NORGE
2007039008,M 0023F,JANBU,Fiskefartøy,Kyst,9.94,Under 11 m,3.3,,2007,249.99999999999997,HUSTADVIKA,NORGE
2007039088,ST0024H,EINVIKBUEN,Fiskefartøy,Kyst,10.99,Under 11 m,4.52,12,2007,192.6470588235294,HITRA,NORGE
2007039109,H 0015FJ,LOBSTER,Fiskefartøy,Kyst,7.0,Under 11 m,2.6,,2007,105.88235294117646,FITJAR,NORGE
2007039149,M 0108MD,EMMA,Fiskefartøy,Hav,37.95,28 m og over ,9.0,498,2007,1039.705882352941,MOLDE,NORGE
2007039289,F 0050LB,SVAVIK,Fiskefartøy,Kyst,10.65,Under 11 m,3.97,14,2007,124.99999999999999,LEBESBY,NORGE
2007039729,N 0012R,IVAR JUNIOR,Fiskefartøy,Kyst,10.6,Under 11 m,4.07,10,2007,124.99999999999999,RØDØY,NORGE
2007039809,M 0206A,KAP FARVEL,Fiskefartøy,Hav,46.58,28 m og over ,10.0,987,1998,1118.3823529411764,ÅLESUND,NORGE
2007040049,F 0055P,STRØMSNES,Fiskefartøy,Kyst,10.66,Under 11 m,4.57,19,2007,169.1176470588235,PORSANGER,NORGE
2007040050,AG0001F,ELFI,Fiskefartøy,Kyst,7.92,Under 11 m,2.6,,1980,44.11764705882353,FLEKKEFJORD,NORGE
2008040288,N 0005SA,TJØNNØYFISK,Fiskefartøy,Kyst,10.65,Under 11 m,4.2,,2008,147.05882352941177,SØMNA,NORGE
2008040308,ST0001O,HEPSØHAV,Fiskefartøy,Hav,37.49,28 m og over ,9.25,499,2008,735.2941176470588,OSEN,NORGE
2008040708,R 0155K,HOPVÅG,Fiskefartøy,Kyst,12.21,"11-14,99 m",3.93,,2007,183.8235294117647,KARMØY,NORGE
2008041090,M 0025HØ,TID,Fiskefartøy,Kyst,10.6,Under 11 m,4.15,,2007,330.88235294117646,HERØY i Møre og Romsdal,NORGE
2008041128,T 0002TN,TRANØYJENTA,Fiskefartøy,Kyst,10.25,Under 11 m,3.2,,1988,257.35294117647055,SENJA,NORGE
2008041188,N 0182V,SVERRE JUNIOR,Fiskefartøy,Kyst,12.19,"11-14,99 m",4.03,,2007,128.67647058823528,VÅGAN,NORGE
2008041311,TF0019LA,OCEAN BLUE,Fiskefartøy,Kyst,10.15,Under 11 m,3.65,,2004,242.6470588235294,LOPPA,NORGE
2008041368,AG0013G,VESTFJORD,Fiskefartøy,Kyst større,26.25,"21-27,99 m",7.0,229,1984,727.9411764705882,GRIMSTAD,NORGE
2008041548,F 0032G,TOR EIRIK,Fiskefartøy,Kyst,10.97,Under 11 m,3.76,,2007,477.9411764705882,GAMVIK,NORGE
2008041648,T 0008SK,SYLVESTER,Fiskefartøy,Kyst,8.99,Under 11 m,3.17,,2000,73.52941176470588,TJELDSUND,NORGE
2008042210,ST0006R,VIKAGUT,Fiskefartøy,Kyst,10.66,Under 11 m,3.98,,2008,166.17647058823528,ÅFJORD,NORGE
2008042668,N 0048BØ,SOLEY,Fiskefartøy,Kyst,10.42,Under 11 m,3.35,9,1990,121.3235294117647,BØ i Nordland,NORGE
2008042889,TF0011TN,DAVVIL,Fiskefartøy,Kyst,10.65,Under 11 m,3.32,12,2008,514.7058823529411,TANA,NORGE
2008042948,N 0021L,ØYGUTT,Fiskefartøy,Kyst,14.98,"11-14,99 m",5.29,,2008,551.470588235294,LURØY,NORGE
2008043088,H 0087B,ELIANNE,Fiskefartøy,Kyst,10.06,Under 11 m,3.65,,1983,136.02941176470588,BØMLO,NORGE
2008043190,TF0038SV,PASVIK,Fiskefartøy,Kyst,9.68,Under 11 m,3.1,,2008,163.23529411764704,SØR-VARANGER,NORGE
2008043228,T 0161LK,FORTUNA,Fiskefartøy,Kyst større,27.49,"21-27,99 m",9.0,349,2008,735.2941176470588,SENJA,NORGE
2008043528,N 0118L,SLETTHOLMEN,Fiskefartøy,Hav,35.49,28 m og over ,9.25,472,2008,1118.3823529411764,LURØY,NORGE
2008043631,TR0030IF,ASTRID EMILIE,Leiefartøy (Erstatningsfartøy),Kyst større,23.86,"21-27,99 m",7.2,185,1993,477.9411764705882,INDRE FOSEN,NORGE
2008043688,VL0028B,ØYSTRAND,Fiskefartøy,Kyst,7.59,Under 11 m,2.75,,2008,105.88235294117646,BØMLO,NORGE
2008043750,N 0015F,RØDÅSVÆRING,Fiskefartøy,Kyst,10.97,Under 11 m,3.84,12,2008,470.5882352941176,FLAKSTAD,NORGE
2008043909,M 0059AV,RAVNUNG,Fiskefartøy,Kyst,12.83,"11-14,99 m",5.66,43,2008,205.88235294117646,AVERØY,NORGE
2008044168,M 0015M,MARITA KRISTIN,Fiskefartøy,Kyst,14.95,"11-14,99 m",5.35,,2008,257.35294117647055,MOLDE,NORGE
2008044508,N 0060L,HAFBJØRG,Fiskefartøy,Kyst,10.55,Under 11 m,4.08,,1986,147.05882352941177,LURØY,NORGE
2008044728,N 0039F,SJØNAPP,Fiskefartøy,Kyst,10.99,Under 11 m,4.72,,2006,191.17647058823528,FLAKSTAD,NORGE
2008044768,TF0734T,SØRVIK,Fiskefartøy,Kyst,9.45,Under 11 m,3.2,,1984,93.38235294117646,TROMSØ,NORGE
2008044828,N 0098L,STRAUMØY,Fiskefartøy,Kyst,7.7,Under 11 m,2.7,,1999,105.88235294117646,LURØY,NORGE
2008044928,F 0004NK,EMMA-V,Fiskefartøy,Kyst,10.98,Under 11 m,3.78,,2008,463.235294117647,NORDKAPP,NORGE
2008044968,F 0192NK,HELØYGUTT II,Samfiskefartøy,Kyst,10.66,Under 11 m,4.22,,2008,147.05882352941177,NORDKAPP,NORGE
2008045208,T 0404LK,BREITIND,Fiskefartøy,Kyst,10.54,Under 11 m,3.34,,2008,147.05882352941177,SENJA,NORGE
2008045229,TF0055SE,LEIF HELGE,Fiskefartøy,Kyst større,27.49,"21-27,99 m",9.0,354,2008,882.3529411764705,SENJA,NORGE
2008045328,N 0152VV,HAVØRN,Fiskefartøy,Kyst,10.59,Under 11 m,3.95,,1985,275.735294117647,VESTVÅGØY,NORGE
2008045528,SF0010V,HENDANES,Fiskefartøy,Kyst,12.98,"11-14,99 m",5.0,,2008,294.11764705882354,KINN,NORGE
2008045608,M 0006AV,OBELIX,Fiskefartøy,Kyst,14.63,"11-14,99 m",,,2007,378.67647058823525,AVERØY,NORGE
2009045748,T 0193T,ISAC ALEXANDER,Fiskefartøy,Kyst,10.66,Under 11 m,3.74,,2008,448.52941176470586,TROMSØ,NORGE
2009045768,M 0082G,GUNN II,Fiskefartøy,Kyst,10.63,Under 11 m,3.88,,2008,477.9411764705882,GISKE,NORGE
2009045788,F 0006N,AILIDA,Fiskefartøy,Kyst,10.49,Under 11 m,3.87,,2004,95.58823529411764,NESSEBY,NORGE
2009045928,F 0017VS,DOGGEN,Fiskefartøy,Kyst,10.66,Under 11 m,3.02,7,1986,95.58823529411764,VADSØ,NORGE
2009046068,M 0020G,TRÅLE,Fiskefartøy,Kyst,9.69,Under 11 m,3.1,4,2008,136.02941176470588,GISKE,NORGE
2009046168,F 0011H,UNNUR,Fiskefartøy,Kyst,9.54,Under 11 m,2.97,8,2000,308.8235294117647,HAMMERFEST,NORGE
2009046211,H 0096B,VESTSKJER,Fiskefartøy,Kyst,10.65,Under 11 m,3.9,,2008,113.23529411764704,BØMLO,NORGE
2009046508,M 0018F,SØRHAV,Fiskefartøy,Kyst,10.66,Under 11 m,4.0,,2008,312.5,HUSTADVIKA,NORGE
2009046608,M 0268A,LENE MARI,Fiskefartøy,Kyst,10.08,Under 11 m,3.36,,2009,275.735294117647,ÅLESUND,NORGE
2009047049,VL0050G,VESTBRIS,Fiskefartøy,Hav,34.99,28 m og over ,9.25,499,2009,1305.1470588235293,GULEN,NORGE
2009047169,AG0012LS,SKOGSØYJENTA,Fiskefartøy,Kyst,12.96,"11-14,99 m",4.61,,2009,609.5588235294117,LINDESNES,NORGE
2009047308,F 0041LB,MARITA,Fiskefartøy,Kyst,7.7,Under 11 m,2.65,,1996,47.05882352941176,LEBESBY,NORGE
2009047368,F 0153H,MARA,Fiskefartøy,Kyst,7.84,Under 11 m,2.82,,1971,30.882352941176467,HAMMERFEST,NORGE
2009047388,VL0002KM,RAMONA,Fiskefartøy,Kyst,10.65,Under 11 m,4.01,,2009,172.7941176470588,KVAM,NORGE
2009047848,T 0169LK,ELISE KRISTIN,Fiskefartøy,Kyst,12.92,"11-14,99 m",4.6,,2009,641.9117647058823,SENJA,NORGE
2009047909,M 0061SØ,HARTO,Fiskefartøy,Hav,32.32,28 m og over ,9.5,377,2009,1198.5294117647059,ÅLESUND,NORGE
2009048128,N 0018DA,HØLABUEN,Fiskefartøy,Kyst,10.62,Under 11 m,4.52,,2009,194.85294117647058,DØNNA,NORGE
2009048408,SF0048F,HETLEVIKING,Fiskefartøy,Kyst,12.95,"11-14,99 m",5.0,,2009,249.99999999999997,KINN,NORGE
2009048429,F 0184NK,EINAR,Fiskefartøy,Kyst,9.45,Under 11 m,3.2,,1980,111.76470588235293,NORDKAPP,NORGE
2009048528,H 0030B,LØNNINGEN,Fiskefartøy,Hav,61.86,28 m og over ,11.6,1169,1998,3433.8235294117644,BØMLO,NORGE
2009048608,VL0017B,KLIPTON,Fiskefartøy,Kyst,14.6,"11-14,99 m",6.35,,2003,294.11764705882354,BØMLO,NORGE
2009048888,TF0046BD,MAY,Fiskefartøy,Kyst,10.65,Under 11 m,3.81,12,2009,367.6470588235294,BÅTSFJORD,NORGE
2009048889,H 0013K,STAUPER,Fiskefartøy,Kyst,7.9,Under 11 m,2.83,1,2009,163.23529411764704,KVINNHERAD,NORGE
2009048988,N 0140VA,KILVÆRFJORD II,Fiskefartøy,Kyst,13.58,"11-14,99 m",4.18,21,1988,257.35294117647055,VEGA,NORGE
2009049148,M 0018AE,VALØY,Fiskefartøy,Kyst,10.64,Under 11 m,3.99,12,2009,128.67647058823528,AURE,NORGE
2009049169,T 0047T,ÅMØY,Fiskefartøy,Kyst,10.66,Under 11 m,3.42,,2009,367.6470588235294,TROMSØ,NORGE
2009049368,F 0118LB,KAROLINE VIKTORIA,Samfiskefartøy,Kyst,12.96,"11-14,99 m",5.12,,2009,213.97058823529412,LEBESBY,NORGE
2009049430,F 0171NK,HEIMEN,Fiskefartøy,Kyst,9.9,Under 11 m,3.6,,2001,316.17647058823525,NORDKAPP,NORGE
2009049488,M 0121A,RUNING,Fiskefartøy,Hav,35.46,28 m og over ,9.5,496,2009,1404.4117647058822,ÅLESUND,NORGE
2009049508,F 0165V,VARDØYFISK II,Samfiskefartøy,Kyst,12.95,"11-14,99 m",4.59,,2009,609.5588235294117,VARDØ,NORGE
2010049548,F 0095TN,NORDAFØRR,Fiskefartøy,Kyst,10.58,Under 11 m,3.58,,2009,220.58823529411762,TANA,NORGE
2010049628,M 0100G,TOPAS,Fiskefartøy,Hav,34.07,28 m og over ,9.5,499,2010,735.2941176470588,GISKE,NORGE
2010049948,R 0117K,HELENA,Samfiskefartøy,Kyst,10.65,Under 11 m,4.5,,2010,213.97058823529412,KARMØY,NORGE
2010051030,N 0033Ø,SYNNE,Fiskefartøy,Kyst,10.65,Under 11 m,3.96,,2010,169.1176470588235,ØKSNES,NORGE
2010051148,M 0005HU,HALVARSON,Fiskefartøy,Kyst,10.5,Under 11 m,3.1,,2003,261.02941176470586,HUSTADVIKA,NORGE
2010051269,NT0030V,DINA,Fiskefartøy,Kyst,9.1,Under 11 m,3.05,,1989,102.94117647058823,NÆRØYSUND,NORGE
2010051508,N 0001RA,JULIE,Fiskefartøy,Kyst,9.75,Under 11 m,3.2,,1991,75.73529411764706,RANA,NORGE
2010051950,H 0266B,HAVHELD,Fiskefartøy,Kyst,10.63,Under 11 m,3.58,,2010,163.23529411764704,BØMLO,NORGE
2010052508,TF0114NK,SOLRINGEN,Fiskefartøy,Kyst,10.15,Under 11 m,3.0,,2010,99.26470588235293,NORDKAPP,NORGE
2010052528,TF0035H,NELSON II,Fiskefartøy,Kyst,6.7,Under 11 m,2.3,,1985,7.352941176470588,HAMMERFEST,NORGE
2010052588,N 0220Ø,LEANDER,Fiskefartøy,Hav,36.5,28 m og over ,9.25,490,2009,1108.0882352941176,ØKSNES,NORGE
2010052768,F 0066TN,VAGGE,Samfiskefartøy,Kyst,10.01,Under 11 m,2.8,,2010,272.05882352941177,TANA,NORGE
2011052808,F 0006BD,INGVALDSON,Fiskefartøy,Kyst,14.97,"11-14,99 m",4.75,25,2011,588.2352941176471,BÅTSFJORD,NORGE
2011052829,T 0027TN,FRIDA,Fiskefartøy,Kyst,9.69,Under 11 m,3.1,6,2005,163.23529411764704,SENJA,NORGE
2011053009,M 0031SA,FRANTS,Fiskefartøy,Kyst,7.71,Under 11 m,2.82,,2007,163.23529411764704,SULA,NORGE
2011053131,M 0015HØ,TONO,Fiskefartøy,Kyst,10.65,Under 11 m,3.82,,2010,367.6470588235294,HERØY i Møre og Romsdal,NORGE
2011053268,F 0043G,ELINA,Fiskefartøy,Kyst,10.99,Under 11 m,4.06,,2010,448.52941176470586,GAMVIK,NORGE
2011053989,F 0080M,VOLDNES,Fiskefartøy,Hav,34.07,28 m og over ,9.5,499,2011,735.2941176470588,MÅSØY,NORGE
2011054014,R 0002RB,SOLØY,Fiskefartøy,Kyst,10.65,Under 11 m,3.8,,1997,220.58823529411762,RANDABERG,NORGE
2011054048,M 0050MD,NYSTRØM,Fiskefartøy,Hav,56.3,28 m og over ,9.5,948,1980,1544.1176470588234,MOLDE,NORGE
2011054308,VA0015F,MARIT THERESE,Fiskefartøy,Kyst,9.29,Under 11 m,3.15,,2011,271.3235294117647,FLEKKEFJORD,NORGE
2011054408,N 0010H,HAVTIND,Fiskefartøy,Hav,59.75,28 m og over ,13.0,1853,1997,4500.0,HADSEL,NORGE
2011054488,R 0004SS,ÅSSJØEN,Fiskefartøy,Kyst,14.98,"11-14,99 m",4.8,,1999,242.6470588235294,SANDNES,NORGE
2011054629,TF0011P,ARIAN-LYKKE,Fiskefartøy,Kyst,7.01,Under 11 m,3.0,,2011,110.29411764705881,PORSANGER,NORGE
2011054648,TF0002V,KRISTE,Fiskefartøy,Kyst,7.98,Under 11 m,2.55,,1988,94.11764705882352,VARDØ,NORGE
2011054730,M 0015A,SØRØYFISK,Fiskefartøy,Hav,49.82,28 m og over ,12.0,1003,2010,1764.705882352941,ÅLESUND,NORGE
2011054768,N 0029BR,DAG-MONA,Fiskefartøy,Kyst,9.69,Under 11 m,3.1,,2011,163.23529411764704,BRØNNØY,NORGE
2011054828,F 0017V,VALKYRIEN,Fiskefartøy,Kyst,10.4,Under 11 m,4.05,,1979,183.8235294117647,VARDØ,NORGE
2011054868,M 0050SA,HAUGEFISK,Fiskefartøy,Kyst,10.63,Under 11 m,3.49,,2011,279.4117647058823,SULA,NORGE
2011055128,F 0009P,EMMA,Fiskefartøy,Kyst,8.53,Under 11 m,2.75,,1987,82.35294117647058,PORSANGER,NORGE
2011055148,T 0001K,NORA,Samfiskefartøy,Kyst,10.98,Under 11 m,4.1,,2011,514.7058823529411,KARLSØY,NORGE
2011055268,TF0013HV,SALLAN,Fiskefartøy,Kyst,7.8,Under 11 m,2.6,,1988,22.058823529411764,HASVIK,NORGE
2011055568,R 0007SK,MARTOR,Fiskefartøy,Kyst,14.09,"11-14,99 m",5.75,37,1999,268.38235294117646,SOKNDAL,NORGE
2011055648,M 0267F,ANNA MARIA,Fiskefartøy,Kyst,10.2,Under 11 m,3.15,,2005,91.17647058823529,HUSTADVIKA,NORGE
2011055688,F 0020NK,VILJEN,Fiskefartøy,Kyst,10.31,Under 11 m,3.35,,1987,192.6470588235294,NORDKAPP,NORGE
2011056028,VL0051K,BENJACO,Fiskefartøy,Hav,34.07,28 m og over ,9.5,496,2011,1029.4117647058822,KVINNHERAD,NORGE
2011056130,N 0054Ø,NORLINER,Fiskefartøy,Kyst,10.95,Under 11 m,4.6,,2011,514.7058823529411,ØKSNES,NORGE
2011056308,AG0087LS,NESEGUTTEN,Fiskefartøy,Hav,32.55,28 m og over ,9.0,459,2011,727.9411764705882,LINDESNES,NORGE
2011056488,H 0017BN,KROSSØY,Fiskefartøy,Hav,42.9,28 m og over ,,906,2011,1323.5294117647059,BERGEN,NORGE
2011056570,R 0092K,REPSØY,Fiskefartøy,Kyst,10.66,Under 11 m,3.84,,2011,367.6470588235294,KARMØY,NORGE
2011056588,F 0107G,AUSTHAVET,Fiskefartøy,Kyst,14.98,"11-14,99 m",5.68,,2011,671.3235294117646,GAMVIK,NORGE
2012056890,TF0105NK,BARONEN,Fiskefartøy,Kyst,10.99,Under 11 m,4.11,20,2011,514.7058823529411,NORDKAPP,NORGE
2012056928,NT0019NR,SANDER,Fiskefartøy,Kyst,7.92,Under 11 m,2.6,,1980,22.058823529411764,NÆRØYSUND,NORGE
2012057028,M 0016H,HILDRING,Fiskefartøy,Kyst,10.62,Under 11 m,4.24,,1983,150.0,ÅLESUND,NORGE
2012057189,M 0206H,HALTENTRÅL,Fiskefartøy,Hav,34.0,28 m og over ,10.0,567,1998,1200.0,ÅLESUND,NORGE
2012057228,R 0014SS,KREPSEN,Fiskefartøy,Kyst,10.5,Under 11 m,3.35,,1989,235.2941176470588,SANDNES,NORGE
2012057493,N 0085BØ,NJORD,Fiskefartøy,Kyst,10.88,Under 11 m,4.6,,2011,183.8235294117647,BØ i Nordland,NORGE
2012057531,TF0111V,SABINE,Fiskefartøy,Kyst,9.35,Under 11 m,3.17,,1983,58.8235294117647,VARDØ,NORGE
2012057568,TF0084HV,TARRELUSA,Fiskefartøy,Kyst,7.16,Under 11 m,2.59,,1977,16.176470588235293,HASVIK,NORGE
2012057589,TF0777LB,BITCOIN,Fiskefartøy,Kyst,7.95,Under 11 m,2.8,4,1986,38.970588235294116,LEBESBY,NORGE
2012057650,N 0085A,LUDVIK,Fiskefartøy,Kyst,10.97,Under 11 m,5.01,,2012,194.85294117647058,ANDØY,NORGE
2012057928,TR0005LA,OLE KRISTIAN,Fiskefartøy,Kyst,10.66,Under 11 m,4.45,,1989,117.6470588235294,LEKA,NORGE
2012057969,TF0031G,MAREN,Fiskefartøy,Kyst,10.67,Under 11 m,3.04,,2011,330.88235294117646,GAMVIK,NORGE
2012058512,N 0017DA,MINA MARIE,Samfiskefartøy,Kyst,10.65,Under 11 m,3.81,,2012,169.1176470588235,DØNNA,NORGE
2012059213,M 0016EE,RINGO,Fiskefartøy,Kyst,9.14,Under 11 m,3.15,,1973,59.55882352941176,HUSTADVIKA,NORGE
2012059372,N 0011TN,BOLGA,Fiskefartøy,Kyst,12.98,"11-14,99 m",4.62,47,2012,294.11764705882354,TRÆNA,NORGE
2012059432,T 0012K,GABRIEL-EMILIE,Fiskefartøy,Kyst,10.65,Under 11 m,3.6,,2012,271.3235294117647,KARLSØY,NORGE
2012059554,M 0269HØ,DELFIN,Fiskefartøy,Kyst,12.2,"11-14,99 m",4.2,17,1997,183.8235294117647,HERØY i Møre og Romsdal,NORGE
2012059592,TF0195M,INGRID MAJALA,Fiskefartøy,Hav,62.6,28 m og over ,12.8,1401,2012,2956.6176470588234,MÅSØY,NORGE
2012059692,H 0140AV,MORTEN EINAR,Fiskefartøy,Hav,64.0,28 m og over ,13.8,1825,2012,4411.764705882352,AUSTEVOLL,NORGE
2012059873,SF0138A,ORIANA,Fiskefartøy,Kyst,12.19,"11-14,99 m",3.99,,2012,198.52941176470586,ASKVOLL,NORGE
2012059993,N 0010VS,NERGÅRD JUNIOR,Fiskefartøy,Kyst,10.99,Under 11 m,3.8,,2012,367.6470588235294,VEVELSTAD,NORGE
2012060132,M 0050G,STORHOLMEN,Fiskefartøy,Kyst,10.99,Under 11 m,3.82,,2012,367.6470588235294,GISKE,NORGE
2012060273,F 0008M,NORMANN,Fiskefartøy,Kyst,10.06,Under 11 m,3.1,,1985,84.55882352941175,MÅSØY,NORGE
2012060372,R 0020K,MOLINERGUTT,Fiskefartøy,Kyst,14.99,"11-14,99 m",5.9,,2012,386.02941176470586,KARMØY,NORGE
2012060972,M 0325H,HAVBRYN,Fiskefartøy,Hav,69.9,28 m og over ,15.4,3104,2012,4485.294117647059,ÅLESUND,NORGE
2013060392,T 0007T,KEN-MICHAEL,Fiskefartøy,Kyst,10.99,Under 11 m,3.84,,2012,367.6470588235294,TROMSØ,NORGE
2013060492,VL0040AV,CHRISTINA,Fiskefartøy,Kyst,14.45,"11-14,99 m",5.42,,2012,213.97058823529412,AUSTEVOLL,NORGE
2013060592,M 0029HØ,EROS,Fiskefartøy,Hav,77.5,28 m og over ,16.6,4027,2012,3999.9999999999995,HERØY i Møre og Romsdal,NORGE
2013060632,M 0011HU,ELNESFISK,Fiskefartøy,Kyst,10.98,Under 11 m,4.58,,2012,312.5,HUSTADVIKA,NORGE
2013060753,M 0022F,MYRBØ JUNIOR,Fiskefartøy,Kyst,9.69,Under 11 m,3.2,6,2012,213.23529411764704,HUSTADVIKA,NORGE
2013060852,TF0005TN,CLARA,Fiskefartøy,Kyst,10.65,Under 11 m,3.0,,2013,364.70588235294116,TANA,NORGE
2013060913,VA0020F,HAVSUND,Fiskefartøy,Kyst,14.98,"11-14,99 m",5.92,89,2012,386.02941176470586,FLEKKEFJORD,NORGE
2013060953,VL0003AM,BRULAND,Fiskefartøy,Kyst,10.99,Under 11 m,4.74,,2013,198.52941176470586,AUSTRHEIM,NORGE
2013061032,T 0037K,SARAH,Fiskefartøy,Kyst,5.2,Under 11 m,,,1991,22.058823529411764,KARLSØY,NORGE
2013061034,M 0008AV,ORFJORD,Fiskefartøy,Hav,40.85,28 m og over ,9.6,641,2012,748.5294117647059,AVERØY,NORGE
2013061052,N 0009F,VIBEKE CATHRIN,Fiskefartøy,Kyst,14.99,"11-14,99 m",6.17,,2013,386.02941176470586,FLAKSTAD,NORGE
2013061255,TF0004G,SAGA BJÖRG,Fiskefartøy,Kyst,14.98,"11-14,99 m",4.56,,2013,588.2352941176471,GAMVIK,NORGE
2013061412,F 0012NK,SOA,Fiskefartøy,Kyst,10.99,Under 11 m,3.84,,2013,367.6470588235294,NORDKAPP,NORGE
2013061552,M 0089G,FORSØK,Fiskefartøy,Kyst,10.65,Under 11 m,3.84,,2011,312.5,GISKE,NORGE
2013061572,F 0165NK,SJØBUEN,Samfiskefartøy,Kyst,10.6,Under 11 m,4.05,,1985,110.29411764705881,NORDKAPP,NORGE
2013061592,M 0525H,HAVSTRAND,Fiskefartøy,Hav,69.9,28 m og over ,15.4,3104,2013,4500.0,ÅLESUND,NORGE
2013061632,N 0022Ø,DENNIS OLAI,Fiskefartøy,Kyst,12.99,"11-14,99 m",5.34,,2013,213.97058823529412,ØKSNES,NORGE
2013061833,F 0026TN,GULGOVÆRING,Fiskefartøy,Kyst,10.98,Under 11 m,3.75,,2013,448.52941176470586,TANA,NORGE
2013062072,TF0084G,MANFRED,Fiskefartøy,Kyst,8.68,Under 11 m,3.61,,2009,117.6470588235294,GAMVIK,NORGE
2013062152,F 0032BD,GADUS POSEIDON,Fiskefartøy,Hav,69.8,28 m og over ,15.6,3449,2013,4705.882352941177,BÅTSFJORD,NORGE
2013062194,R 0034ES,SIRAFISK,Fiskefartøy,Kyst,7.6,Under 11 m,2.48,,1985,22.058823529411764,EIGERSUND,NORGE
2013062453,F 0088LB,TROTTVIK,Fiskefartøy,Kyst,7.91,Under 11 m,2.5,,2008,36.76470588235294,LEBESBY,NORGE
2013062455,H 0004AV,VENDLA,Fiskefartøy,Hav,76.4,28 m og over ,15.6,2987,2013,2941.176470588235,AUSTEVOLL,NORGE
2013062553,TR0018AA,VALUTA,Fiskefartøy,Kyst,12.99,"11-14,99 m",5.78,,2013,213.97058823529412,ÅFJORD,NORGE
2013062652,VA0040M,ARCTIC,Fiskefartøy,Kyst,10.06,Under 11 m,3.85,,2012,279.4117647058823,LINDESNES,NORGE
2013062792,M 0068G,ATLANTIC VIKING,Fiskefartøy,Hav,74.7,28 m og over ,15.4,3439,2013,4264.7058823529405,GISKE,NORGE
2013062812,TR0119F,SVANAUG ELISE,Fiskefartøy,Hav,64.0,28 m og over ,13.8,1867,2013,2958.0882352941176,FRØYA,NORGE
2013062892,F 0029SV,BUGØYJENTA,Fiskefartøy,Kyst,10.65,Under 11 m,3.6,,2013,220.58823529411762,SØR-VARANGER,NORGE
2013062893,TF0015BD,JÆRBUEN,Fiskefartøy,Kyst,10.66,Under 11 m,4.5,,2013,183.8235294117647,BÅTSFJORD,NORGE
2013062912,M 0099HØ,REMØY,Fiskefartøy,Hav,74.0,28 m og over ,16.0,3909,2013,5882.35294117647,HERØY i Møre og Romsdal,NORGE
2013062932,T 0042T,ASBJØRN SELSBANE,Fiskefartøy,Hav,55.0,28 m og over ,12.8,1191,2013,2573.529411764706,TROMSØ,NORGE
2013063292,M 0005VN,KAMILE M,Fiskefartøy,Kyst,9.1,Under 11 m,3.53,9,1978,99.26470588235293,VANYLVEN,NORGE
2013063372,T 0100L,STIAN-ANDRE,Fiskefartøy,Kyst,19.8,"15-20,99 m",6.4,140,2013,441.17647058823525,LYNGEN,NORGE
2013063493,N 0125VV,GADUS NJORD,Fiskefartøy,Hav,69.8,28 m og over ,15.6,3449,2013,4705.882352941177,VESTVÅGØY,NORGE
2013063552,M 0033SM,MELODI,Fiskefartøy,Kyst,10.61,Under 11 m,,,1987,161.76470588235293,SMØLA,NORGE
2013063592,F 0019G,VÅRHEIM,Fiskefartøy,Kyst,8.78,Under 11 m,3.28,,2008,84.55882352941175,GAMVIK,NORGE
2014063893,TF0003G,RENESSANSE,Fiskefartøy,Kyst,9.45,Under 11 m,3.0,,1977,86.02941176470587,GAMVIK,NORGE
2014063972,N 0096BR,ANNA THERESE,Fiskefartøy,Kyst,10.99,Under 11 m,3.98,,2013,169.1176470588235,BRØNNØY,NORGE
2014064032,M 0044A,HAUGE JUNIOR,Samfiskefartøy,Kyst,14.99,"11-14,99 m",6.58,,2013,382.35294117647055,ÅLESUND,NORGE
2014064135,F 0009NK,ALKEN,Fiskefartøy,Kyst,10.5,Under 11 m,3.2,,1993,183.8235294117647,NORDKAPP,NORGE
2014064153,T 0002LK,ROLF ASBJØRN,Fiskefartøy,Hav,42.07,28 m og over ,9.5,796,2013,727.9411764705882,SENJA,NORGE
2014064155,T 0116K,LUNA,Fiskefartøy,Kyst,10.03,Under 11 m,3.06,,2013,242.6470588235294,KARLSØY,NORGE
2014064332,N 0025ME,EINAR ERLEND,Fiskefartøy,Hav,41.45,28 m og over ,9.8,609,2014,735.2941176470588,MELØY,NORGE
2014064453,M 0015S,LANGØY,Fiskefartøy,Kyst,10.58,Under 11 m,4.15,15,1984,183.8235294117647,SANDE i Møre og Romsdal,NORGE
2014064494,H 0077AV,MALENE S,Fiskefartøy,Hav,68.3,28 m og over ,14.0,2190,2000,5519.85294117647,AUSTEVOLL,NORGE
2014064532,N 0015R,HELLSKÅR,Fiskefartøy,Kyst,10.99,Under 11 m,3.84,,2014,279.4117647058823,RØDØY,NORGE
2014064713,TF0018LA,LOPPEJENTA,Fiskefartøy,Kyst,12.99,"11-14,99 m",4.24,,2014,514.7058823529411,LOPPA,NORGE
2014064717,N 0062H,FRITHJOFSON,Fiskefartøy,Kyst,9.45,Under 11 m,3.15,,1983,93.38235294117646,HADSEL,NORGE
2014064732,F 0072N,KLØVNESJENTA,Fiskefartøy,Kyst,10.66,Under 11 m,3.97,,2014,404.4117647058823,NESSEBY,NORGE
2014064792,SF0100SU,SULEBAS,Fiskefartøy,Hav,38.55,28 m og over ,9.5,499,2014,735.2941176470588,SOLUND,NORGE
2014065212,F 0017B,KENNETH JOHAN,Fiskefartøy,Kyst,9.0,Under 11 m,3.42,,2007,249.99999999999997,BERLEVÅG,NORGE
2014065252,H 0070AV,AARFISK,Fiskefartøy,Kyst,7.35,Under 11 m,2.34,,1982,44.11764705882353,AUSTEVOLL,NORGE
2014065714,R 0847TV,MIX,Fiskefartøy,Kyst,8.25,Under 11 m,2.85,,1968,33.088235294117645,TYSVÆR,NORGE
2014065794,H 0001AV,HARVEST,Fiskefartøy,Hav,67.0,28 m og over ,14.8,2342,2014,3970.5882352941176,AUSTEVOLL,NORGE
2014065832,H 0085AV,KALSØYGUTT,Fiskefartøy,Kyst,8.5,Under 11 m,3.25,,2014,294.11764705882354,AUSTEVOLL,NORGE
2014065914,SF0088B,GROTLE,Fiskefartøy,Kyst større,20.99,"15-20,99 m",8.5,287,2014,735.2941176470588,BREMANGER,NORGE
2014066172,R 0150K,QUO VADIS,Fiskefartøy,Hav,34.07,28 m og over ,9.5,499,2014,1323.5294117647059,KARMØY,NORGE
2014066274,TF0100SE,LISE BEATE,Fiskefartøy,Hav,38.55,28 m og over ,9.5,498,2014,748.5294117647059,SENJA,NORGE
2014066312,F 0061G,HOPSFJORD,Fiskefartøy,Kyst,10.99,Under 11 m,4.24,,2005,230.88235294117646,GAMVIK,NORGE
2014066412,M 0037HØ,PLASSAGUT,Fiskefartøy,Kyst,10.62,Under 11 m,3.89,,1979,227.94117647058823,HERØY i Møre og Romsdal,NORGE
2014066472,R 0409K,JENS,Fiskefartøy,Kyst,7.7,Under 11 m,2.69,,1982,22.058823529411764,KARMØY,NORGE
2014066552,H 0313AV,CAPRICE,Fiskefartøy,Kyst større,27.4,"21-27,99 m",8.4,267,2014,698.5294117647059,AUSTEVOLL,NORGE
2014066835,F 0133NK,LUSIU,Fiskefartøy,Kyst,6.18,Under 11 m,2.5,,2008,29.41176470588235,NORDKAPP,NORGE
2014067293,TF0020VS,PADDEBYJENTA,Fiskefartøy,Kyst,10.65,Under 11 m,3.6,,2014,220.58823529411762,VADSØ,NORGE
2014067313,N 0200B,SENIOR,Fiskefartøy,Hav,69.77,28 m og over ,14.5,2302,2003,4919.85294117647,BODØ,NORGE
2014067353,N 0027F,SANDRA ELISABETH,Samfiskefartøy,Kyst,10.98,Under 11 m,4.05,,2014,124.99999999999999,FLAKSTAD,NORGE
2014067533,F 0076NK,BORGAFELLI,Fiskefartøy,Kyst,10.45,Under 11 m,3.73,9,1987,95.58823529411764,NORDKAPP,NORGE
2014067655,M 0005VD,HAVBLÅ,Fiskefartøy,Kyst,10.65,Under 11 m,3.58,,2014,220.58823529411762,ØRSTA,NORGE
2015067853,M 0004HØ,FREDØY,Fiskefartøy,Kyst,14.96,"11-14,99 m",4.57,,2015,588.2352941176471,HERØY i Møre og Romsdal,NORGE
2015068093,M 0082H,REIDAR,Fiskefartøy,Kyst,10.99,Under 11 m,4.2,,2014,209.55882352941174,ÅLESUND,NORGE
2015068393,VL0004KI,ANDREA L,Fiskefartøy,Hav,69.9,28 m og over ,15.0,2716,2014,3999.9999999999995,KINN,NORGE
2015068433,N 0307LN,M.YTTERSTAD,Fiskefartøy,Hav,74.8,28 m og over ,15.4,2906,2015,3944.1176470588234,LØDINGEN,NORGE
2015068513,TF0033LB,SKARTEN,Fiskefartøy,Kyst,10.66,Under 11 m,3.82,,2011,367.6470588235294,LEBESBY,NORGE
2015068713,M 0024HØ,FISKENES,Fiskefartøy,Kyst,10.98,Under 11 m,3.72,,2006,404.4117647058823,HERØY i Møre og Romsdal,NORGE
2015068893,TR0100ND,SIGMUND M,Fiskefartøy,Kyst,10.99,Under 11 m,4.2,,2014,448.52941176470586,NÆRØYSUND,NORGE
2015069033,N 0003VV,ROWENTA,Fiskefartøy,Hav,34.85,28 m og over ,9.6,498,2015,1330.1470588235293,VESTVÅGØY,NORGE
2015069153,N 0005TN,TRÆNHAVET,Fiskefartøy,Kyst,12.46,"11-14,99 m",3.75,,2008,294.11764705882354,TRÆNA,NORGE
2015069313,TF0025K,HEAVY DUTY,Fiskefartøy,Kyst,6.2,Under 11 m,2.35,,2012,44.11764705882353,KARLSØY,NORGE
2015069733,VA0080S,UDVAAR III,Fiskefartøy,Kyst større,23.79,"21-27,99 m",7.27,207,1989,647.0588235294117,KRISTIANSAND,NORGE
2015070133,TF0009B,LUNA,Fiskefartøy,Kyst,10.99,Under 11 m,4.2,,2003,187.5,BERLEVÅG,NORGE
2015070333,M 0049G,TERNESKJER,Fiskefartøy,Kyst,10.98,Under 11 m,3.85,,2004,477.9411764705882,GISKE,NORGE
2015070373,ST0008Ø,POLARLYS,Fiskefartøy,Kyst,10.3,Under 11 m,3.05,,1989,88.23529411764706,ØRLAND,NORGE
2015070553,N 0400B,KVANNØY,Fiskefartøy,Hav,80.16,28 m og over ,15.5,2867,2015,3599.9999999999995,BODØ,NORGE
2015070674,N 0007TN,OSKAR ZAHL,Fiskefartøy,Kyst,9.09,Under 11 m,3.84,,2015,312.5,TRÆNA,NORGE
2015070773,M 0065HØ,SMARAGD,Fiskefartøy,Hav,74.0,28 m og over ,15.8,3580,2015,3999.9999999999995,HERØY i Møre og Romsdal,NORGE
2015070774,M 0007VD,ALUNA,Fiskefartøy,Kyst,7.5,Under 11 m,2.6,,2015,102.94117647058823,ØRSTA,NORGE
2015070833,TF0027K,BIRK-ELIAS,Fiskefartøy,Kyst,10.57,Under 11 m,3.13,,2001,227.94117647058823,KARLSØY,NORGE
2015070854,NT0006NR,RASKEN,Fiskefartøy,Kyst,10.05,Under 11 m,3.5,,2015,308.8235294117647,NÆRØYSUND,NORGE
2015070933,F 0500M,GULLHOLMEN,Fiskefartøy,Kyst,19.78,"15-20,99 m",6.4,123,2015,441.17647058823525,MÅSØY,NORGE
2015070957,VL0001K,THEA,Fiskefartøy,Kyst,9.99,Under 11 m,3.58,,2015,360.2941176470588,KVINNHERAD,NORGE
2015071182,T 0006KD,YLVA,Fiskefartøy,Kyst,7.32,Under 11 m,2.5,,1985,36.76470588235294,KÅFJORD,NORGE
2015071183,N 0009LF,SAGA,Fiskefartøy,Kyst,9.35,Under 11 m,,,1989,77.20588235294117,LEIRFJORD,NORGE
2015071184,M 0004AK,ELLIVER 2,Fiskefartøy,Kyst,6.36,Under 11 m,2.42,,1990,102.94117647058823,AUKRA,NORGE
2015071195,ST0001R,TYR,Fiskefartøy,Kyst,5.97,Under 11 m,2.21,,2015,66.17647058823529,ÅFJORD,NORGE
2015071213,F 0150V,LEAH MARIE,Fiskefartøy,Kyst,10.66,Under 11 m,4.2,,2015,205.88235294117646,VARDØ,NORGE
2015071234,T 0100K,KAROLINE,Fiskefartøy,Kyst,10.99,Under 11 m,4.2,,2015,102.94117647058823,KARLSØY,NORGE
2015071251,TF0012K,DUSMA,Fiskefartøy,Kyst,7.01,Under 11 m,2.54,,1980,22.058823529411764,KARLSØY,NORGE
2015071335,M 0020SM,NY-VIKING,Fiskefartøy,Kyst,14.95,"11-14,99 m",6.5,,2015,514.7058823529411,SMØLA,NORGE
2015071393,N 0009AH,HERR TESCH,Fiskefartøy,Kyst,10.6,Under 11 m,3.1,,1983,62.49999999999999,ALSTAHAUG,NORGE
2015071413,TF0024K,MONSTER,Fiskefartøy,Kyst,7.49,Under 11 m,2.88,,2015,161.76470588235293,KARLSØY,NORGE
2015071614,TF0113NK,HOLMEN,Fiskefartøy,Kyst,10.6,Under 11 m,3.44,7,2002,330.88235294117646,NORDKAPP,NORGE
2015071616,T 0133K,BURØYVÆRING,Fiskefartøy,Kyst,12.99,"11-14,99 m",5.5,,2015,404.4117647058823,KARLSØY,NORGE
2015071698,T 0062T,SOLSKJÆR,Fiskefartøy,Kyst,10.99,Under 11 m,4.47,,2015,224.26470588235293,TROMSØ,NORGE
2015071714,T 0125LK,BREIVIK SENIOR,Fiskefartøy,Kyst,12.98,"11-14,99 m",4.32,,2015,220.58823529411762,SENJA,NORGE
2015071716,T 0144T,JUNIOR,Fiskefartøy,Kyst,6.2,Under 11 m,2.35,,2015,36.76470588235294,TROMSØ,NORGE
2015071735,F 0400NK,THOR-ARILD,Fiskefartøy,Kyst,14.95,"11-14,99 m",6.5,,2015,441.17647058823525,NORDKAPP,NORGE
2015071737,H 0300B,ANGLEVIK,Fiskefartøy,Kyst,7.98,Under 11 m,2.79,,1974,22.058823529411764,BØMLO,NORGE
2015071739,N 0045ME,HUGIN,Fiskefartøy,Kyst,9.48,Under 11 m,3.3,,1979,93.38235294117646,MELØY,NORGE
2015071742,SF0025F,FANØYVÅG,Fiskefartøy,Kyst større,27.97,"21-27,99 m",8.5,392,2015,750.0,KINN,NORGE
2016071773,M 0018M,RAYMITA,Fiskefartøy,Kyst,7.47,Under 11 m,2.85,,2000,191.17647058823528,MOLDE,NORGE
2016071793,N 0030Ø,SOMMARØY,Fiskefartøy,Kyst,10.99,Under 11 m,4.81,24,2015,194.85294117647058,ØKSNES,NORGE
2016071813,N 0015A,MÅTIND,Fiskefartøy,Kyst,10.99,Under 11 m,4.3,,2015,220.58823529411762,ANDØY,NORGE
2016071974,TF0182BD,RADEBE,Fiskefartøy,Kyst,12.2,"11-14,99 m",3.9,,2006,367.6470588235294,BÅTSFJORD,NORGE
2016072053,TF0260T,STORMFUGLEN,Fiskefartøy,Kyst,14.99,"11-14,99 m",6.57,,2015,449.99999999999994,TROMSØ,NORGE
2016072553,TF0112BD,ENJA,Fiskefartøy,Kyst,10.99,Under 11 m,4.05,,2015,130.88235294117646,BÅTSFJORD,NORGE
2016072593,T 0090K,SOFIE,Fiskefartøy,Kyst,10.05,Under 11 m,2.86,,2016,319.85294117647055,KARLSØY,NORGE
2016072637,T 0046K,ADA-SOFIE,Fiskefartøy,Kyst,7.98,Under 11 m,2.58,,1987,147.05882352941177,KARLSØY,NORGE
2016072642,F 0060BD,MATAS,Fiskefartøy,Kyst,10.02,Under 11 m,3.65,,2016,294.11764705882354,BÅTSFJORD,NORGE
2016072646,R 0020ES,SVANEN,Fiskefartøy,Kyst,5.02,Under 11 m,1.85,,1992,7.352941176470588,EIGERSUND,NORGE
2016072742,R 0088K,GULLFISK,Fiskefartøy,Kyst,7.25,Under 11 m,2.7,,1992,102.94117647058823,KARMØY,NORGE
2016072795,M 0444HØ,FLÅVÆR,Fiskefartøy,Kyst,7.56,Under 11 m,2.65,,2016,84.55882352941175,HERØY i Møre og Romsdal,NORGE
2016073033,H 0011B,SJØLIVET,Fiskefartøy,Kyst,9.2,Under 11 m,3.44,,1998,233.8235294117647,BØMLO,NORGE
2016073034,F 0700NK,VÅRBUEN,Samfiskefartøy,Kyst,10.99,Under 11 m,4.45,,2016,301.4705882352941,NORDKAPP,NORGE
2016073173,M 0016HØ,ARIA M,Fiskefartøy,Kyst,14.95,"11-14,99 m",6.55,,2016,367.6470588235294,HERØY i Møre og Romsdal,NORGE
2016073293,R 0013V,TOLLAK JUNIOR,Fiskefartøy,Kyst,5.49,Under 11 m,1.93,,1969,36.02941176470588,VINDAFJORD,NORGE
2016073395,F 0039M,EMMA O,Fiskefartøy,Kyst,10.4,Under 11 m,3.78,,2001,294.11764705882354,MÅSØY,NORGE
2016073913,M 0001VD,RAMOEN,Fiskefartøy,Hav,75.05,28 m og over ,16.0,3723,2015,3599.9999999999995,ØRSTA,NORGE
2016074213,F 0001H,SEILAND,Fiskefartøy,Kyst,6.1,Under 11 m,2.52,,1992,44.11764705882353,HAMMERFEST,NORGE
2016074233,N 0059VV,VERONICA,Fiskefartøy,Kyst,5.5,Under 11 m,2.0,,1988,29.41176470588235,VESTVÅGØY,NORGE
2016074655,F 0002V,VANGEN,Fiskefartøy,Kyst,10.14,Under 11 m,3.17,,1971,73.52941176470588,VARDØ,NORGE
2016074793,TR0019ND,HYDRA,Fiskefartøy,Kyst,12.99,"11-14,99 m",6.0,,2016,286.7647058823529,NÆRØYSUND,NORGE
2017074913,M 0002AE,ÆRLING,Fiskefartøy,Kyst,10.99,Under 11 m,4.37,,2016,224.26470588235293,AURE,NORGE
2017074933,R 0005SO,ROTTFISK,Fiskefartøy,Kyst,14.96,"11-14,99 m",5.89,55,2007,294.11764705882354,SOLA,NORGE
2017075013,T 0017T,AKSEL B,Fiskefartøy,Kyst,10.98,Under 11 m,4.61,,2016,404.4117647058823,TROMSØ,NORGE
2017075133,TR0200V,VIKNAFJORD,Fiskefartøy,Kyst,10.98,Under 11 m,3.6,,1988,231.6176470588235,NÆRØYSUND,NORGE
2017075193,H 0127B,HAVØRN 2,Fiskefartøy,Kyst,10.65,Under 11 m,4.0,,1992,117.6470588235294,BØMLO,NORGE
2017075453,F 0024NK,EDEL VIND,Fiskefartøy,Kyst,10.65,Under 11 m,3.6,,1988,99.26470588235293,NORDKAPP,NORGE
2017075553,R 0026S,KREPSEN,Fiskefartøy,Kyst,8.72,Under 11 m,3.24,,2016,308.8235294117647,STAVANGER,NORGE
2017075714,TR0060ND,SULAVÅG,Fiskefartøy,Kyst,12.99,"11-14,99 m",5.8,,2017,286.7647058823529,NÆRØYSUND,NORGE
2017075753,TF0044M,BALTAZAR,Fiskefartøy,Kyst,10.57,Under 11 m,3.67,,1985,73.52941176470588,MÅSØY,NORGE
2017075933,F 0062HV,LOTTE,Fiskefartøy,Kyst,7.2,Under 11 m,2.55,,2016,102.94117647058823,HASVIK,NORGE
2017076073,F 0050H,T.A SENIOR,Fiskefartøy,Kyst,14.99,"11-14,99 m",8.0,,2017,610.2941176470588,HAMMERFEST,NORGE
2017076773,T 0006K,HAVGLIMT,Fiskefartøy,Kyst,10.98,Under 11 m,4.7,,2017,194.85294117647058,KARLSØY,NORGE
2017077353,F 0033B,ARYA,Fiskefartøy,Kyst,10.17,Under 11 m,3.46,,1998,220.58823529411762,BERLEVÅG,NORGE
2017077373,T 0111K,SNOKEN,Fiskefartøy,Kyst,6.2,Under 11 m,2.35,,2017,73.52941176470588,KARLSØY,NORGE
2017077414,T 0097K,NINA MARI,Fiskefartøy,Kyst,14.95,"11-14,99 m",6.6,,2017,441.17647058823525,KARLSØY,NORGE
2017095293,M 0024U,KYSTBUEN JR,Fiskefartøy,Kyst,9.43,Under 11 m,3.67,,2017,102.94117647058823,ULSTEIN,NORGE
2017095333,N 0030L,MARTINE SOFIE,Fiskefartøy,Kyst,9.8,Under 11 m,3.68,,1982,60.29411764705882,LURØY,NORGE
2017096333,R 0030ES,VÅRSOL II,Fiskefartøy,Kyst,5.55,Under 11 m,2.35,,2017,44.11764705882353,EIGERSUND,NORGE
2017096693,VA0330S,HELLEVIG 1,Fiskefartøy,Hav,40.3,28 m og over ,9.0,499,2001,540.4411764705882,KRISTIANSAND,NORGE
2017096913,M 0006HØ,LENA,Fiskefartøy,Kyst,8.5,Under 11 m,3.26,,2017,323.52941176470586,HERØY i Møre og Romsdal,NORGE
2017097613,ST0185F,FILIP,Fiskefartøy,Kyst,9.99,Under 11 m,3.6,,2017,231.6176470588235,FRØYA,NORGE
2017098613,M 0006M,ELINE,Fiskefartøy,Kyst,10.65,Under 11 m,3.9,,2017,374.2647058823529,MOLDE,NORGE
2017098773,TF0020L,SARA KARIN,Fiskefartøy,Kyst større,27.99,"21-27,99 m",9.0,268,2017,691.1764705882352,LYNGEN,NORGE
2017099073,TF0002SE,ØYANES,Fiskefartøy,Kyst,14.95,"11-14,99 m",6.5,,2017,441.17647058823525,SENJA,NORGE
2017099513,H 0163B,FANCY,Fiskefartøy,Kyst,7.65,Under 11 m,2.8,,2017,163.23529411764704,BØMLO,NORGE
2017099613,F 0007H,RISVAAG,Fiskefartøy,Kyst,6.4,Under 11 m,2.54,,2017,84.55882352941175,HAMMERFEST,NORGE
2017100273,N 0016TN,NOAH ANDRE,Fiskefartøy,Kyst,7.7,Under 11 m,2.7,,1998,102.94117647058823,TRÆNA,NORGE
2017100473,H 0138AV,AARLAND,Fiskefartøy,Kyst,8.9,Under 11 m,3.9,,2017,308.8235294117647,AUSTEVOLL,NORGE
2017100594,F 0300A,NAVIGER,Samfiskefartøy,Kyst,10.98,Under 11 m,4.7,,2017,220.58823529411762,ALTA,NORGE
2017100713,TF0244SE,EINARSON,Fiskefartøy,Hav,38.65,28 m og over ,9.25,499,2017,1350.735294117647,SENJA,NORGE
2017100993,N 0021MS,HELLODDEN,Fiskefartøy,Kyst,14.99,"11-14,99 m",6.51,,2017,459.5588235294117,MOSKENES,NORGE
2018101213,N 0006VV,NORDTIND,Fiskefartøy,Hav,80.4,28 m og over ,16.7,4129,2018,4632.35294117647,VESTVÅGØY,NORGE
2018101393,T 0001T,LOMVI,Fiskefartøy,Kyst,7.94,Under 11 m,2.6,,1980,37.5,TROMSØ,NORGE
2018101453,R 0077S,PRINCE,Fiskefartøy,Kyst,10.99,Under 11 m,3.73,,2017,477.9411764705882,STAVANGER,NORGE
2018101813,N 0004BR,JOHN E,Fiskefartøy,Kyst,10.66,Under 11 m,3.42,,2017,323.52941176470586,BRØNNØY,NORGE
2018101913,TF0025SE,NORDAL,Fiskefartøy,Kyst,14.99,"11-14,99 m",6.5,,2018,449.99999999999994,SENJA,NORGE
2018102113,M 0040HØ,NORDSJØBAS,Fiskefartøy,Hav,70.3,28 m og over ,13.5,2055,2003,4264.7058823529405,HERØY i Møre og Romsdal,NORGE
2018102355,N 0300VV,BALLSTADVÆRING,Fiskefartøy,Kyst større,24.5,"21-27,99 m",8.0,304,2017,735.2941176470588,VESTVÅGØY,NORGE
2018102413,T 0009LK,ELENA,Fiskefartøy,Kyst,5.35,Under 11 m,2.15,,2014,36.76470588235294,SENJA,NORGE
2018102554,M 0222G,GISKESUND,Fiskefartøy,Kyst,10.65,Under 11 m,3.58,,2018,220.58823529411762,GISKE,NORGE
2018102573,N 0300V,RISVÆR,Leiefartøy (Erstatningsfartøy),Kyst,14.99,"11-14,99 m",6.6,,2017,455.88235294117646,VÅGAN,NORGE
2018102613,M 0001G,VEIDAR,Fiskefartøy,Hav,55.5,28 m og over ,13.2,2195,2018,1873.5294117647059,GISKE,NORGE
2018102673,TF0012B,BARENTS,Fiskefartøy,Kyst,10.6,Under 11 m,3.45,,1982,88.23529411764706,BERLEVÅG,NORGE
2018102753,N 0200VV,BALLSTADØY,Fiskefartøy,Kyst,19.75,"15-20,99 m",8.0,197,2017,609.5588235294117,VESTVÅGØY,NORGE
2018102773,N 0107F,FALKEN,Samfiskefartøy,Kyst,10.98,Under 11 m,4.3,,2018,209.55882352941174,FLAKSTAD,NORGE
2018102813,T 0061BG,PELLE,Fiskefartøy,Kyst,5.0,Under 11 m,1.7,,1988,29.41176470588235,SENJA,NORGE
2018102853,R 0057K,ANNA CHRISTINE,Fiskefartøy,Kyst,11.97,"11-14,99 m",3.97,,2007,183.8235294117647,KARMØY,NORGE
2018103053,T 0044T,GRØTØY,Fiskefartøy,Kyst,6.15,Under 11 m,2.35,,2018,66.17647058823529,TROMSØ,NORGE
2018103133,N 0012DA,OTHELIE,Fiskefartøy,Kyst,6.4,Under 11 m,,,1985,16.176470588235293,DØNNA,NORGE
2018103213,R 0017ES,SEGLEM,Fiskefartøy,Kyst,6.2,Under 11 m,2.35,,2018,29.41176470588235,EIGERSUND,NORGE
2018103253,N 0346Ø,GUNNAR K,Fiskefartøy,Hav,38.65,28 m og over ,9.25,498,2018,772.0588235294117,ØKSNES,NORGE
2018103733,M 0020VD,BJØRN MARTIN,Fiskefartøy,Kyst,10.98,Under 11 m,4.75,,2018,194.85294117647058,ØRSTA,NORGE
2018103793,TF0015T,JUBÅEN,Samfiskefartøy,Kyst,10.91,Under 11 m,4.2,,2018,224.26470588235293,TROMSØ,NORGE
2018103893,H 0021F,ENDRE DYRØY,Fiskefartøy,Hav,69.3,28 m og over ,14.5,2259,2008,4411.764705882352,ØYGARDEN,NORGE
2018103973,N 0007V,HAVBAS,Fiskefartøy,Kyst,10.96,Under 11 m,5.0,,2018,294.11764705882354,VÅGAN,NORGE
2018104173,TR0001LA,LEKAMØY,Fiskefartøy,Kyst,10.66,Under 11 m,4.02,,2009,111.76470588235293,LEKA,NORGE
2018105273,TK0111BL,STORM,Fiskefartøy,Kyst,7.2,Under 11 m,2.5,,2018,99.26470588235293,BAMBLE,NORGE
2018105453,T 0004SE,SMÅEN,Fiskefartøy,Kyst,10.61,Under 11 m,4.0,,2018,169.1176470588235,SENJA,NORGE
2018106253,M 0006S,FRANTS,Fiskefartøy,Kyst,8.99,Under 11 m,3.7,,2018,242.6470588235294,SANDE i Møre og Romsdal,NORGE
2018106393,TF0005M,LEON,Fiskefartøy,Kyst,10.99,Under 11 m,5.4,,2018,297.7941176470588,MÅSØY,NORGE
2018106873,M 0104H,SEIR,Fiskefartøy,Hav,53.1,28 m og over ,12.8,1915,2018,1919.1176470588234,ÅLESUND,NORGE
2018106913,TF0018A,KEN MIKAL,Fiskefartøy,Kyst,7.83,Under 11 m,2.48,,1982,22.058823529411764,ALTA,NORGE
2018107113,TF0073LB,EVAN,Fiskefartøy,Kyst,7.85,Under 11 m,2.8,,1985,57.35294117647059,LEBESBY,NORGE
2018107313,Ø 0005R,ÅREFJORDGUTT 2,Fiskefartøy,Kyst,6.94,Under 11 m,2.42,,2007,165.44117647058823,MOSS,NORGE
2018107333,M 0008G,GØYING,Fiskefartøy,Kyst,10.66,Under 11 m,3.4,,2018,220.58823529411762,GISKE,NORGE
2018107493,F 0088TN,EMMA,Fiskefartøy,Kyst,9.57,Under 11 m,2.99,,2014,222.7941176470588,TANA,NORGE
2018107593,TR0096ND,HYDRA,Fiskefartøy,Kyst,14.99,"11-14,99 m",6.6,,2017,459.5588235294117,NÆRØYSUND,NORGE
2018107613,T 0209K,MT SENIOR,Fiskefartøy,Kyst,14.96,"11-14,99 m",6.55,,2018,514.7058823529411,KARLSØY,NORGE
2018107633,TF0024LB,SAGA,Fiskefartøy,Kyst,6.6,Under 11 m,2.5,,2018,110.29411764705881,LEBESBY,NORGE
2018107653,TR0003B,HJØRDIS,Fiskefartøy,Kyst,6.06,Under 11 m,2.32,,2017,44.11764705882353,ØRLAND,NORGE
2018107673,M 0004K,ROYAL,Fiskefartøy,Kyst,10.65,Under 11 m,4.1,,2018,367.6470588235294,KRISTIANSUND,NORGE
2018107777,N 0038BØ,SØRBÅEN,Fiskefartøy,Kyst,10.98,Under 11 m,5.3,,2018,294.11764705882354,BØ i Nordland,NORGE
2018107873,SF0002S,HOVDEN VIKING,Fiskefartøy,Hav,46.0,28 m og over ,12.0,1010,2018,1889.705882352941,STAD,NORGE
2018107893,VA0010S,GALANT,Fiskefartøy,Kyst,14.98,"11-14,99 m",6.5,88,2018,441.17647058823525,KRISTIANSAND,NORGE
2018108053,VA0072K,SJØVIK,Fiskefartøy,Kyst større,28.05,28 m og over ,8.4,322,2018,735.2941176470588,KRISTIANSAND,NORGE
2019108180,TF0110BD,NOKASA,Fiskefartøy,Hav,45.0,28 m og over ,,1335,2005,2205.882352941176,BÅTSFJORD,NORGE
2019108273,F 0097G,SELMA DRØFN,Fiskefartøy,Kyst,14.87,"11-14,99 m",6.65,,2017,312.5,GAMVIK,NORGE
2019108353,M 0002U,KYSTBUEN,Fiskefartøy,Kyst,10.96,Under 11 m,3.73,,2018,382.35294117647055,ULSTEIN,NORGE
2019108413,N 0200F,ANGELSEN SENIOR,Fiskefartøy,Kyst større,20.99,"15-20,99 m",6.96,310,2018,650.0,FLAKSTAD,NORGE
2019108473,F 0099HV,BOREAS,Fiskefartøy,Kyst,10.99,Under 11 m,3.47,,1998,169.1176470588235,HASVIK,NORGE
2019108493,TR0060H,JOHANNA,Fiskefartøy,Kyst,10.66,Under 11 m,3.6,,2018,220.58823529411762,HITRA,NORGE
2019108653,TR0400V,BRUSØYSKJÆR,Fiskefartøy,Hav,45.0,28 m og over ,10.5,663,2004,2039.705882352941,NÆRØYSUND,NORGE
2019108713,TR0050O,SKIPSON,Fiskefartøy,Kyst,10.98,Under 11 m,4.7,,2018,220.58823529411762,OSEN,NORGE
2019108793,M 0091AV,LADY ALUDIA,Fiskefartøy,Kyst,10.18,Under 11 m,3.6,,2002,441.17647058823525,AVERØY,NORGE
2019108813,TR0008T,VILDE,Fiskefartøy,Kyst,5.98,Under 11 m,2.4,,2018,110.29411764705881,TRONDHEIM,NORGE
2019108873,F 0020LB,TINDER,Fiskefartøy,Kyst,10.98,Under 11 m,3.73,,2018,257.35294117647055,LEBESBY,NORGE
2019108953,T 0001I,NORDHAVET,Fiskefartøy,Hav,43.15,28 m og over ,9.25,605,2018,1369.8529411764705,IBESTAD,NORGE
2019108973,M 0014AK,RAGNHILD KRISTINE,Fiskefartøy,Kyst,14.99,"11-14,99 m",8.0,,2018,459.5588235294117,AUKRA,NORGE
2019109053,T 0084LK,HAVFLORA,Fiskefartøy,Kyst,6.06,Under 11 m,2.32,,2018,55.147058823529406,SENJA,NORGE
2019109398,N 0001BØ,HENRY O,Fiskefartøy,Kyst,6.2,Under 11 m,2.35,,2013,58.8235294117647,BØ i Nordland,NORGE
2019109399,N 0400V,GERD JULIE,Fiskefartøy,Hav,39.7,28 m og over ,9.8,499,2019,1360.2941176470588,VÅGAN,NORGE
2019109533,M 0093HØ,PENNY,Fiskefartøy,Kyst,7.95,Under 11 m,3.49,,1985,62.49999999999999,HERØY i Møre og Romsdal,NORGE
2019109613,TF0067A,SALOMON,Fiskefartøy,Kyst,9.48,Under 11 m,2.97,,2000,308.8235294117647,ALTA,NORGE
2019109655,M 0002HØ,ØYTIND,Fiskefartøy,Kyst,10.65,Under 11 m,4.05,,2018,367.6470588235294,HERØY i Møre og Romsdal,NORGE
2019109673,TR0004O,RAV,Fiskefartøy,Hav,79.95,28 m og over ,15.5,3274,2019,4879.411764705882,OSEN,NORGE
2019109813,TR0010N,RASMUS,Fiskefartøy,Kyst,7.24,Under 11 m,2.75,,2019,147.05882352941177,NAMSOS,NORGE
2019109913,N 0007DA,AAKERGUTT,Fiskefartøy,Kyst,10.98,Under 11 m,4.7,,2019,220.58823529411762,DØNNA,NORGE
2019109955,T 0200LK,TRONDSKJÆR,Fiskefartøy,Hav,39.7,28 m og over ,9.8,499,2019,1350.735294117647,SENJA,NORGE
2019109977,TF0034V,FJORDBRIS,Fiskefartøy,Kyst,10.1,Under 11 m,4.0,,1999,220.58823529411762,VARDØ,NORGE
2019109979,N 0072L,HAVFRUEN,Fiskefartøy,Kyst,8.99,Under 11 m,3.6,,2019,272.05882352941177,LURØY,NORGE
2019110014,F 0153LB,RISVIK,Fiskefartøy,Kyst større,20.93,"15-20,99 m",9.0,319,2019,588.2352941176471,LEBESBY,NORGE
2019110016,AG0050LS,NORDSØ,Fiskefartøy,Kyst større,27.57,"21-27,99 m",8.4,267,2019,727.9411764705882,LINDESNES,NORGE
2019110133,N 0005ME,MELØYSUND JR,Fiskefartøy,Kyst,12.99,"11-14,99 m",6.2,,2019,367.6470588235294,MELØY,NORGE
2019110156,F 0008BD,BJØRKÅSBUEN,Fiskefartøy,Kyst,10.96,Under 11 m,3.73,,2019,477.9411764705882,BÅTSFJORD,NORGE
2019110234,F 0105M,KNARVIK,Fiskefartøy,Kyst,10.65,Under 11 m,3.6,,2019,220.58823529411762,MÅSØY,NORGE
2019110477,N 0003V,KNUT OLAV,Fiskefartøy,Hav,43.0,28 m og over ,10.0,772,2019,1330.8823529411764,VÅGAN,NORGE
2019110493,N 0095VV,STORHOLM,Fiskefartøy,Kyst,12.94,"11-14,99 m",5.9,,2019,330.88235294117646,VESTVÅGØY,NORGE
2019110515,TF0054T,OLDERSUND,Fiskefartøy,Kyst,12.95,"11-14,99 m",5.4,,2019,330.88235294117646,TROMSØ,NORGE
2019110793,F 0031BD,SUNNA DIS,Fiskefartøy,Kyst,10.07,Under 11 m,3.06,,2000,316.17647058823525,BÅTSFJORD,NORGE
2019111033,T 0020K,GÅSAN,Fiskefartøy,Kyst,6.2,Under 11 m,2.35,,2019,66.17647058823529,KARLSØY,NORGE
2019111153,R 0001K,CETUS,Fiskefartøy,Hav,65.0,28 m og over ,14.0,2230,2019,3308.8235294117644,KARMØY,NORGE
2019111178,F 0036M,ASNES,Fiskefartøy,Kyst,9.7,Under 11 m,3.0,8,2001,188.23529411764704,MÅSØY,NORGE
2019111354,TF0066SE,HUSØYSUND,Fiskefartøy,Kyst,10.66,Under 11 m,3.6,,2019,220.58823529411762,SENJA,NORGE
2019111433,N 0017BØ,BØMMELGUTT,Fiskefartøy,Kyst,13.41,"11-14,99 m",4.39,22,1983,146.3235294117647,BØ i Nordland,NORGE
2019111434,T 0209T,ÅSTA B,Fiskefartøy,Kyst,10.93,Under 11 m,3.76,,2019,477.9411764705882,TROMSØ,NORGE
2019111573,N 0031Ø,EINAR,Fiskefartøy,Kyst,14.94,"11-14,99 m",5.65,,2019,597.0588235294117,ØKSNES,NORGE
2019111713,F 0072M,SJØGLIMT,Fiskefartøy,Kyst,10.95,Under 11 m,4.07,,1981,220.58823529411762,MÅSØY,NORGE
2019111873,VA0019S,TENOR,Fiskefartøy,Hav,35.25,28 m og over ,9.2,498,2019,735.2941176470588,KRISTIANSAND,NORGE
2019112014,SF0004S,FRØYANES JUNIOR,Fiskefartøy,Hav,51.32,28 m og over ,14.0,1863,2019,1350.735294117647,STAD,NORGE
2019112113,TF0005P,BARJO,Fiskefartøy,Kyst,10.95,Under 11 m,3.86,,2019,183.8235294117647,PORSANGER,NORGE
2019112153,M 0001A,ATLANTIC,Fiskefartøy,Hav,64.0,28 m og over ,14.0,2816,2019,1433.8235294117646,ÅLESUND,NORGE
2019112173,TF0003T,JENS,Fiskefartøy,Kyst,7.98,Under 11 m,3.61,10,2019,124.99999999999999,TROMSØ,NORGE
2019112433,M 0189A,GUNNAR LANGVA,Fiskefartøy,Hav,74.8,28 m og over ,15.5,2999,2019,4800.0,ÅLESUND,NORGE
2019112653,T 0022BG,BEN HUR,Fiskefartøy,Kyst større,20.96,"15-20,99 m",9.0,333,2019,734.5588235294117,SENJA,NORGE
2019113461,TF0103TN,MIRA AURORA,Fiskefartøy,Kyst,12.97,"11-14,99 m",4.84,,2019,588.2352941176471,TANA,NORGE
2020112553,TF0014B,ABEL,Fiskefartøy,Kyst,10.95,Under 11 m,3.78,,2019,477.9411764705882,BERLEVÅG,NORGE
2020112693,TR0001VL,KIM,Fiskefartøy,Kyst,6.2,Under 11 m,2.35,,2019,44.11764705882353,VERDAL,NORGE
2020112834,VL0044B,RISLA,Fiskefartøy,Kyst,7.99,Under 11 m,3.1,,1984,51.470588235294116,BØMLO,NORGE
2020112873,M 0032AE,LYDIA,Fiskefartøy,Kyst,6.15,Under 11 m,2.35,,2019,44.11764705882353,AURE,NORGE
2020112993,TR0011ND,SETTER,Fiskefartøy,Kyst,10.98,Under 11 m,4.7,,2019,220.58823529411762,NÆRØYSUND,NORGE
2020113013,R 0044K,SOLGLYTT,Fiskefartøy,Kyst,10.99,Under 11 m,4.2,,2020,220.58823529411762,KARMØY,NORGE
2020113053,N 0004A,MJÅSUND,Fiskefartøy,Kyst,12.99,"11-14,99 m",6.0,,2020,330.88235294117646,ANDØY,NORGE
2020113213,N 0064V,LOFOTVÆRING II,Fiskefartøy,Kyst større,20.95,"15-20,99 m",7.2,182,2020,367.6470588235294,VÅGAN,NORGE
2020113334,M 0090A,BERGSUND,Fiskefartøy,Kyst,10.98,Under 11 m,5.35,,2019,294.11764705882354,ÅLESUND,NORGE
2020113413,TF0143T,ASMUND SENIOR,Fiskefartøy,Kyst,10.65,Under 11 m,3.6,,2020,220.58823529411762,TROMSØ,NORGE
2020113433,TF0009KD,IVAN,Fiskefartøy,Kyst,7.95,Under 11 m,3.13,,2020,294.11764705882354,KÅFJORD,NORGE
2020113538,T 0007SE,ROAR K,Fiskefartøy,Kyst,18.49,"15-20,99 m",6.6,135,2020,514.7058823529411,SENJA,NORGE
2020113720,N 0007H,HAVBRYN,Fiskefartøy,Kyst,7.95,Under 11 m,2.72,,2020,183.8235294117647,HADSEL,NORGE
2020113734,F 0024B,GEGGI,Fiskefartøy,Kyst,7.7,Under 11 m,3.0,,1988,110.29411764705881,BERLEVÅG,NORGE
2020113794,M 0020HØ,ELVEGUTT,Fiskefartøy,Kyst,8.99,Under 11 m,3.67,,2020,312.5,HERØY i Møre og Romsdal,NORGE
2020113815,F 0077N,POLARBAS,Fiskefartøy,Kyst,10.99,Under 11 m,3.3,,2007,514.7058823529411,NESSEBY,NORGE
2020113834,M 0117A,MATOMA 2,Fiskefartøy,Kyst,7.71,Under 11 m,2.65,,1980,49.99999999999999,ÅLESUND,NORGE
2020114236,TF0001KF,JUNI,Fiskefartøy,Kyst,6.08,Under 11 m,2.32,,2020,55.147058823529406,KVÆFJORD,NORGE
2020114294,M 0009HØ,KVALNES,Fiskefartøy,Kyst større,27.99,"21-27,99 m",9.5,420,2020,739.7058823529411,HERØY i Møre og Romsdal,NORGE
2020114376,TF0001K,NATALY,Fiskefartøy,Kyst,10.99,Under 11 m,4.6,,2020,551.470588235294,KARLSØY,NORGE
2020114417,N 0003MS,KLARA B,Fiskefartøy,Hav,48.0,28 m og over ,9.5,656,2020,1325.735294117647,MOSKENES,NORGE
2020114534,TF0019K,ANNE MERETE,Fiskefartøy,Kyst,7.95,Under 11 m,2.72,,2020,183.8235294117647,KARLSØY,NORGE
2020114615,TR0226ND,TUBORG,Fiskefartøy,Kyst,10.98,Under 11 m,4.7,,2020,220.58823529411762,NÆRØYSUND,NORGE
2020114837,TF0032LB,EMIL,Fiskefartøy,Kyst,9.55,Under 11 m,3.05,,2020,301.4705882352941,LEBESBY,NORGE
2020114914,TF0036V,LONE,Fiskefartøy,Kyst,7.95,Under 11 m,2.72,,2020,183.8235294117647,VARDØ,NORGE
2020114917,N 0021TN,ASTERIAS,Fiskefartøy,Kyst,7.95,Under 11 m,2.72,,2020,183.8235294117647,TRÆNA,NORGE
2020114955,R 0010SK,VESTAVIND,Fiskefartøy,Kyst større,26.05,"21-27,99 m",5.85,205,1979,735.2941176470588,SOKNDAL,NORGE
2020115075,TF0234T,STØDIG,Fiskefartøy,Hav,39.3,28 m og over ,11.5,752,2023,1319.8529411764705,TROMSØ,NORGE
2020115096,N 0002LF,ÅKERØYVÆRING,Samfiskefartøy,Kyst,10.99,Under 11 m,4.45,,2020,224.26470588235293,LEIRFJORD,NORGE
2020115099,M 0016AE,BASSE,Fiskefartøy,Kyst,5.3,Under 11 m,2.2,,2020,29.41176470588235,AURE,NORGE
2020115174,TF0007K,BIRGITTE,Fiskefartøy,Kyst,10.93,Under 11 m,4.55,,2020,493.3823529411764,KARLSØY,NORGE
2020115234,N 0200Ø,SUNDERØY,Fiskefartøy,Hav,77.26,28 m og over ,17.0,4216,2020,7199.999999999999,ØKSNES,NORGE
2020115257,VL0045B,SEVERIN,Fiskefartøy,Kyst,10.64,Under 11 m,3.6,,2020,220.58823529411762,BØMLO,NORGE
2020115334,M 0021AV,HEIM,Fiskefartøy,Kyst,6.2,Under 11 m,2.35,,2020,44.11764705882353,AVERØY,NORGE
2020115396,N 0040F,KJELL SENIOR,Fiskefartøy,Kyst,18.4,"15-20,99 m",6.55,119,2020,514.7058823529411,FLAKSTAD,NORGE
2020115435,N 0072VR,VÆRØYBUEN,Fiskefartøy,Kyst,12.99,"11-14,99 m",6.4,,2020,367.6470588235294,VÆRØY,NORGE
2020115475,M 0030G,NORDBAS,Fiskefartøy,Hav,60.48,28 m og over ,10.26,1185,1979,3944.1176470588234,GISKE,NORGE
2020115495,AG0001LS,NESEJENTA,Fiskefartøy,Hav,35.3,28 m og over ,9.1,496,2020,955.8823529411764,LINDESNES,NORGE
2020115635,VL0001SU,SULEHAV,Fiskefartøy,Hav,34.16,28 m og over ,9.5,486,2020,735.2941176470588,SOLUND,NORGE
2020115644,TF0100BD,AH SENIOR,Fiskefartøy,Kyst,14.96,"11-14,99 m",6.55,,2020,514.7058823529411,BÅTSFJORD,NORGE
2020115656,N 0024BØ,BERIT,Fiskefartøy,Kyst,9.45,Under 11 m,3.14,,1985,51.470588235294116,BØ i Nordland,NORGE
2020115659,TF0093LA,HERMES,Fiskefartøy,Hav,69.91,28 m og over ,16.0,3292,2020,5325.0,LOPPA,NORGE
2020115676,N 0033A,NORDFLU,Fiskefartøy,Kyst,10.98,Under 11 m,5.3,,2020,,ANDØY,NORGE
2021115695,N 0012VA,SMURFEPIA,Fiskefartøy,Kyst,4.8,Under 11 m,1.98,,2007,18.38235294117647,VEGA,NORGE
2021116376,TR0007AA,RINGSKJÆR,Fiskefartøy,Kyst,10.99,Under 11 m,4.45,,2020,220.58823529411762,ÅFJORD,NORGE
2021116575,N 0006Ø,LIVE ELISE,Fiskefartøy,Kyst,10.99,Under 11 m,5.3,,2022,330.88235294117646,ØKSNES,NORGE
2021116636,F 0016NK,VORAS,Fiskefartøy,Kyst,6.08,Under 11 m,2.32,,2020,55.147058823529406,NORDKAPP,NORGE
2021116695,N 0093V,ØRSVÅG II,Samfiskefartøy,Kyst,9.97,Under 11 m,3.58,,2022,301.4705882352941,VÅGAN,NORGE
2021116716,TF0023BD,SEGLA,Fiskefartøy,Kyst,7.62,Under 11 m,2.8,,1968,22.794117647058822,BÅTSFJORD,NORGE
2021116775,N 0005L,VIRUS,Fiskefartøy,Kyst,6.2,Under 11 m,2.0,,2010,95.58823529411764,LURØY,NORGE
2021117057,N 0074Ø,HAVBÅRA,Fiskefartøy,Kyst,19.0,"15-20,99 m",8.0,169,2021,519.8529411764705,ØKSNES,NORGE
2021117117,TR0069Ø,HUBORG,Fiskefartøy,Kyst,10.99,Under 11 m,5.0,,2021,220.58823529411762,ØRLAND,NORGE
2021117218,N 0026ME,PERNILLE,Fiskefartøy,Kyst,6.11,Under 11 m,2.32,,2020,55.147058823529406,MELØY,NORGE
2021117317,VL0003ØN,LIAFJORD,Fiskefartøy,Hav,72.1,28 m og over ,15.0,2692,2023,4632.35294117647,ØYGARDEN,NORGE
2021117417,TF0002I,MAGNE ARVESEN,Fiskefartøy,Hav,69.91,28 m og over ,16.0,3422,2021,5250.0,IBESTAD,NORGE
2021117460,M 0023HØ,HERØYFJORD,Fiskefartøy,Hav,69.95,28 m og over ,15.0,2351,2013,3480.1470588235293,HERØY i Møre og Romsdal,NORGE
2021117517,N 0210BØ,VIKANØY,Fiskefartøy,Hav,44.2,28 m og over ,11.5,911,2021,1893.3823529411764,BØ i Nordland,NORGE
2021117638,TF0096T,AUSMA,Fiskefartøy,Kyst,7.5,Under 11 m,2.67,,1987,117.6470588235294,TROMSØ,NORGE
2021117917,TF0067T,CAMILLA,Fiskefartøy,Kyst,7.0,Under 11 m,2.5,,2012,110.29411764705881,TROMSØ,NORGE
2021117977,M 0007A,RESAFLU,Fiskefartøy,Kyst,10.95,Under 11 m,5.5,,2021,294.11764705882354,ÅLESUND,NORGE
2021118157,N 0090BØ,SNARSÆTVÆRING,Samfiskefartøy,Kyst,14.99,"11-14,99 m",7.2,,2023,551.470588235294,BØ i Nordland,NORGE
2021118317,VL0009AV,HARDHAUS,Fiskefartøy,Hav,74.5,28 m og over ,16.0,3226,2020,4852.941176470588,AUSTEVOLL,NORGE
2021118397,R 0015HM,ANETTE,Fiskefartøy,Kyst,10.55,Under 11 m,3.25,,2021,161.76470588235293,HJELMELAND,NORGE
2021118737,TF0030L,SLETTENBERG,Fiskefartøy,Kyst større,27.97,"21-27,99 m",10.0,417,2021,735.2941176470588,LYNGEN,NORGE
2021118838,TF0018H,VESTVÅG,Fiskefartøy,Kyst,10.95,Under 11 m,5.5,,2021,294.11764705882354,HAMMERFEST,NORGE
2021118897,VL0007AV,ANITA,Fiskefartøy,Kyst,10.98,Under 11 m,4.15,,2021,404.4117647058823,AUSTEVOLL,NORGE
2021119098,TF0020K,REIDAR,Fiskefartøy,Kyst,10.96,Under 11 m,4.3,,2021,220.58823529411762,KARLSØY,NORGE
2021119099,AG0004F,FJORDBUEN,Fiskefartøy,Kyst,14.92,"11-14,99 m",5.67,,1997,330.88235294117646,FLEKKEFJORD,NORGE
2021119100,VL0009KI,BØEN,Fiskefartøy,Kyst,8.88,Under 11 m,3.46,,1987,60.29411764705882,KINN,NORGE
2021119177,M 0030M,NYBO,Fiskefartøy,Hav,65.0,28 m og over ,13.2,1680,2003,4500.0,MOLDE,NORGE
2021119217,N 0045VR,JARLE BERG,Fiskefartøy,Hav,50.7,28 m og over ,12.0,1418,2024,1893.3823529411764,VÆRØY,NORGE
2021119278,T 0009SE,ØYNES,Fiskefartøy,Kyst,10.98,Under 11 m,4.7,,2021,220.58823529411762,SENJA,NORGE
2021119339,M 0051HØ,REMØYGUTT,Fiskefartøy,Kyst,10.99,Under 11 m,3.9,,2020,367.6470588235294,HERØY i Møre og Romsdal,NORGE
2021119517,TF0037M,GEITINGEN,Fiskefartøy,Kyst,10.99,Under 11 m,3.73,,2021,367.6470588235294,MÅSØY,NORGE
2021119577,TF0009SE,BROBACK,Fiskefartøy,Kyst,14.99,"11-14,99 m",7.5,,2021,441.17647058823525,SENJA,NORGE
2021119718,M 0077HØ,ROGNEGUTT,Fiskefartøy,Kyst,10.98,Under 11 m,4.15,,2021,367.6470588235294,HERØY i Møre og Romsdal,NORGE
2021119738,TF0025VS,SMÅBAKKEN,Fiskefartøy,Kyst,10.99,Under 11 m,4.15,,2023,312.5,VADSØ,NORGE
2021119797,TF0020T,BREIDTIND,Fiskefartøy,Hav,80.4,28 m og over ,16.7,4172,2022,4705.882352941177,TROMSØ,NORGE
2021119917,N 0001VV,KE-TO,Fiskefartøy,Kyst større,20.95,"15-20,99 m",,318,2021,735.2941176470588,VESTVÅGØY,NORGE
2021119997,N 0270VV,SANDHOLMEN,Fiskefartøy,Kyst,10.99,Under 11 m,4.8,,2021,220.58823529411762,VESTVÅGØY,NORGE
2021120037,M 0081G,SJØGUTT,Fiskefartøy,Kyst,11.09,"11-14,99 m",3.96,,2021,514.7058823529411,GISKE,NORGE
2021120137,VL0101AV,ØSTERFJORD,Fiskefartøy,Hav,67.0,28 m og over ,14.6,2985,2021,1883.0882352941176,AUSTEVOLL,NORGE
2022120398,TF0041T,ZENTOR,Fiskefartøy,Kyst,9.38,Under 11 m,3.24,,1987,147.05882352941177,TROMSØ,NORGE
2022120658,TF0600NK,ASTERIX,Fiskefartøy,Kyst,10.99,Under 11 m,4.68,20,2021,294.11764705882354,NORDKAPP,NORGE
2022120757,TF0094SE,GUBBEN,Fiskefartøy,Kyst,5.35,Under 11 m,,,2021,29.41176470588235,SENJA,NORGE
2022120797,VL0009BR,FRØYHAV,Fiskefartøy,Kyst,14.95,"11-14,99 m",8.0,,2021,551.470588235294,BREMANGER,NORGE
2022120837,TF0336V,ØSTKAPP,Fiskefartøy,Kyst,10.99,Under 11 m,4.58,,2021,477.9411764705882,VARDØ,NORGE
2022120877,M 0195M,HAVSNURP,Fiskefartøy,Hav,69.99,28 m og over ,14.8,2520,2024,4575.0,MOLDE,NORGE
2022120917,M 0079HØ,FROMAR,Fiskefartøy,Kyst,11.05,"11-14,99 m",5.0,,2021,312.5,HERØY i Møre og Romsdal,NORGE
2022121317,M 0200HØ,SKÅR SENIOR,Fiskefartøy,Hav,48.3,28 m og over ,12.0,1218,2022,1919.8529411764705,HERØY i Møre og Romsdal,NORGE
2022121457,R 0011KV,VILLAKSEN,Fiskefartøy,Kyst,5.98,Under 11 m,2.6,,2021,183.8235294117647,KVITSØY,NORGE
2022121497,M 0006VN,SEBASTIAN,Fiskefartøy,Kyst,7.85,Under 11 m,2.65,,1982,55.147058823529406,VANYLVEN,NORGE
2022121557,TF0030T,SØRKAPP,Fiskefartøy,Hav,80.4,28 m og over ,16.7,4170,2023,4733.088235294117,TROMSØ,NORGE
2022121658,TF0061NK,ANNA ELLIE,Fiskefartøy,Kyst,10.98,Under 11 m,4.7,,2022,220.58823529411762,NORDKAPP,NORGE
2022121737,AG0001K,HAVFJORD,Fiskefartøy,Hav,36.0,28 m og over ,9.5,499,2022,1323.5294117647059,KRISTIANSAND,NORGE
2022121977,M 0039HØ,ARGO,Fiskefartøy,Kyst,14.98,"11-14,99 m",6.55,,2022,551.470588235294,HERØY i Møre og Romsdal,NORGE
2022122037,F 0009BD,IRMA,Fiskefartøy,Kyst,10.54,Under 11 m,3.46,,1997,105.1470588235294,BÅTSFJORD,NORGE
2022122217,TR0069T,KVATRO,Fiskefartøy,Kyst,10.65,Under 11 m,4.05,,2022,367.6470588235294,TRONDHEIM,NORGE
2022122257,M 0007VS,DOSÆR,Fiskefartøy,Kyst,10.95,Under 11 m,5.5,,2022,294.11764705882354,VESTNES,NORGE
2022122417,VL0001E,ÅLEN 18,Fiskefartøy,Kyst,5.49,Under 11 m,1.89,,1980,11.029411764705882,ETNE,NORGE
2022122497,R 0030K,VEA,Fiskefartøy,Hav,67.6,28 m og over ,14.5,2304,2023,3970.5882352941176,KARMØY,NORGE
2022122699,R 0012H,HANS,Fiskefartøy,Kyst,11.9,"11-14,99 m",4.1,,2002,257.35294117647055,HAUGESUND,NORGE
2022123037,TF0500NK,HENRIETTE E,Fiskefartøy,Kyst,10.99,Under 11 m,,,2022,588.2352941176471,NORDKAPP,NORGE
2022123057,AG0003K,MONSUN,Fiskefartøy,Hav,36.69,28 m og over ,9.5,498,2022,727.9411764705882,KRISTIANSAND,NORGE
2022123338,VL0043KI,REBEKKA L,Fiskefartøy,Kyst større,28.0,28 m og over ,8.2,279,2020,1029.4117647058822,KINN,NORGE
2022123339,AG0097LS,ASTRID,Fiskefartøy,Hav,35.69,28 m og over ,8.5,482,2000,727.9411764705882,LINDESNES,NORGE
2022123398,TF0032V,LINEA,Fiskefartøy,Kyst,10.66,Under 11 m,3.6,10,2022,194.85294117647058,VARDØ,NORGE
2022123501,TF0030BD,MYRENG FISK 2,Fiskefartøy,Kyst,10.95,Under 11 m,5.2,,2022,367.6470588235294,BÅTSFJORD,NORGE
2022123518,TR0018F,EDNA SYNNØVE,Leiefartøy (Erstatningsfartøy),Hav,37.56,28 m og over ,8.0,499,1984,727.9411764705882,FRØYA,NORGE
2022123581,TF0047T,SVENØR,Fiskefartøy,Hav,30.33,28 m og over ,9.6,230,2020,727.9411764705882,TROMSØ,NORGE
2022123585,M 0044HØ,VENTURA,Fiskefartøy,Kyst,14.96,"11-14,99 m",4.6,30,2022,459.5588235294117,HERØY i Møre og Romsdal,NORGE
2022123590,F 0019B,LIAM,Fiskefartøy,Kyst,6.3,Under 11 m,2.27,,2022,102.94117647058823,BERLEVÅG,NORGE
2022123626,TF0018TN,SKOARRA,Fiskefartøy,Kyst,6.01,Under 11 m,2.6,,2020,102.94117647058823,TANA,NORGE
2022123628,M 0005HØ,KAMPEN,Fiskefartøy,Kyst,10.99,Under 11 m,4.15,,2022,261.02941176470586,HERØY i Møre og Romsdal,NORGE
2023123667,TF0005S,LOJAL 2,Fiskefartøy,Kyst,5.3,Under 11 m,2.12,,2022,29.41176470588235,SKJERVØY,NORGE
2023123705,N 0002FE,SVARTHAV,Fiskefartøy,Kyst,10.66,Under 11 m,5.0,,2022,279.4117647058823,FAUSKE,NORGE
2023123706,VL0016ØN,SOLO,Fiskefartøy,Kyst,7.8,Under 11 m,3.0,,2022,242.6470588235294,ØYGARDEN,NORGE
2023123746,TF0101HV,KVITHOLMEN,Fiskefartøy,Kyst,14.99,"11-14,99 m",6.95,,2022,551.470588235294,HASVIK,NORGE
2023123755,VL0001LS,VÅGAL,Fiskefartøy,Kyst,7.07,Under 11 m,2.34,,2023,84.55882352941175,LUSTER,NORGE
2023123954,TF0066BD,JULIE PAULINE,Fiskefartøy,Hav,44.6,28 m og over ,9.5,496,2022,735.2941176470588,BÅTSFJORD,NORGE
2023123977,M 0225G,K. NYVOLL,Fiskefartøy,Hav,53.2,28 m og over ,12.0,1380,2005,2205.882352941176,GISKE,NORGE
2023124034,TF0021N,BERGEBYGUTT,Fiskefartøy,Kyst,10.98,Under 11 m,3.78,14,2005,477.9411764705882,NESSEBY,NORGE
2023124056,R 0026B,KANSAS,Fiskefartøy,Kyst,10.65,Under 11 m,3.65,,1999,113.23529411764704,BOKN,NORGE
2023124074,VL0180AV,OLA RYGGEFJORD,Fiskefartøy,Hav,76.25,28 m og over ,14.4,2488,2006,4500.0,AUSTEVOLL,NORGE
2023124096,M 0311HØ,GOLLENES,Fiskefartøy,Hav,69.99,28 m og over ,14.8,2522,2023,3897.0588235294117,HERØY i Møre og Romsdal,NORGE
2023124102,TF0094NK,MAYA,Fiskefartøy,Kyst,10.98,Under 11 m,3.72,,2023,294.11764705882354,NORDKAPP,NORGE
2023124135,TR0024ND,TOR ARNT,Fiskefartøy,Kyst,10.07,Under 11 m,3.22,,1995,95.58823529411764,NÆRØYSUND,NORGE
2023124154,M 0020VN,KARI,Fiskefartøy,Kyst,7.07,Under 11 m,2.34,,2023,51.470588235294116,VANYLVEN,NORGE
2023124175,N 0005HR,CHARLOTTE,Fiskefartøy,Kyst,10.65,Under 11 m,4.05,,2022,367.6470588235294,HERØY i Nordland,NORGE
2023124176,TF0021SE,SIGURD,Fiskefartøy,Kyst,10.66,Under 11 m,3.36,,2023,323.52941176470586,SENJA,NORGE
2023124194,VL0778B,MOSTEIN,Fiskefartøy,Hav,44.0,28 m og over ,11.0,806,2012,1985.2941176470588,BØMLO,NORGE
2023124214,N 0130Ø,SELMA,Fiskefartøy,Kyst,10.65,Under 11 m,3.6,10,2023,194.85294117647058,ØKSNES,NORGE
2023124304,TF0123K,WANDA,Fiskefartøy,Kyst,10.01,Under 11 m,3.8,,2012,279.4117647058823,KARLSØY,NORGE
2023124305,TF0031BD,SOLRUN B,Samfiskefartøy,Kyst,11.95,"11-14,99 m",4.18,,2007,477.9411764705882,BÅTSFJORD,NORGE
2023124335,VL0069SU,BARSTEIN,Fiskefartøy,Kyst,14.98,"11-14,99 m",6.9,111,2020,514.7058823529411,SOLUND,NORGE
2023124375,TF0060SE,SKREIGRUNN,Fiskefartøy,Kyst større,27.97,"21-27,99 m",9.1,421,2023,735.2941176470588,SENJA,NORGE
2023124377,TF0008S,ARNØYTIND,Fiskefartøy,Hav,50.24,28 m og over ,12.0,1140,2023,735.2941176470588,SKJERVØY,NORGE
2023124417,TF0084NK,MODDY,Fiskefartøy,Kyst,10.99,Under 11 m,5.3,,2023,294.11764705882354,NORDKAPP,NORGE
2023124435,AG0002K,SILLE MARIE,Fiskefartøy,Hav,65.9,28 m og over ,14.0,2126,2023,2878.676470588235,KRISTIANSAND,NORGE
2023124458,TF0020NK,TUNES,Fiskefartøy,Kyst,10.98,Under 11 m,4.22,,1990,166.91176470588235,NORDKAPP,NORGE
2023124462,TR0003FL,HÅRNES HUNTER,Fiskefartøy,Kyst,7.07,Under 11 m,2.34,,2023,84.55882352941175,FLATANGER,NORGE
2023124495,AG0008LS,NORDAN,Fiskefartøy,Hav,33.75,28 m og over ,8.0,370,2001,731.6176470588234,LINDESNES,NORGE
2023124519,M 0017M,MÅKEN,Fiskefartøy,Kyst,7.07,Under 11 m,2.34,,2023,84.55882352941175,MOLDE,NORGE
2023124528,TF0032BD,SKARBERG,Samfiskefartøy,Kyst,10.91,Under 11 m,4.2,,2022,220.58823529411762,BÅTSFJORD,NORGE
2023124534,M 0057HU,DØNNING,Fiskefartøy,Kyst,10.98,Under 11 m,4.68,,2023,294.11764705882354,HUSTADVIKA,NORGE
2023124554,TF0108NK,NABEE,Fiskefartøy,Kyst,7.68,Under 11 m,2.55,,1988,1475.7352941176468,NORDKAPP,NORGE
2023124579,TF0022L,NORD-FUGLØY,Fiskefartøy,Hav,50.68,28 m og over ,12.0,1421,2023,1911.7647058823527,LYNGEN,NORGE
2023124617,F 0003BD,IVAR,Fiskefartøy,Kyst,10.99,Under 11 m,3.72,,2023,382.35294117647055,BÅTSFJORD,NORGE
2023124640,TF0082T,EYA,Fiskefartøy,Kyst,11.05,"11-14,99 m",4.83,,2023,169.1176470588235,TROMSØ,NORGE
2023124654,TF0033G,SIF,Fiskefartøy,Kyst,10.93,Under 11 m,3.78,,2004,329.4117647058823,GAMVIK,NORGE
2023124674,M 0005RA,BRUSE,Fiskefartøy,Kyst,7.12,Under 11 m,2.35,,2023,84.55882352941175,RAUMA,NORGE
2023124675,TF0037SV,STÆRK,Fiskefartøy,Kyst,8.5,Under 11 m,3.3,,2011,147.05882352941177,SØR-VARANGER,NORGE
2023124676,TF0011T,KIAN HILMARSEN,Fiskefartøy,Kyst,5.9,Under 11 m,2.15,,2016,1483.0882352941176,TROMSØ,NORGE
2023124716,N 0086R,STEN TORE,Fiskefartøy,Kyst,7.8,Under 11 m,3.0,,2023,163.23529411764704,RØDØY,NORGE
2023124738,TF0037BD,OLAVJENTA,Fiskefartøy,Kyst,10.99,Under 11 m,3.71,,2023,257.35294117647055,BÅTSFJORD,NORGE
2023124757,TF0021VS,LUCKY DUCK,Leiefartøy (Erstatningsfartøy),Kyst,10.96,Under 11 m,4.61,,2023,1487.5,VADSØ,NORGE
2023124786,M 0034HØ,SILDHOLMEN,Fiskefartøy,Kyst,9.6,Under 11 m,4.0,,1999,106.61764705882352,HERØY i Møre og Romsdal,NORGE
2023124788,N 0045B,KARIANNE,Fiskefartøy,Kyst,14.99,"11-14,99 m",7.2,,2023,551.470588235294,BODØ,NORGE
2023124878,TF0101NK,KRISTINE E,Fiskefartøy,Kyst,10.99,Under 11 m,4.8,,2023,220.58823529411762,NORDKAPP,NORGE
2023125018,TF0023SE,LOMSTIND,Fiskefartøy,Kyst,10.96,Under 11 m,4.8,,2024,220.58823529411762,SENJA,NORGE
2023125219,TF0090SE,AKSEL JOHAN,Fiskefartøy,Hav,39.95,28 m og over ,9.2,668,2024,1084.5588235294117,SENJA,NORGE
2024124799,N 0100A,KLÆVTIND,Fiskefartøy,Kyst,18.4,"15-20,99 m",6.6,114,2023,459.5588235294117,ANDØY,NORGE
2024124879,F 0116TN,HERJA,Fiskefartøy,Kyst,9.77,Under 11 m,2.99,,2012,374.2647058823529,TANA,NORGE
2024124918,T 0002K,MAIKEN,Fiskefartøy,Kyst,7.07,Under 11 m,2.34,,2023,84.55882352941175,KARLSØY,NORGE
2024124967,N 0127F,ELLINOR,Fiskefartøy,Kyst,7.96,Under 11 m,2.7,,1968,63.23529411764705,FLAKSTAD,NORGE
2024124969,N 0011HM,VILDE,Fiskefartøy,Kyst,5.48,Under 11 m,,,1989,22.058823529411764,HAMARØY,NORGE
2024125037,F 0006M,NANNA K,Fiskefartøy,Kyst,10.99,Under 11 m,4.3,,2024,257.35294117647055,MÅSØY,NORGE
2024125178,F 0021NK,ASTERIX,Fiskefartøy,Kyst,9.74,Under 11 m,3.5,,1998,62.49999999999999,NORDKAPP,NORGE
2024125200,R 0557K,RØNØ,Fiskefartøy,Kyst større,21.44,"21-27,99 m",6.07,110,1987,404.4117647058823,KARMØY,NORGE
2024125259,N 0003ME,MATHILDE,Fiskefartøy,Kyst,7.11,Under 11 m,2.34,,2023,66.17647058823529,MELØY,NORGE
2024125318,N 0008L,HÅREK,Fiskefartøy,Kyst,5.5,Under 11 m,2.05,,2010,73.52941176470588,LURØY,NORGE
2024125359,F 0002LB,TINDER,Fiskefartøy,Kyst,10.97,Under 11 m,3.72,,2024,257.35294117647055,LEBESBY,NORGE
2024125458,M 0018A,HAVBRIS,Fiskefartøy,Kyst,10.98,Under 11 m,3.72,,2024,705.8823529411765,ÅLESUND,NORGE
2024125560,F 0032LB,TIINA E,Fiskefartøy,Kyst,9.99,Under 11 m,3.6,,2024,257.35294117647055,LEBESBY,NORGE
2024125579,M 0080S,HALLVARDSON,Fiskefartøy,Kyst,10.66,Under 11 m,3.47,,2003,110.29411764705881,SANDE i Møre og Romsdal,NORGE
2024125580,F 0025H,TITA,Fiskefartøy,Kyst,6.7,Under 11 m,2.1,,1987,27.205882352941174,HAMMERFEST,NORGE
2024125637,M 0001VA,MYRAGUT,Fiskefartøy,Kyst,5.3,Under 11 m,2.2,,2022,36.76470588235294,VOLDA,NORGE
