Seddelnummer;Landingsdato;Fartøy ID;Art FAO (kode);Art FAO (navn);Fangstområde (kode);Fangstområde (navn);Redskap (kode);Rundvekt (kg)
S0000001;01.01.2024;V0008;COD;Torsk;03;Øst-Finnmark;OTB;5684.4
S0000002;02.01.2024;V0025;COD;Torsk;03;Øst-Finnmark;GN;6895.6
S0000003;03.01.2024;V0042;COD;Torsk;03;Øst-Finnmark;DAN;6502.5
S0000004;02.01.2024;V0021;HAD;Hyse;03;Øst-Finnmark;GN;2098.6
S0000005;03.01.2024;V0038;HAD;Hyse;03;Øst-Finnmark;DAN;2559.8
S0000006;04.01.2024;V0007;HAD;Hyse;03;Øst-Finnmark;LLS;3046.5
S0000007;03.01.2024;V0034;POK;Sei;03;Øst-Finnmark;DAN;1653.6
S0000008;04.01.2024;V0003;POK;Sei;03;Øst-Finnmark;LLS;2013.5
S0000009;05.01.2024;V0020;POK;Sei;03;Øst-Finnmark;OTB;2392.4
S0000010;02.01.2024;V0019;COD;Torsk;04;Vest-Finnmark;GN;5852.1
S0000011;03.01.2024;V0036;COD;Torsk;04;Vest-Finnmark;DAN;7133.2
S0000012;04.01.2024;V0005;COD;Torsk;04;Vest-Finnmark;LLS;8483.6
S0000013;03.01.2024;V0032;HAD;Hyse;04;Vest-Finnmark;DAN;2740.2
S0000014;04.01.2024;V0001;HAD;Hyse;04;Vest-Finnmark;LLS;3334.5
S0000015;05.01.2024;V0018;HAD;Hyse;04;Vest-Finnmark;OTB;3959.6
S0000016;04.01.2024;V0045;POK;Sei;04;Vest-Finnmark;LLS;2150.8
S0000017;05.01.2024;V0014;POK;Sei;04;Vest-Finnmark;OTB;2613.3
S0000018;06.01.2024;V0031;POK;Sei;04;Vest-Finnmark;GN;3098.8
S0000019;03.01.2024;V0030;COD;Torsk;05;Røstbanken til Malangsgrunnen;DAN;5480.2
S0000020;04.01.2024;V0047;COD;Torsk;05;Røstbanken til Malangsgrunnen;LLS;6664.6
S0000021;05.01.2024;V0016;COD;Torsk;05;Røstbanken til Malangsgrunnen;OTB;7909.4
S0000022;04.01.2024;V0043;HAD;Hyse;05;Røstbanken til Malangsgrunnen;LLS;2556.5
S0000023;05.01.2024;V0012;HAD;Hyse;05;Røstbanken til Malangsgrunnen;OTB;3104.6
S0000024;06.01.2024;V0029;HAD;Hyse;05;Røstbanken til Malangsgrunnen;GN;3679.4
S0000025;05.01.2024;V0008;POK;Sei;05;Røstbanken til Malangsgrunnen;OTB;1999.8
S0000026;06.01.2024;V0025;POK;Sei;05;Røstbanken til Malangsgrunnen;GN;1922.8
S0000027;01.01.2024;V0042;POK;Sei;05;Røstbanken til Malangsgrunnen;DAN;2291.7
S0000028;04.01.2024;V0041;COD;Torsk;06;Helgelandsbanken;LLS;5284.5
S0000029;05.01.2024;V0010;COD;Torsk;06;Helgelandsbanken;OTB;6413.9
S0000030;06.01.2024;V0027;COD;Torsk;06;Helgelandsbanken;GN;6023.3
S0000031;05.01.2024;V0006;HAD;Hyse;06;Helgelandsbanken;OTB;2457.2
S0000032;06.01.2024;V0023;HAD;Hyse;06;Helgelandsbanken;GN;2372.3
S0000033;01.01.2024;V0040;HAD;Hyse;06;Helgelandsbanken;DAN;2825.4
S0000034;06.01.2024;V0019;POK;Sei;06;Helgelandsbanken;GN;1533.2
S0000035;01.01.2024;V0036;POK;Sei;06;Helgelandsbanken;DAN;1868.2
S0000036;02.01.2024;V0005;POK;Sei;06;Helgelandsbanken;LLS;2221.2
S0000037;05.01.2024;V0004;COD;Torsk;07;Storegga-Frøyabanken;OTB;4081.1
S0000038;06.01.2024;V0021;COD;Torsk;07;Storegga-Frøyabanken;GN;4978.0
S0000039;01.01.2024;V0038;COD;Torsk;07;Storegga-Frøyabanken;DAN;5924.5
S0000040;06.01.2024;V0017;HAD;Hyse;07;Storegga-Frøyabanken;GN;1913.2
S0000041;01.01.2024;V0034;HAD;Hyse;07;Storegga-Frøyabanken;DAN;2329.6
S0000042;02.01.2024;V0003;HAD;Hyse;07;Storegga-Frøyabanken;LLS;2768.0
S0000043;01.01.2024;V0030;POK;Sei;07;Storegga-Frøyabanken;DAN;1503.2
S0000044;02.01.2024;V0047;POK;Sei;07;Storegga-Frøyabanken;LLS;1827.6
S0000045;03.01.2024;V0016;POK;Sei;07;Storegga-Frøyabanken;OTB;2168.3
S0000046;06.01.2024;V0015;COD;Torsk;08;Eigersundbanken;GN;3865.2
S0000047;01.01.2024;V0032;COD;Torsk;08;Eigersundbanken;DAN;4703.5
S0000048;02.01.2024;V0001;COD;Torsk;08;Eigersundbanken;LLS;5585.3
S0000049;01.01.2024;V0028;HAD;Hyse;08;Eigersundbanken;DAN;1804.9
S0000050;02.01.2024;V0045;HAD;Hyse;08;Eigersundbanken;LLS;2193.1
S0000051;03.01.2024;V0014;HAD;Hyse;08;Eigersundbanken;OTB;2600.6
S0000052;02.01.2024;V0041;POK;Sei;08;Eigersundbanken;LLS;1413.2
S0000053;03.01.2024;V0010;POK;Sei;08;Eigersundbanken;OTB;1714.8
S0000054;04.01.2024;V0027;POK;Sei;08;Eigersundbanken;GN;1613.7
S0000055;08.01.2024;V0015;COD;Torsk;03;Øst-Finnmark;GN;5705.8
S0000056;09.01.2024;V0032;COD;Torsk;03;Øst-Finnmark;DAN;6928.9
S0000057;10.01.2024;V0001;COD;Torsk;03;Øst-Finnmark;LLS;8211.9
S0000058;09.01.2024;V0028;HAD;Hyse;03;Øst-Finnmark;DAN;2726.5
S0000059;10.01.2024;V0045;HAD;Hyse;03;Øst-Finnmark;LLS;2621.5
S0000060;11.01.2024;V0014;HAD;Hyse;03;Øst-Finnmark;OTB;3124.4
S0000061;10.01.2024;V0041;POK;Sei;03;Øst-Finnmark;LLS;1570.1
S0000062;11.01.2024;V0010;POK;Sei;03;Øst-Finnmark;OTB;1914.5
S0000063;12.01.2024;V0027;POK;Sei;03;Øst-Finnmark;GN;2277.7
S0000064;09.01.2024;V0026;COD;Torsk;04;Vest-Finnmark;DAN;7376.4
S0000065;10.01.2024;V0043;COD;Torsk;04;Vest-Finnmark;LLS;7121.6
S0000066;11.01.2024;V0012;COD;Torsk;04;Vest-Finnmark;OTB;8481.5
S0000067;10.01.2024;V0039;HAD;Hyse;04;Vest-Finnmark;LLS;2811.6
S0000068;11.01.2024;V0008;HAD;Hyse;04;Vest-Finnmark;OTB;3425.8
S0000069;12.01.2024;V0025;HAD;Hyse;04;Vest-Finnmark;GN;4073.1
S0000070;11.01.2024;V0004;POK;Sei;04;Vest-Finnmark;OTB;2048.5
S0000071;12.01.2024;V0021;POK;Sei;04;Vest-Finnmark;GN;2492.0
S0000072;13.01.2024;V0038;POK;Sei;04;Vest-Finnmark;DAN;2958.3
S0000073;10.01.2024;V0037;COD;Torsk;05;Røstbanken til Malangsgrunnen;LLS;5481.3
S0000074;11.01.2024;V0006;COD;Torsk;05;Røstbanken til Malangsgrunnen;OTB;6674.3
S0000075;12.01.2024;V0023;COD;Torsk;05;Røstbanken til Malangsgrunnen;GN;7930.4
S0000076;11.01.2024;V0002;HAD;Hyse;05;Røstbanken til Malangsgrunnen;OTB;2630.9
S0000077;12.01.2024;V0019;HAD;Hyse;05;Røstbanken til Malangsgrunnen;GN;3198.5
S0000078;13.01.2024;V0036;HAD;Hyse;05;Røstbanken til Malangsgrunnen;DAN;3794.8
S0000079;12.01.2024;V0015;POK;Sei;05;Røstbanken til Malangsgrunnen;GN;1909.8
S0000080;13.01.2024;V0032;POK;Sei;05;Røstbanken til Malangsgrunnen;DAN;2318.6
S0000081;08.01.2024;V0001;POK;Sei;05;Røstbanken til Malangsgrunnen;LLS;2747.2
S0000082;11.01.2024;V0048;COD;Torsk;06;Helgelandsbanken;OTB;5300.5
S0000083;12.01.2024;V0017;COD;Torsk;06;Helgelandsbanken;GN;6440.4
S0000084;13.01.2024;V0034;COD;Torsk;06;Helgelandsbanken;DAN;7637.0
S0000085;12.01.2024;V0013;HAD;Hyse;06;Helgelandsbanken;GN;2535.2
S0000086;13.01.2024;V0030;HAD;Hyse;06;Helgelandsbanken;DAN;3076.2
S0000087;08.01.2024;V0047;HAD;Hyse;06;Helgelandsbanken;LLS;2894.9
S0000088;13.01.2024;V0026;POK;Sei;06;Helgelandsbanken;DAN;1454.4
S0000089;08.01.2024;V0043;POK;Sei;06;Helgelandsbanken;LLS;1774.7
S0000090;09.01.2024;V0012;POK;Sei;06;Helgelandsbanken;OTB;2112.9
S0000091;12.01.2024;V0011;COD;Torsk;07;Storegga-Frøyabanken;GN;5164.1
S0000092;13.01.2024;V0028;COD;Torsk;07;Storegga-Frøyabanken;DAN;4965.2
S0000093;08.01.2024;V0045;COD;Torsk;07;Storegga-Frøyabanken;LLS;5917.7
S0000094;13.01.2024;V0024;HAD;Hyse;07;Storegga-Frøyabanken;DAN;1961.2
S0000095;08.01.2024;V0041;HAD;Hyse;07;Storegga-Frøyabanken;LLS;2391.3
S0000096;09.01.2024;V0010;HAD;Hyse;07;Storegga-Frøyabanken;OTB;2845.0
S0000097;08.01.2024;V0037;POK;Sei;7;Storegga-Frøyabanken;LLS;1430.5
S0000098;09.01.2024;V0006;POK;Sei;07;Storegga-Frøyabanken;OTB;1741.3
S0000099;10.01.2024;V0023;POK;Sei;07;Storegga-Frøyabanken;GN;2068.4
S0000100;13.01.2024;V0022;COD;Torsk;08;Eigersundbanken;DAN;3862.6
S0000101;08.01.2024;V0039;COD;Torsk;08;Eigersundbanken;LLS;4706.4
S0000102;09.01.2024;V0008;COD;Torsk;08;Eigersundbanken;OTB;5595.7
S0000103;08.01.2024;V0035;HAD;Hyse;08;Eigersundbanken;LLS;1856.0
S0000104;09.01.2024;V0004;HAD;Hyse;08;Eigersundbanken;OTB;2257.8
S0000105;10.01.2024;V0021;HAD;Hyse;08;Eigersundbanken;GN;2680.2
S0000106;09.01.2024;V0048;POK;Sei;08;Eigersundbanken;OTB;1348.6
S0000107;10.01.2024;V0017;POK;Sei;08;Eigersundbanken;GN;1638.2
S0000108;11.01.2024;V0034;POK;Sei;08;Eigersundbanken;DAN;1942.0
S0000109;15.01.2024;V0022;COD;Torsk;03;Øst-Finnmark;DAN;5670.4
S0000110;16.01.2024;V0039;COD;Torsk;03;Øst-Finnmark;LLS;6893.8
S0000111;17.01.2024;V0008;COD;Torsk;03;Øst-Finnmark;OTB;8179.1
S0000112;16.01.2024;V0035;HAD;Hyse;03;Øst-Finnmark;LLS;2804.0
S0000113;17.01.2024;V0004;HAD;Hyse;03;Øst-Finnmark;OTB;3404.1
S0000114;18.01.2024;V0021;HAD;Hyse;03;Øst-Finnmark;GN;4033.4
S0000115;17.01.2024;V0048;POK;Sei;03;Øst-Finnmark;OTB;1890.2
S0000116;18.01.2024;V0017;POK;Sei;03;Øst-Finnmark;GN;1821.2
S0000117;19.01.2024;V0034;POK;Sei;03;Øst-Finnmark;DAN;2169.7
S0000118;16.01.2024;V0033;COD;Torsk;04;Vest-Finnmark;LLS;7349.5
S0000119;17.01.2024;V0002;COD;Torsk;04;Vest-Finnmark;OTB;8917.8
S0000120;18.01.2024;V0019;COD;Torsk;04;Vest-Finnmark;GN;8392.3
S0000121;17.01.2024;V0046;HAD;Hyse;04;Vest-Finnmark;OTB;2872.1
S0000122;18.01.2024;V0015;HAD;Hyse;04;Vest-Finnmark;GN;3504.6
S0000123;19.01.2024;V0032;HAD;Hyse;04;Vest-Finnmark;DAN;4172.4
S0000124;18.01.2024;V0011;POK;Sei;04;Vest-Finnmark;GN;1952.2
S0000125;19.01.2024;V0028;POK;Sei;04;Vest-Finnmark;DAN;2378.0
S0000126;20.01.2024;V0045;POK;Sei;04;Vest-Finnmark;LLS;2826.3
S0000127;17.01.2024;V0044;COD;Torsk;05;Røstbanken til Malangsgrunnen;OTB;5426.2
S0000128;18.01.2024;V0013;COD;Torsk;05;Røstbanken til Malangsgrunnen;GN;6616.3
S0000129;19.01.2024;V0030;COD;Torsk;05;Røstbanken til Malangsgrunnen;DAN;7871.6
S0000130;18.01.2024;V0009;HAD;Hyse;05;Røstbanken til Malangsgrunnen;GN;2696.1
S0000131;19.01.2024;V0026;HAD;Hyse;05;Røstbanken til Malangsgrunnen;DAN;3281.9
S0000132;20.01.2024;V0043;HAD;Hyse;05;Røstbanken til Malangsgrunnen;LLS;3898.3
S0000133;19.01.2024;V0022;POK;Sei;05;Røstbanken til Malangsgrunnen;DAN;1825.4
S0000134;20.01.2024;V0039;POK;Sei;05;Røstbanken til Malangsgrunnen;LLS;2218.6
S0000135;15.01.2024;V0008;POK;Sei;05;Røstbanken til Malangsgrunnen;OTB;2631.5
S0000136;18.01.2024;V0007;COD;Torsk;06;Helgelandsbanken;GN;5263.4
S0000137;19.01.2024;V0024;COD;Torsk;06;Helgelandsbanken;DAN;6402.9
S0000138;20.01.2024;V0041;COD;Torsk;06;Helgelandsbanken;LLS;7601.0
S0000139;19.01.2024;V0020;HAD;Hyse;06;Helgelandsbanken;DAN;2605.3
S0000140;20.01.2024;V0037;HAD;Hyse;06;Helgelandsbanken;LLS;3164.7
S0000141;15.01.2024;V0006;HAD;Hyse;06;Helgelandsbanken;OTB;3751.7
S0000142;20.01.2024;V0033;POK;Sei;06;Helgelandsbanken;LLS;1757.8
S0000143;15.01.2024;V0002;POK;Sei;06;Helgelandsbanken;OTB;2132.4
S0000144;16.01.2024;V0019;POK;Sei;06;Helgelandsbanken;GN;2010.8
S0000145;19.01.2024;V0018;COD;Torsk;07;Storegga-Frøyabanken;DAN;5141.6
S0000146;20.01.2024;V0035;COD;Torsk;07;Storegga-Frøyabanken;LLS;6242.1
S0000147;15.01.2024;V0004;COD;Torsk;07;Storegga-Frøyabanken;OTB;7396.0
S0000148;20.01.2024;V0031;HAD;Hyse;07;Storegga-Frøyabanken;LLS;2536.6
S0000149;15.01.2024;V0048;HAD;Hyse;07;Storegga-Frøyabanken;OTB;2444.0
S0000150;16.01.2024;V0017;HAD;Hyse;07;Storegga-Frøyabanken;GN;2911.8
S0000151;15.01.2024;V0044;POK;Sei;07;Storegga-Frøyabanken;OTB;1362.1
S0000152;16.01.2024;V0013;POK;Sei;07;Storegga-Frøyabanken;GN;1660.3
S0000153;17.01.2024;V0030;POK;Sei;07;Storegga-Frøyabanken;DAN;1974.6
S0000154;20.01.2024;V0029;COD;Torsk;08;Eigersundbanken;LLS;3820.0
S0000155;15.01.2024;V0046;COD;Torsk;08;Eigersundbanken;OTB;4661.3
S0000156;16.01.2024;V0015;COD;Torsk;08;Eigersundbanken;GN;5549.5
S0000157;15.01.2024;V0042;HAD;Hyse;08;Eigersundbanken;OTB;1900.3
S0000158;16.01.2024;V0011;HAD;Hyse;08;Eigersundbanken;GN;2314.7
S0000159;17.01.2024;V0028;HAD;Hyse;08;Eigersundbanken;DAN;2751.2
S0000160;16.01.2024;V0007;POK;Sei;08;Eigersundbanken;GN;1288.0
S0000161;17.01.2024;V0024;POK;Sei;08;Eigersundbanken;DAN;1566.3
S0000162;18.01.2024;V0041;POK;Sei;08;Eigersundbanken;LLS;1858.9
S0000163;22.01.2024;V0029;COD;Torsk;03;Øst-Finnmark;LLS;5575.0
S0000164;23.01.2024;V0046;COD;Torsk;03;Øst-Finnmark;OTB;6786.2
S0000165;24.01.2024;V0015;COD;Torsk;03;Øst-Finnmark;GN;8060.8
S0000166;23.01.2024;V0042;HAD;Hyse;03;Øst-Finnmark;OTB;2867.6
S0000167;24.01.2024;V0011;HAD;Hyse;03;Øst-Finnmark;GN;3485.3
S0000168;25.01.2024;V0028;HAD;Hyse;03;Øst-Finnmark;DAN;4134.0
S0000169;24.01.2024;V0007;POK;Sei;03;Øst-Finnmark;GN;1813.1
S0000170;25.01.2024;V0024;POK;Sei;03;Øst-Finnmark;DAN;2200.6
S0000171;26.01.2024;V0041;POK;Sei;03;Øst-Finnmark;LLS;2066.6
S0000172;23.01.2024;V0040;COD;Torsk;04;Vest-Finnmark;OTB;7245.9
S0000173;24.01.2024;V0009;COD;Torsk;04;Vest-Finnmark;GN;8801.6
S0000173;24.01.2024;V0009;COD;Torsk;04;Vest-Finnmark;GN;8801.6
S0000174;25.01.2024;V0026;COD;Torsk;04;Vest-Finnmark;DAN;10434.1
S0000175;24.01.2024;V0005;HAD;Hyse;04;Vest-Finnmark;GN;3714.3
S0000176;25.01.2024;V0022;HAD;Hyse;04;Vest-Finnmark;DAN;4505.8
S0000177;26.01.2024;V0039;HAD;Hyse;04;Vest-Finnmark;LLS;4248.9
S0000178;25.01.2024;V0018;POK;Sei;04;Vest-Finnmark;DAN;1860.3
S0000179;26.01.2024;V0035;POK;Sei;04;Vest-Finnmark;LLS;2269.2
S0000180;27.01.2024;V0004;POK;Sei;04;Vest-Finnmark;OTB;2700.6
S0000181;24.01.2024;V0003;COD;Torsk;05;Røstbanken til Malangsgrunnen;GN;6733.2
S0000182;25.01.2024;V0020;COD;Torsk;05;Røstbanken til Malangsgrunnen;DAN;6487.3
S0000183;26.01.2024;V0037;COD;Torsk;05;Røstbanken til Malangsgrunnen;LLS;7729.0
S0000184;25.01.2024;V0016;HAD;Hyse;05;Røstbanken til Malangsgrunnen;DAN;2746.9
S0000185;26.01.2024;V0033;HAD;Hyse;05;Røstbanken til Malangsgrunnen;LLS;3348.2
S0000186;27.01.2024;V0002;HAD;Hyse;05;Røstbanken til Malangsgrunnen;OTB;3982.1
S0000187;26.01.2024;V0029;POK;Sei;05;Røstbanken til Malangsgrunnen;LLS;1744.9
S0000188;27.01.2024;V0046;POK;Sei;05;Røstbanken til Malangsgrunnen;OTB;2123.4
S0000189;22.01.2024;V0015;POK;Sei;05;Røstbanken til Malangsgrunnen;GN;2521.4
S0000190;25.01.2024;V0014;COD;Torsk;06;Helgelandsbanken;DAN;5170.4
S0000191;26.01.2024;V0031;COD;Torsk;06;Helgelandsbanken;LLS;6297.8
S0000192;27.01.2024;V0048;COD;Torsk;06;Helgelandsbanken;OTB;7485.3
S0000193;26.01.2024;V0027;HAD;Hyse;06;Helgelandsbanken;LLS;2662.4
S0000194;27.01.2024;V0044;HAD;Hyse;6;Helgelandsbanken;OTB;3237.8
S0000195;22.01.2024;V0013;HAD;Hyse;06;Helgelandsbanken;GN;3842.5
S0000196;27.01.2024;V0040;POK;Sei;06;Helgelandsbanken;OTB;1684.9
S0000197;22.01.2024;V0009;POK;Sei;06;Helgelandsbanken;GN;2046.1
S0000198;23.01.2024;V0026;POK;Sei;06;Helgelandsbanken;DAN;2425.0
S0000199;26.01.2024;V0025;COD;Torsk;07;Storegga-Frøyabanken;LLS;5065.3
S0000200;27.01.2024;V0042;COD;Torsk;07;Storegga-Frøyabanken;OTB;6156.4
S0000201;22.01.2024;V0011;COD;Torsk;07;Storegga-Frøyabanken;GN;7302.2
S0000202;27.01.2024;V0038;HAD;Hyse;07;Storegga-Frøyabanken;OTB;2599.0
S0000203;22.01.2024;V0007;HAD;Hyse;07;Storegga-Frøyabanken;GN;3154.4
S0000204;23.01.2024;V0024;HAD;Hyse;07;Storegga-Frøyabanken;DAN;2962.3
S0000205;22.01.2024;V0003;POK;Sei;07;Storegga-Frøyabanken;GN;1639.5
S0000206;23.01.2024;V0020;POK;Sei;07;Storegga-Frøyabanken;DAN;1582.9
S0000207;24.01.2024;V0037;POK;Sei;07;Storegga-Frøyabanken;LLS;1885.1
S0000208;27.01.2024;V0036;COD;Torsk;08;Eigersundbanken;OTB;4758.9
S0000209;22.01.2024;V0005;COD;Torsk;08;Eigersundbanken;GN;5773.0
S0000210;23.01.2024;V0022;COD;Torsk;08;Eigersundbanken;DAN;5443.9
S0000211;22.01.2024;V0001;HAD;Hyse;08;Eigersundbanken;GN;
S0000212;23.01.2024;V0018;HAD;Hyse;08;Eigersundbanken;DAN;2359.4
S0000213;24.01.2024;V0035;HAD;Hyse;08;Eigersundbanken;LLS;2808.0
S0000214;23.01.2024;V0014;POK;Sei;08;Eigersundbanken;DAN;1230.2
S0000215;24.01.2024;V0031;POK;Sei;08;Eigersundbanken;LLS;1497.9
S0000216;25.01.2024;V0048;POK;Sei;08;Eigersundbanken;OTB;1779.8
S0000217;29.01.2024;V0036;COD;Torsk;03;Øst-Finnmark;OTB;5419.5
S0000218;30.01.2024;V0005;COD;Torsk;03;Øst-Finnmark;GN;6605.8
S0000219;31.01.2024;V0022;COD;Torsk;03;Øst-Finnmark;DAN;7856.5
S0000220;30.01.2024;V0001;HAD;Hyse;03;Øst-Finnmark;GN;2912.1
S0000221;31.01.2024;V0018;HAD;Hyse;03;Øst-Finnmark;DAN;3543.7
S0000222;01.02.2024;V0035;HAD;Hyse;03;Øst-Finnmark;LLS;4208.0
S0000223;31.01.2024;V0014;POK;Sei;03;Øst-Finnmark;DAN;1751.4
S0000224;01.02.2024;V0031;POK;Sei;03;Øst-Finnmark;LLS;2128.1
S0000225;02.02.2024;V0048;POK;Sei;03;Øst-Finnmark;OTB;2523.5
S0000226;30.01.2024;V0047;COD;Torsk;04;Vest-Finnmark;GN;7065.1
S0000227;31.01.2024;V0016;COD;Torsk;04;Vest-Finnmark;DAN;8592.0
S0000228;01.02.2024;V0033;COD;Torsk;04;Vest-Finnmark;LLS;10196.8
S0000229;31.01.2024;V0012;HAD;Hyse;04;Vest-Finnmark;DAN;3782.2
S0000230;01.02.2024;V0029;HAD;Hyse;04;Vest-Finnmark;LLS;4593.0
S0000231;02.02.2024;V0046;HAD;Hyse;04;Vest-Finnmark;OTB;5443.4
S0000232;01.02.2024;V0025;POK;Sei;04;Vest-Finnmark;LLS;2267.1
S0000233;02.02.2024;V0042;POK;Sei;04;Vest-Finnmark;OTB;2179.8
S0000234;03.02.2024;V0011;POK;Sei;04;Vest-Finnmark;GN;2597.9
S0000235;31.01.2024;V0010;COD;Torsk;05;Røstbanken til Malangsgrunnen;DAN;6582.4
S0000236;01.02.2024;V0027;COD;Torsk;05;Røstbanken til Malangsgrunnen;LLS;7989.1
S0000237;02.02.2024;V0044;COD;Torsk;05;Røstbanken til Malangsgrunnen;OTB;7502.7
S0000238;01.02.2024;V0023;HAD;Hyse;05;Røstbanken til Malangsgrunnen;LLS;3512.4
S0000239;02.02.2024;V0040;HAD;Hyse;05;Røstbanken til Malangsgrunnen;OTB;3391.1
S0000240;03.02.2024;V0009;HAD;Hyse;05;Røstbanken til Malangsgrunnen;GN;4038.6
S0000241;02.02.2024;V0036;POK;Sei;05;Røstbanken til Malangsgrunnen;OTB;1679.3
S0000242;03.02.2024;V0005;POK;Sei;05;Røstbanken til Malangsgrunnen;GN;2046.2
S0000243;29.01.2024;V0022;POK;Sei;05;Røstbanken til Malangsgrunnen;DAN;2432.9
S0000244;01.02.2024;V0021;COD;Torsk;06;Helgelandsbanken;LLS;5021.4
S0000245;02.02.2024;V0038;COD;Torsk;06;Helgelandsbanken;OTB;6125.0
S0000246;03.02.2024;V0007;COD;Torsk;06;Helgelandsbanken;GN;7289.5
S0000247;02.02.2024;V0034;HAD;Hyse;06;Helgelandsbanken;OTB;2701.4
S0000248;03.02.2024;V0003;HAD;Hyse;06;Helgelandsbanken;GN;3289.3
S0000249;29.01.2024;V0020;HAD;Hyse;06;Helgelandsbanken;DAN;3908.3
S0000250;03.02.2024;V0047;POK;Sei;06;Helgelandsbanken;GN;1626.4
S0000251;29.01.2024;V0016;POK;Sei;06;Helgelandsbanken;DAN;1977.3
S0000252;30.01.2024;V0033;POK;Sei;06;Helgelandsbanken;LLS;2346.0
S0000253;02.02.2024;V0032;COD;Torsk;07;Storegga-Frøyabanken;OTB;4934.9
S0000254;03.02.2024;V0001;COD;Torsk;07;Storegga-Frøyabanken;GN;6005.2
S0000255;29.01.2024;V0018;COD;Torsk;07;Storegga-Frøyabanken;DAN;7131.0
S0000256;03.02.2024;V0045;HAD;Hyse;07;Storegga-Frøyabanken;GN;2644.5
S0000257;29.01.2024;V0014;HAD;Hyse;07;Storegga-Frøyabanken;DAN;3213.2
S0000258;30.01.2024;V0031;HAD;Hyse;07;Storegga-Frøyabanken;LLS;3810.2
S0000259;29.01.2024;V0010;POK;Sei;07;Storegga-Frøyabanken;DAN;1586.6
S0000260;30.01.2024;V0027;POK;Sei;07;Storegga-Frøyabanken;LLS;1925.2
S0000261;31.01.2024;V0044;POK;Sei;07;Storegga-Frøyabanken;OTB;1811.7
S0000262;03.02.2024;V0043;COD;Torsk;08;Eigersundbanken;GN;4649.1
S0000263;29.01.2024;V0012;COD;Torsk;08;Eigersundbanken;DAN;5645.7
S0000264;30.01.2024;V0029;COD;Torsk;08;Eigersundbanken;LLS;6691.0
S0000265;29.01.2024;V0008;HAD;Hyse;08;Eigersundbanken;DAN;2482.9
S0000266;30.01.2024;V0025;HAD;Hyse;08;Eigersundbanken;LLS;2387.3
S0000267;31.01.2024;V0042;HAD;Hyse;08;Eigersundbanken;OTB;2845.3
S0000268;30.01.2024;V0021;POK;Sei;08;Eigersundbanken;LLS;1182.8
S0000269;31.01.2024;V0038;POK;Sei;08;Eigersundbanken;OTB;1442.3
S0000270;01.02.2024;V0007;POK;Sei;08;Eigersundbanken;GN;1715.9
S0000271;05.02.2024;V0043;COD;Torsk;03;Øst-Finnmark;GN;6583.5
S0000272;06.02.2024;V0012;COD;Torsk;03;Øst-Finnmark;DAN;6356.1
S0000273;07.02.2024;V0029;COD;Torsk;03;Øst-Finnmark;LLS;7569.8
S0000274;06.02.2024;V0008;HAD;Hyse;03;Øst-Finnmark;DAN;2932.5
S0000275;07.02.2024;V0025;HAD;Hyse;03;Øst-Finnmark;LLS;3573.2
S0000276;08.02.2024;V0042;HAD;Hyse;03;Øst-Finnmark;OTB;4248.3
S0000277;07.02.2024;V0021;POK;Sei;03;Øst-Finnmark;LLS;1692.2
S0000278;08.02.2024;V0038;POK;Sei;03;Øst-Finnmark;OTB;2058.6
S0000279;09.02.2024;V0007;POK;Sei;03;Øst-Finnmark;GN;2443.8
S0000280;06.02.2024;V0006;COD;Torsk;04;Vest-Finnmark;DAN;6810.3
S0000281;07.02.2024;V0023;COD;Torsk;04;Vest-Finnmark;LLS;8292.6
S0000282;08.02.2024;V0040;COD;Torsk;04;Vest-Finnmark;OTB;9853.2
S0000283;07.02.2024;V0019;HAD;Hyse;04;Vest-Finnmark;LLS;3820.0
S0000284;08.02.2024;V0036;HAD;Hyse;04;Vest-Finnmark;OTB;4644.1
S0000285;09.02.2024;V0005;HAD;Hyse;04;Vest-Finnmark;GN;5510.0
S0000286;08.02.2024;V0032;POK;Sei;04;Vest-Finnmark;OTB;2196.3
S0000287;09.02.2024;V0001;POK;Sei;04;Vest-Finnmark;GN;2666.4
S0000288;10.02.2024;V0018;POK;Sei;04;Vest-Finnmark;DAN;3159.3
S0000289;07.02.2024;V0017;COD;Torsk;05;Røstbanken til Malangsgrunnen;LLS;6363.0
S0000290;08.02.2024;V0034;COD;Torsk;05;Røstbanken til Malangsgrunnen;OTB;7731.4
S0000291;09.02.2024;V0003;COD;Torsk;5;Røstbanken til Malangsgrunnen;GN;9167.8
S0000292;08.02.2024;V0030;HAD;Hyse;05;Røstbanken til Malangsgrunnen;OTB;3556.6
S0000293;09.02.2024;V0047;HAD;Hyse;05;Røstbanken til Malangsgrunnen;GN;4315.5
S0000294;10.02.2024;V0016;HAD;Hyse;05;Røstbanken til Malangsgrunnen;DAN;4061.2
S0000295;09.02.2024;V0043;POK;Sei;05;Røstbanken til Malangsgrunnen;GN;1616.0
S0000296;10.02.2024;V0012;POK;Sei;05;Røstbanken til Malangsgrunnen;DAN;1971.9
S0000297;05.02.2024;V0029;POK;Sei;05;Røstbanken til Malangsgrunnen;LLS;2347.6
S0000298;08.02.2024;V0028;COD;Torsk;06;Helgelandsbanken;OTB;6123.6
S0000299;09.02.2024;V0045;COD;Torsk;06;Helgelandsbanken;GN;5887.7
S0000300;10.02.2024;V0014;COD;Torsk;06;Helgelandsbanken;DAN;7017.2
S0000301;09.02.2024;V0041;HAD;Hyse;06;Helgelandsbanken;GN;2717.8
S0000302;10.02.2024;V0010;HAD;Hyse;06;Helgelandsbanken;DAN;3313.8
S0000303;05.02.2024;V0027;HAD;Hyse;06;Helgelandsbanken;LLS;3942.6
S0000304;10.02.2024;V0006;POK;Sei;06;Helgelandsbanken;DAN;1570.1
S0000305;05.02.2024;V0023;POK;Sei;06;Helgelandsbanken;LLS;1911.2
S0000306;06.02.2024;V0040;POK;Sei;06;Helgelandsbanken;OTB;2270.2
S0000307;09.02.2024;V0039;COD;Torsk;07;Storegga-Frøyabanken;GN;4752.7
S0000308;10.02.2024;V0008;COD;Torsk;07;Storegga-Frøyabanken;DAN;5791.1
S0000309;05.02.2024;V0025;COD;Torsk;07;Storegga-Frøyabanken;LLS;6885.2
S0000310;10.02.2024;V0004;HAD;Hyse;07;Storegga-Frøyabanken;DAN;2668.8
S0000311;05.02.2024;V0021;HAD;Hyse;07;Storegga-Frøyabanken;LLS;3246.5
S0000312;06.02.2024;V0038;HAD;Hyse;07;Storegga-Frøyabanken;OTB;3854.0
S0000313;05.02.2024;V0017;POK;Sei;07;Storegga-Frøyabanken;LLS;1535.9
S0000314;06.02.2024;V0034;POK;Sei;07;Storegga-Frøyabanken;OTB;1865.7
S0000315;07.02.2024;V0003;POK;Sei;07;Storegga-Frøyabanken;GN;2211.8
S0000316;10.02.2024;V0002;COD;Torsk;08;Eigersundbanken;DAN;4490.6
S0000317;05.02.2024;V0019;COD;Torsk;08;Eigersundbanken;LLS;5459.5
S0000318;06.02.2024;V0036;COD;Torsk;08;Eigersundbanken;OTB;6477.4
S0000319;05.02.2024;V0015;HAD;Hyse;08;Eigersundbanken;LLS;2512.4
S0000320;06.02.2024;V0032;HAD;Hyse;08;Eigersundbanken;OTB;3050.2
S0000321;07.02.2024;V0001;HAD;Hyse;08;Eigersundbanken;GN;3614.0
S0000322;06.02.2024;V0028;POK;Sei;08;Eigersundbanken;OTB;1441.2
S0000323;07.02.2024;V0045;POK;Sei;08;Eigersundbanken;GN;1388.6
S0000324;08.02.2024;V0014;POK;Sei;08;Eigersundbanken;DAN;1654.3
S0000325;12.02.2024;V0002;COD;Torsk;03;Øst-Finnmark;DAN;6312.8
S0000326;13.02.2024;V0019;COD;Torsk;03;Øst-Finnmark;LLS;7660.0
S0000327;14.02.2024;V0036;COD;Torsk;03;Øst-Finnmark;OTB;7208.5
S0000328;13.02.2024;V0015;HAD;Hyse;03;Øst-Finnmark;LLS;2924.9
S0000329;14.02.2024;V0032;HAD;Hyse;03;Øst-Finnmark;OTB;3569.1
S0000330;15.02.2024;V0001;HAD;Hyse;03;Øst-Finnmark;GN;4249.1
S0000331;14.02.2024;V0028;POK;Sei;03;Øst-Finnmark;OTB;1636.0
S0000332;15.02.2024;V0045;POK;Sei;03;Øst-Finnmark;GN;1992.7
S0000333;16.02.2024;V0014;POK;Sei;03;Øst-Finnmark;DAN;2368.5
S0000334;13.02.2024;V0013;COD;Torsk;04;Vest-Finnmark;LLS;6488.4
S0000335;14.02.2024;V0030;COD;Torsk;04;Vest-Finnmark;OTB;7911.5
S0000336;15.02.2024;V0047;COD;Torsk;04;Vest-Finnmark;GN;9412.5
S0000337;14.02.2024;V0026;HAD;Hyse;04;Vest-Finnmark;OTB;3822.3
S0000338;15.02.2024;V0043;HAD;Hyse;04;Vest-Finnmark;GN;4652.8
S0000339;16.02.2024;V0012;HAD;Hyse;04;Vest-Finnmark;DAN;5526.7
S0000340;15.02.2024;V0039;POK;Sei;04;Vest-Finnmark;GN;2129.5
S0000341;16.02.2024;V0008;POK;Sei;04;Vest-Finnmark;DAN;2588.2
S0000342;17.02.2024;V0025;POK;Sei;04;Vest-Finnmark;LLS;3069.8
S0000343;14.02.2024;V0024;COD;Torsk;05;Røstbanken til Malangsgrunnen;OTB;6080.9
S0000344;15.02.2024;V0041;COD;Torsk;05;Røstbanken til Malangsgrunnen;GN;7397.4
S0000345;16.02.2024;V0010;COD;Torsk;05;Røstbanken til Malangsgrunnen;DAN;8781.5
S0000346;15.02.2024;V0037;HAD;Hyse;05;Røstbanken til Malangsgrunnen;GN;3568.7
S0000346;15.02.2024;V0037;HAD;Hyse;05;Røstbanken til Malangsgrunnen;GN;3568.7
S0000347;16.02.2024;V0006;HAD;Hyse;05;Røstbanken til Malangsgrunnen;DAN;4334.9
S0000348;17.02.2024;V0023;HAD;Hyse;05;Røstbanken til Malangsgrunnen;LLS;5138.9
S0000349;16.02.2024;V0002;POK;Sei;05;Røstbanken til Malangsgrunnen;DAN;1981.3
S0000350;17.02.2024;V0019;POK;Sei;05;Røstbanken til Malangsgrunnen;LLS;2403.5
S0000351;12.02.2024;V0036;POK;Sei;05;Røstbanken til Malangsgrunnen;OTB;2266.5
S0000352;15.02.2024;V0035;COD;Torsk;06;Helgelandsbanken;GN;5867.7
S0000353;16.02.2024;V0004;COD;Torsk;06;Helgelandsbanken;DAN;7123.7
S0000354;17.02.2024;V0021;COD;Torsk;06;Helgelandsbanken;LLS;8440.5
S0000355;16.02.2024;V0048;HAD;Hyse;06;Helgelandsbanken;DAN;3432.2
S0000356;17.02.2024;V0017;HAD;Hyse;06;Helgelandsbanken;LLS;3306.9
S0000357;12.02.2024;V0034;HAD;Hyse;06;Helgelandsbanken;OTB;3939.8
S0000358;17.02.2024;V0013;POK;Sei;06;Helgelandsbanken;LLS;1516.6
S0000359;12.02.2024;V0030;POK;Sei;06;Helgelandsbanken;OTB;1848.5
S0000360;13.02.2024;V0047;POK;Sei;06;Helgelandsbanken;GN;2198.5
S0000361;16.02.2024;V0046;COD;Torsk;07;Storegga-Frøyabanken;DAN;4523.7
S0000362;17.02.2024;V0015;COD;Torsk;07;Storegga-Frøyabanken;LLS;5519.9
S0000363;12.02.2024;V0032;COD;Torsk;07;Storegga-Frøyabanken;OTB;6571.7
S0000364;17.02.2024;V0011;HAD;Hyse;07;Storegga-Frøyabanken;LLS;2668.1
S0000365;12.02.2024;V0028;HAD;Hyse;07;Storegga-Frøyabanken;OTB;3249.9
S0000366;13.02.2024;V0045;HAD;Hyse;07;Storegga-Frøyabanken;GN;3862.7
S0000367;12.02.2024;V0024;POK;Sei;07;Storegga-Frøyabanken;OTB;1488.0
S0000368;13.02.2024;V0041;POK;Sei;07;Storegga-Frøyabanken;GN;1809.6
S0000369;14.02.2024;V0010;POK;Sei;07;Storegga-Frøyabanken;DAN;2147.6
S0000370;17.02.2024;V0009;COD;Torsk;08;Eigersundbanken;LLS;4288.0
S0000371;12.02.2024;V0026;COD;Torsk;08;Eigersundbanken;OTB;5219.6
S0000372;13.02.2024;V0043;COD;Torsk;08;Eigersundbanken;GN;6199.9
S0000373;12.02.2024;V0022;HAD;Hyse;08;Eigersundbanken;OTB;2519.1
S0000374;13.02.2024;V0039;HAD;Hyse;08;Eigersundbanken;GN;3061.7
S0000375;14.02.2024;V0008;HAD;Hyse;08;Eigersundbanken;DAN;3631.5
S0000376;13.02.2024;V0035;POK;Sei;08;Eigersundbanken;GN;1399.9
S0000377;14.02.2024;V0004;POK;Sei;08;Eigersundbanken;DAN;1699.1
S0000378;15.02.2024;V0021;POK;Sei;08;Eigersundbanken;LLS;1595.6
S0000379;19.02.2024;V0009;COD;Torsk;03;Øst-Finnmark;LLS;5985.7
S0000380;20.02.2024;V0026;COD;Torsk;03;Øst-Finnmark;OTB;7270.9
S0000381;21.02.2024;V0043;COD;Torsk;03;Øst-Finnmark;GN;8619.5
S0000382;20.02.2024;V0022;HAD;Hyse;03;Øst-Finnmark;OTB;3677.1
S0000383;21.02.2024;V0039;HAD;Hyse;03;Øst-Finnmark;GN;4460.7
S0000384;22.02.2024;V0008;HAD;Hyse;03;Øst-Finnmark;DAN;4206.4
S0000385;21.02.2024;V0035;POK;Sei;03;Øst-Finnmark;GN;1583.4
S0000386;22.02.2024;V0004;POK;Sei;03;Øst-Finnmark;DAN;1931.4
S0000387;23.02.2024;V0021;POK;Sei;03;Øst-Finnmark;LLS;2298.6
S0000388;20.02.2024;V0020;COD;Torsk;4;Vest-Finnmark;OTB;7743.2
S0000389;21.02.2024;V0037;COD;Torsk;04;Vest-Finnmark;GN;7460.4
S0000390;22.02.2024;V0006;COD;Torsk;04;Vest-Finnmark;DAN;8888.3
S0000391;21.02.2024;V0033;HAD;Hyse;04;Vest-Finnmark;GN;3785.7
S0000392;22.02.2024;V0002;HAD;Hyse;04;Vest-Finnmark;DAN;4614.4
S0000393;23.02.2024;V0019;HAD;Hyse;04;Vest-Finnmark;LLS;5488.0
S0000394;22.02.2024;V0046;POK;Sei;04;Vest-Finnmark;DAN;2067.5
S0000395;23.02.2024;V0015;POK;Sei;04;Vest-Finnmark;LLS;2515.9
S0000396;24.02.2024;V0032;POK;Sei;04;Vest-Finnmark;OTB;2987.5
S0000397;21.02.2024;V0031;COD;Torsk;05;Røstbanken til Malangsgrunnen;GN;5744.8
S0000398;22.02.2024;V0048;COD;Torsk;05;Røstbanken til Malangsgrunnen;DAN;6997.6
S0000399;23.02.2024;V0017;COD;Torsk;05;Røstbanken til Malangsgrunnen;LLS;8317.0
S0000400;22.02.2024;V0044;HAD;Hyse;05;Røstbanken til Malangsgrunnen;DAN;3545.1
S0000401;23.02.2024;V0013;HAD;Hyse;05;Røstbanken til Malangsgrunnen;LLS;4311.3
S0000402;24.02.2024;V0030;HAD;Hyse;05;Røstbanken til Malangsgrunnen;OTB;5116.5
S0000403;23.02.2024;V0009;POK;Sei;05;Røstbanken til Malangsgrunnen;LLS;1928.9
S0000404;24.02.2024;V0026;POK;Sei;05;Røstbanken til Malangsgrunnen;OTB;2342.4
S0000405;19.02.2024;V0043;POK;Sei;05;Røstbanken til Malangsgrunnen;GN;2776.1
S0000406;22.02.2024;V0042;COD;Torsk;06;Helgelandsbanken;DAN;5559.5
S0000407;23.02.2024;V0011;COD;Torsk;06;Helgelandsbanken;LLS;6757.0
S0000408;24.02.2024;V0028;COD;Torsk;06;Helgelandsbanken;OTB;8014.6
S0000409;23.02.2024;V0007;HAD;Hyse;06;Helgelandsbanken;LLS;3418.5
S0000410;24.02.2024;V0024;HAD;Hyse;06;Helgelandsbanken;OTB;4149.1
S0000411;19.02.2024;V0041;HAD;Hyse;06;Helgelandsbanken;GN;3896.4
S0000412;24.02.2024;V0020;POK;Sei;06;Helgelandsbanken;OTB;1854.0
S0000413;19.02.2024;V0037;POK;Sei;06;Helgelandsbanken;GN;1790.0
S0000414;20.02.2024;V0006;POK;Sei;06;Helgelandsbanken;DAN;2131.8
S0000415;23.02.2024;V0005;COD;Torsk;07;Storegga-Frøyabanken;LLS;5419.9
S0000416;24.02.2024;V0022;COD;Torsk;07;Storegga-Frøyabanken;OTB;6574.8
S0000417;19.02.2024;V0039;COD;Torsk;07;Storegga-Frøyabanken;GN;6200.0
S0000418;24.02.2024;V0018;HAD;Hyse;07;Storegga-Frøyabanken;OTB;2640.0
S0000419;19.02.2024;V0035;HAD;Hyse;07;Storegga-Frøyabanken;GN;3220.2
S0000420;20.02.2024;V0004;HAD;Hyse;07;Storegga-Frøyabanken;DAN;3832.5
S0000421;19.02.2024;V0031;POK;Sei;07;Storegga-Frøyabanken;GN;1443.5
S0000422;20.02.2024;V0048;POK;Sei;07;Storegga-Frøyabanken;DAN;
S0000423;21.02.2024;V0017;POK;Sei;07;Storegga-Frøyabanken;LLS;2088.5
S0000424;24.02.2024;V0016;COD;Torsk;08;Eigersundbanken;OTB;4047.3
S0000425;19.02.2024;V0033;COD;Torsk;08;Eigersundbanken;GN;4933.3
S0000426;20.02.2024;V0002;COD;Torsk;08;Eigersundbanken;DAN;5867.3
S0000427;19.02.2024;V0029;HAD;Hyse;08;Eigersundbanken;GN;2500.4
S0000428;20.02.2024;V0046;HAD;Hyse;08;Eigersundbanken;DAN;3042.7
S0000429;21.02.2024;V0015;HAD;Hyse;08;Eigersundbanken;LLS;3613.1
S0000430;20.02.2024;V0042;POK;Sei;08;Eigersundbanken;DAN;1361.9
S0000431;21.02.2024;V0011;POK;Sei;08;Eigersundbanken;LLS;1654.7
S0000432;22.02.2024;V0028;POK;Sei;08;Eigersundbanken;OTB;1962.2
S0000433;26.02.2024;V0016;COD;Torsk;03;Øst-Finnmark;OTB;5613.1
S0000434;27.02.2024;V0033;COD;Torsk;03;Øst-Finnmark;GN;6826.2
S0000435;28.02.2024;V0002;COD;Torsk;03;Øst-Finnmark;DAN;8101.2
S0000436;27.02.2024;V0029;HAD;Hyse;03;Øst-Finnmark;GN;3626.7
S0000437;28.02.2024;V0046;HAD;Hyse;03;Øst-Finnmark;DAN;4404.1
S0000438;29.02.2024;V0015;HAD;Hyse;03;Øst-Finnmark;LLS;5219.6
S0000439;28.02.2024;V0042;POK;Sei;03;Øst-Finnmark;DAN;1950.5
S0000440;29.02.2024;V0011;POK;Sei;03;Øst-Finnmark;LLS;1875.4
S0000441;01.03.2024;V0028;POK;Sei;03;Øst-Finnmark;OTB;2235.1
S0000442;27.02.2024;V0027;COD;Torsk;04;Vest-Finnmark;GN;7280.1
S0000443;28.02.2024;V0044;COD;Torsk;04;Vest-Finnmark;DAN;8836.0
S0000444;29.02.2024;V0013;COD;Torsk;04;Vest-Finnmark;LLS;8298.0
S0000445;28.02.2024;V0040;HAD;Hyse;04;Vest-Finnmark;DAN;4688.5
S0000446;29.02.2024;V0009;HAD;Hyse;04;Vest-Finnmark;LLS;4526.6
S0000447;01.03.2024;V0026;HAD;Hyse;04;Vest-Finnmark;OTB;5391.0
S0000448;29.02.2024;V0005;POK;Sei;04;Vest-Finnmark;LLS;2011.3
S0000449;01.03.2024;V0022;POK;Sei;04;Vest-Finnmark;OTB;2450.8
S0000450;02.03.2024;V0039;POK;Sei;04;Vest-Finnmark;GN;2913.8
S0000451;28.02.2024;V0038;COD;Torsk;05;Røstbanken til Malangsgrunnen;DAN;5365.9
S0000452;29.02.2024;V0007;COD;Torsk;05;Røstbanken til Malangsgrunnen;LLS;6545.2
S0000453;01.03.2024;V0024;COD;Torsk;05;Røstbanken til Malangsgrunnen;OTB;7789.6
S0000454;29.02.2024;V0003;HAD;Hyse;05;Røstbanken til Malangsgrunnen;LLS;3484.0
S0000455;01.03.2024;V0020;HAD;Hyse;05;Røstbanken til Malangsgrunnen;OTB;4242.3
S0000456;02.03.2024;V0037;HAD;Hyse;05;Røstbanken til Malangsgrunnen;GN;5040.6
S0000457;01.03.2024;V0016;POK;Sei;05;Røstbanken til Malangsgrunnen;OTB;1882.1
S0000458;02.03.2024;V0033;POK;Sei;05;Røstbanken til Malangsgrunnen;GN;2288.1
S0000459;26.02.2024;V0002;POK;Sei;05;Røstbanken til Malangsgrunnen;DAN;2714.7
S0000460;29.02.2024;V0001;COD;Torsk;06;Helgelandsbanken;LLS;5209.1
S0000461;01.03.2024;V0018;COD;Torsk;06;Helgelandsbanken;OTB;6338.9
S0000462;02.03.2024;V0035;COD;Torsk;06;Helgelandsbanken;GN;7527.2
S0000463;01.03.2024;V0014;HAD;Hyse;06;Helgelandsbanken;OTB;3369.1
S0000464;02.03.2024;V0031;HAD;Hyse;06;Helgelandsbanken;GN;4093.6
S0000465;26.02.2024;V0048;HAD;Hyse;06;Helgelandsbanken;DAN;4854.1
S0000466;02.03.2024;V0027;POK;Sei;06;Helgelandsbanken;GN;1813.6
S0000467;26.02.2024;V0044;POK;Sei;06;Helgelandsbanken;DAN;2200.6
S0000468;27.02.2024;V0013;POK;Sei;06;Helgelandsbanken;LLS;2070.9
S0000469;01.03.2024;V0012;COD;Torsk;07;Storegga-Frøyabanken;OTB;5092.2
S0000470;02.03.2024;V0029;COD;Torsk;07;Storegga-Frøyabanken;GN;6183.8
S0000471;26.02.2024;V0046;COD;Torsk;07;Storegga-Frøyabanken;DAN;7328.8
S0000472;02.03.2024;V0025;HAD;Hyse;07;Storegga-Frøyabanken;GN;3282.3
S0000473;26.02.2024;V0042;HAD;Hyse;07;Storegga-Frøyabanken;DAN;3155.9
S0000474;27.02.2024;V0011;HAD;Hyse;07;Storegga-Frøyabanken;LLS;3761.3
S0000475;26.02.2024;V0038;POK;Sei;07;Storegga-Frøyabanken;DAN;1403.0
S0000476;27.02.2024;V0007;POK;Sei;07;Storegga-Frøyabanken;LLS;1710.7
S0000477;28.02.2024;V0024;POK;Sei;07;Storegga-Frøyabanken;OTB;2035.3
S0000478;02.03.2024;V0023;COD;Torsk;08;Eigersundbanken;GN;4775.0
S0000479;26.02.2024;V0040;COD;Torsk;08;Eigersundbanken;DAN;4610.1
S0000480;27.02.2024;V0009;COD;Torsk;08;Eigersundbanken;LLS;5490.4
S0000481;26.02.2024;V0036;HAD;Hyse;08;Eigersundbanken;DAN;2455.1
S0000482;27.02.2024;V0005;HAD;Hyse;08;Eigersundbanken;LLS;2991.5
S0000483;28.02.2024;V0022;HAD;Hyse;08;Eigersundbanken;OTB;3556.7
S0000484;27.02.2024;V0001;POK;Sei;08;Eigersundbanken;LLS;1327.7
S0000485;28.02.2024;V0018;POK;Sei;8;Eigersundbanken;OTB;1615.1
S0000486;29.02.2024;V0035;POK;Sei;08;Eigersundbanken;GN;1917.4
S0000487;04.03.2024;V0023;COD;Torsk;03;Øst-Finnmark;GN;5207.2
S0000488;05.03.2024;V0040;COD;Torsk;03;Øst-Finnmark;DAN;6340.6
S0000489;06.03.2024;V0009;COD;Torsk;03;Øst-Finnmark;LLS;7533.9
S0000490;05.03.2024;V0036;HAD;Hyse;03;Øst-Finnmark;DAN;3537.6
S0000491;06.03.2024;V0005;HAD;Hyse;03;Øst-Finnmark;LLS;4300.8
S0000492;07.03.2024;V0022;HAD;Hyse;03;Øst-Finnmark;OTB;5102.7
S0000493;06.03.2024;V0001;POK;Sei;03;Øst-Finnmark;LLS;1915.3
S0000494;07.03.2024;V0018;POK;Sei;03;Øst-Finnmark;OTB;2325.2
S0000495;08.03.2024;V0035;POK;Sei;03;Øst-Finnmark;GN;2755.1
S0000496;05.03.2024;V0034;COD;Torsk;04;Vest-Finnmark;DAN;6772.9
S0000497;06.03.2024;V0003;COD;Torsk;04;Vest-Finnmark;LLS;8229.4
S0000498;07.03.2024;V0020;COD;Torsk;04;Vest-Finnmark;OTB;9758.3
S0000499;06.03.2024;V0047;HAD;Hyse;04;Vest-Finnmark;LLS;4585.1
S0000500;07.03.2024;V0016;HAD;Hyse;04;Vest-Finnmark;OTB;5563.6
S0000501;08.03.2024;V0033;HAD;Hyse;04;Vest-Finnmark;GN;5235.7
S0000502;07.03.2024;V0012;POK;Sei;04;Vest-Finnmark;OTB;1961.8
S0000503;08.03.2024;V0029;POK;Sei;04;Vest-Finnmark;GN;2393.8
S0000504;09.03.2024;V0046;POK;Sei;04;Vest-Finnmark;DAN;2850.0
S0000505;06.03.2024;V0045;COD;Torsk;05;Røstbanken til Malangsgrunnen;LLS;6297.7
S0000506;07.03.2024;V0014;COD;Torsk;05;Røstbanken til Malangsgrunnen;OTB;6055.1
S0000507;08.03.2024;V0031;COD;Torsk;05;Røstbanken til Malangsgrunnen;GN;7216.6
S0000508;07.03.2024;V0010;HAD;Hyse;05;Røstbanken til Malangsgrunnen;OTB;3385.2
S0000509;08.03.2024;V0027;HAD;Hyse;05;Røstbanken til Malangsgrunnen;GN;4127.7
S0000510;09.03.2024;V0044;HAD;Hyse;05;Røstbanken til Malangsgrunnen;DAN;4910.8
S0000511;08.03.2024;V0023;POK;Sei;05;Røstbanken til Malangsgrunnen;GN;1841.6
S0000512;09.03.2024;V0040;POK;Sei;05;Røstbanken til Malangsgrunnen;DAN;2241.7
S0000513;04.03.2024;V0009;POK;Sei;05;Røstbanken til Malangsgrunnen;LLS;2662.8
S0000514;07.03.2024;V0008;COD;Torsk;06;Helgelandsbanken;OTB;4828.2
S0000515;08.03.2024;V0025;COD;Torsk;06;Helgelandsbanken;GN;5883.1
S0000516;09.03.2024;V0042;COD;Torsk;06;Helgelandsbanken;DAN;6994.6
S0000517;08.03.2024;V0021;HAD;Hyse;06;Helgelandsbanken;GN;3283.7
S0000518;09.03.2024;V0038;HAD;Hyse;06;Helgelandsbanken;DAN;3994.6
S0000519;04.03.2024;V0007;HAD;Hyse;06;Helgelandsbanken;LLS;4742.0
S0000519;04.03.2024;V0007;HAD;Hyse;06;Helgelandsbanken;LLS;4742.0
S0000520;09.03.2024;V0034;POK;Sei;06;Helgelandsbanken;DAN;1779.6
S0000521;04.03.2024;V0003;POK;Sei;06;Helgelandsbanken;LLS;2161.7
S0000522;05.03.2024;V0020;POK;Sei;06;Helgelandsbanken;OTB;2562.6
S0000523;08.03.2024;V0019;COD;Torsk;07;Storegga-Frøyabanken;GN;4733.7
S0000524;09.03.2024;V0036;COD;Torsk;07;Storegga-Frøyabanken;DAN;5755.1
S0000525;04.03.2024;V0005;COD;Torsk;07;Storegga-Frøyabanken;LLS;6828.1
S0000526;09.03.2024;V0032;HAD;Hyse;07;Storegga-Frøyabanken;DAN;3207.7
S0000527;04.03.2024;V0001;HAD;Hyse;07;Storegga-Frøyabanken;LLS;3894.3
S0000528;05.03.2024;V0018;HAD;Hyse;07;Storegga-Frøyabanken;OTB;4614.1
S0000529;04.03.2024;V0045;POK;Sei;07;Storegga-Frøyabanken;LLS;1732.7
S0000530;05.03.2024;V0014;POK;Sei;07;Storegga-Frøyabanken;OTB;1669.4
S0000531;06.03.2024;V0031;POK;Sei;07;Storegga-Frøyabanken;GN;1988.9
S0000532;09.03.2024;V0030;COD;Torsk;08;Eigersundbanken;DAN;4450.3
S0000533;04.03.2024;V0047;COD;Torsk;08;Eigersundbanken;LLS;5400.0
S0000534;05.03.2024;V0016;COD;Torsk;08;Eigersundbanken;OTB;5081.8
S0000535;04.03.2024;V0043;HAD;Hyse;08;Eigersundbanken;LLS;2383.2
S0000536;05.03.2024;V0012;HAD;Hyse;08;Eigersundbanken;OTB;2908.1
S0000537;06.03.2024;V0029;HAD;Hyse;08;Eigersundbanken;GN;3462.1
S0000538;05.03.2024;V0008;POK;Sei;08;Eigersundbanken;OTB;1298.0
S0000539;06.03.2024;V0025;POK;Sei;08;Eigersundbanken;GN;1581.1
S0000540;07.03.2024;V0042;POK;Sei;08;Eigersundbanken;DAN;1879.2
S0000541;11.03.2024;V0030;COD;Torsk;03;Øst-Finnmark;DAN;4781.2
S0000542;12.03.2024;V0047;COD;Torsk;03;Øst-Finnmark;LLS;5829.9
S0000543;13.03.2024;V0016;COD;Torsk;03;Øst-Finnmark;OTB;6936.0
S0000544;12.03.2024;V0043;HAD;Hyse;03;Øst-Finnmark;LLS;3411.4
S0000545;13.03.2024;V0012;HAD;Hyse;03;Øst-Finnmark;OTB;4152.6
S0000546;14.03.2024;V0029;HAD;Hyse;03;Øst-Finnmark;GN;4932.6
S0000547;13.03.2024;V0008;POK;Sei;03;Øst-Finnmark;OTB;1887.9
S0000548;14.03.2024;V0025;POK;Sei;03;Øst-Finnmark;GN;2294.5
S0000549;15.03.2024;V0042;POK;Sei;03;Øst-Finnmark;DAN;2721.6
S0000550;12.03.2024;V0041;COD;Torsk;04;Vest-Finnmark;LLS;6238.0
S0000551;13.03.2024;V0010;COD;Torsk;04;Vest-Finnmark;OTB;7588.5
S0000552;14.03.2024;V0027;COD;Torsk;04;Vest-Finnmark;GN;9008.4
S0000553;13.03.2024;V0006;HAD;Hyse;04;Vest-Finnmark;OTB;4433.9
S0000554;14.03.2024;V0023;HAD;Hyse;04;Vest-Finnmark;GN;5385.9
S0000555;15.03.2024;V0040;HAD;Hyse;04;Vest-Finnmark;DAN;6384.9
S0000556;14.03.2024;V0019;POK;Sei;04;Vest-Finnmark;GN;2445.3
S0000557;15.03.2024;V0036;POK;Sei;04;Vest-Finnmark;DAN;2966.4
S0000558;16.03.2024;V0005;POK;Sei;04;Vest-Finnmark;LLS;2797.2
S0000559;13.03.2024;V0004;COD;Torsk;05;Røstbanken til Malangsgrunnen;OTB;5815.8
S0000560;14.03.2024;V0021;COD;Torsk;05;Røstbanken til Malangsgrunnen;GN;7060.6
S0000561;15.03.2024;V0038;COD;Torsk;05;Røstbanken til Malangsgrunnen;DAN;8365.8
S0000562;14.03.2024;V0017;HAD;Hyse;05;Røstbanken til Malangsgrunnen;GN;4120.2
S0000563;15.03.2024;V0034;HAD;Hyse;05;Røstbanken til Malangsgrunnen;DAN;3969.8
S0000564;16.03.2024;V0003;HAD;Hyse;05;Røstbanken til Malangsgrunnen;LLS;4729.5
S0000565;15.03.2024;V0030;POK;Sei;05;Røstbanken til Malangsgrunnen;DAN;1808.4
S0000566;16.03.2024;V0047;POK;Sei;05;Røstbanken til Malangsgrunnen;LLS;2204.3
S0000567;11.03.2024;V0016;POK;Sei;05;Røstbanken til Malangsgrunnen;OTB;2621.6
S0000568;14.03.2024;V0015;COD;Torsk;06;Helgelandsbanken;GN;4428.9
S0000569;15.03.2024;V0032;COD;Torsk;06;Helgelandsbanken;DAN;5404.3
S0000570;16.03.2024;V0001;COD;Torsk;06;Helgelandsbanken;LLS;6434.0
S0000571;15.03.2024;V0028;HAD;Hyse;06;Helgelandsbanken;DAN;3163.9
S0000572;16.03.2024;V0045;HAD;Hyse;06;Helgelandsbanken;LLS;3853.8
S0000573;11.03.2024;V0014;HAD;Hyse;06;Helgelandsbanken;OTB;4580.5
S0000574;16.03.2024;V0041;POK;Sei;06;Helgelandsbanken;LLS;1752.8
S0000575;11.03.2024;V0010;POK;Sei;06;Helgelandsbanken;OTB;2131.6
S0000576;12.03.2024;V0027;POK;Sei;06;Helgelandsbanken;GN;2529.7
S0000577;15.03.2024;V0026;COD;Torsk;07;Storegga-Frøyabanken;DAN;4356.2
S0000578;16.03.2024;V0043;COD;Torsk;07;Storegga-Frøyabanken;LLS;5302.7
S0000579;11.03.2024;V0012;COD;Torsk;07;Storegga-Frøyabanken;OTB;6298.7
S0000580;16.03.2024;V0039;HAD;Hyse;07;Storegga-Frøyabanken;LLS;3099.6
S0000581;11.03.2024;V0008;HAD;Hyse;07;Storegga-Frøyabanken;OTB;3767.3
S0000582;12.03.2024;V0025;HAD;Hyse;7;Storegga-Frøyabanken;GN;4468.4
S0000583;11.03.2024;V0004;POK;Sei;07;Storegga-Frøyabanken;OTB;1711.0
S0000584;12.03.2024;V0021;POK;Sei;07;Storegga-Frøyabanken;GN;2076.7
S0000585;13.03.2024;V0038;POK;Sei;07;Storegga-Frøyabanken;DAN;1950.2
S0000586;16.03.2024;V0037;COD;Torsk;08;Eigersundbanken;LLS;4106.8
S0000587;11.03.2024;V0006;COD;Torsk;08;Eigersundbanken;OTB;4988.6
S0000588;12.03.2024;V0023;COD;Torsk;08;Eigersundbanken;GN;5913.8
S0000589;11.03.2024;V0002;HAD;Hyse;08;Eigersundbanken;OTB;2912.1
S0000590;12.03.2024;V0019;HAD;Hyse;08;Eigersundbanken;GN;3532.6
S0000591;13.03.2024;V0036;HAD;Hyse;08;Eigersundbanken;DAN;3331.2
S0000592;12.03.2024;V0015;POK;Sei;08;Eigersundbanken;GN;1273.4
S0000593;13.03.2024;V0032;POK;Sei;08;Eigersundbanken;DAN;1553.3
S0000594;14.03.2024;V0001;POK;Sei;08;Eigersundbanken;LLS;1848.6
S0000595;18.03.2024;V0037;COD;Torsk;03;Øst-Finnmark;LLS;5510.7
S0000596;19.03.2024;V0006;COD;Torsk;03;Øst-Finnmark;OTB;5309.5
S0000597;20.03.2024;V0023;COD;Torsk;03;Øst-Finnmark;GN;6325.7
S0000598;19.03.2024;V0002;HAD;Hyse;03;Øst-Finnmark;OTB;3251.7
S0000599;20.03.2024;V0019;HAD;Hyse;03;Øst-Finnmark;GN;3963.5
S0000600;21.03.2024;V0036;HAD;Hyse;03;Øst-Finnmark;DAN;4713.9
S0000601;20.03.2024;V0015;POK;Sei;03;Øst-Finnmark;GN;1869.1
S0000602;21.03.2024;V0032;POK;Sei;03;Øst-Finnmark;DAN;2274.4
S0000603;22.03.2024;V0001;POK;Sei;03;Øst-Finnmark;LLS;2700.8
S0000604;19.03.2024;V0048;COD;Torsk;04;Vest-Finnmark;OTB;5691.7
S0000605;20.03.2024;V0017;COD;Torsk;04;Vest-Finnmark;GN;6932.8
S0000606;21.03.2024;V0034;COD;Torsk;04;Vest-Finnmark;DAN;8240.1
S0000607;20.03.2024;V0013;HAD;Hyse;04;Vest-Finnmark;GN;4239.1
S0000608;21.03.2024;V0030;HAD;Hyse;04;Vest-Finnmark;DAN;5155.2
S0000609;22.03.2024;V0047;HAD;Hyse;04;Vest-Finnmark;LLS;6118.1
S0000610;21.03.2024;V0026;POK;Sei;04;Vest-Finnmark;DAN;2427.5
S0000611;22.03.2024;V0043;POK;Sei;04;Vest-Finnmark;LLS;2947.9
S0000612;23.03.2024;V0012;POK;Sei;04;Vest-Finnmark;OTB;3493.7
S0000613;20.03.2024;V0011;COD;Torsk;05;Røstbanken til Malangsgrunnen;GN;5321.8
S0000614;21.03.2024;V0028;COD;Torsk;05;Røstbanken til Malangsgrunnen;DAN;6468.1
S0000615;22.03.2024;V0045;COD;Torsk;05;Røstbanken til Malangsgrunnen;LLS;7671.9
S0000616;21.03.2024;V0024;HAD;Hyse;05;Røstbanken til Malangsgrunnen;DAN;3949.4
S0000617;22.03.2024;V0041;HAD;Hyse;05;Røstbanken til Malangsgrunnen;LLS;4793.5
S0000618;23.03.2024;V0010;HAD;Hyse;05;Røstbanken til Malangsgrunnen;OTB;4501.6
S0000619;22.03.2024;V0037;POK;Sei;05;Røstbanken til Malangsgrunnen;LLS;2254.3
S0000620;23.03.2024;V0006;POK;Sei;05;Røstbanken til Malangsgrunnen;OTB;2176.5
S0000621;18.03.2024;V0023;POK;Sei;05;Røstbanken til Malangsgrunnen;GN;2592.1
S0000622;21.03.2024;V0022;COD;Torsk;06;Helgelandsbanken;DAN;5124.9
S0000623;22.03.2024;V0039;COD;Torsk;06;Helgelandsbanken;LLS;6216.9
S0000624;23.03.2024;V0008;COD;Torsk;06;Helgelandsbanken;OTB;5862.5
S0000625;22.03.2024;V0035;HAD;Hyse;06;Helgelandsbanken;LLS;3012.9
S0000626;23.03.2024;V0004;HAD;Hyse;06;Helgelandsbanken;OTB;3675.0
S0000627;18.03.2024;V0021;HAD;Hyse;06;Helgelandsbanken;GN;4373.7
S0000628;23.03.2024;V0048;POK;Sei;06;Helgelandsbanken;OTB;1733.8
S0000629;18.03.2024;V0017;POK;Sei;06;Helgelandsbanken;GN;2111.2
S0000630;19.03.2024;V0034;POK;Sei;06;Helgelandsbanken;DAN;2508.5
S0000631;22.03.2024;V0033;COD;Torsk;07;Storegga-Frøyabanken;LLS;3971.1
S0000632;23.03.2024;V0002;COD;Torsk;07;Storegga-Frøyabanken;OTB;4840.4
S0000633;18.03.2024;V0019;COD;Torsk;07;Storegga-Frøyabanken;GN;
S0000634;23.03.2024;V0046;HAD;Hyse;07;Storegga-Frøyabanken;OTB;2961.0
S0000635;18.03.2024;V0015;HAD;Hyse;07;Storegga-Frøyabanken;GN;3603.1
S0000636;19.03.2024;V0032;HAD;Hyse;07;Storegga-Frøyabanken;DAN;4278.6
S0000637;18.03.2024;V0011;POK;Sei;07;Storegga-Frøyabanken;GN;1697.3
S0000638;19.03.2024;V0028;POK;Sei;07;Storegga-Frøyabanken;DAN;2062.3
S0000639;20.03.2024;V0045;POK;Sei;07;Storegga-Frøyabanken;LLS;2445.5
S0000640;23.03.2024;V0044;COD;Torsk;08;Eigersundbanken;OTB;3755.1
S0000641;18.03.2024;V0013;COD;Torsk;08;Eigersundbanken;GN;4566.6
S0000642;19.03.2024;V0030;COD;Torsk;08;Eigersundbanken;DAN;5419.6
S0000643;18.03.2024;V0009;HAD;Hyse;08;Eigersundbanken;GN;2789.4
S0000644;19.03.2024;V0026;HAD;Hyse;08;Eigersundbanken;DAN;3387.4
S0000645;20.03.2024;V0043;HAD;Hyse;08;Eigersundbanken;LLS;4014.6
S0000646;19.03.2024;V0022;POK;Sei;08;Eigersundbanken;DAN;1593.6
S0000647;20.03.2024;V0039;POK;Sei;08;Eigersundbanken;LLS;1532.2
S0000648;21.03.2024;V0008;POK;Sei;08;Eigersundbanken;OTB;1826.2
S0000649;25.03.2024;V0044;COD;Torsk;03;Øst-Finnmark;OTB;5018.4
S0000650;26.03.2024;V0013;COD;Torsk;03;Øst-Finnmark;GN;6090.9
S0000651;27.03.2024;V0030;COD;Torsk;03;Øst-Finnmark;DAN;5720.0
S0000652;26.03.2024;V0009;HAD;Hyse;03;Øst-Finnmark;GN;3873.1
S0000653;27.03.2024;V0026;HAD;Hyse;03;Øst-Finnmark;DAN;3739.3
S0000654;28.03.2024;V0043;HAD;Hyse;03;Øst-Finnmark;LLS;4453.4
S0000655;27.03.2024;V0022;POK;Sei;03;Øst-Finnmark;DAN;1859.2
S0000656;28.03.2024;V0039;POK;Sei;03;Øst-Finnmark;LLS;2265.4
S0000657;29.03.2024;V0008;POK;Sei;03;Øst-Finnmark;OTB;2693.5
S0000658;26.03.2024;V0007;COD;Torsk;04;Vest-Finnmark;GN;5149.2
S0000659;27.03.2024;V0024;COD;Torsk;04;Vest-Finnmark;DAN;6280.8
S0000660;28.03.2024;V0041;COD;Torsk;04;Vest-Finnmark;LLS;7475.0
S0000661;27.03.2024;V0020;HAD;Hyse;04;Vest-Finnmark;DAN;4006.6
S0000662;28.03.2024;V0037;HAD;Hyse;04;Vest-Finnmark;LLS;4878.6
S0000663;29.03.2024;V0006;HAD;Hyse;04;Vest-Finnmark;OTB;5796.7
S0000664;28.03.2024;V0033;POK;Sei;04;Vest-Finnmark;LLS;2421.9
S0000665;29.03.2024;V0002;POK;Sei;04;Vest-Finnmark;OTB;2944.4
S0000666;30.03.2024;V0019;POK;Sei;04;Vest-Finnmark;GN;3493.4
S0000667;27.03.2024;V0018;COD;Torsk;05;Røstbanken til Malangsgrunnen;DAN;4829.7
S0000668;28.03.2024;V0035;COD;Torsk;05;Røstbanken til Malangsgrunnen;LLS;5877.1
S0000669;29.03.2024;V0004;COD;Torsk;05;Røstbanken til Malangsgrunnen;OTB;6978.9
S0000670;28.03.2024;V0031;HAD;Hyse;05;Røstbanken til Malangsgrunnen;LLS;3743.4
S0000671;29.03.2024;V0048;HAD;Hyse;05;Røstbanken til Malangsgrunnen;OTB;4548.4
S0000672;30.03.2024;V0017;HAD;Hyse;05;Røstbanken til Malangsgrunnen;GN;5393.5
S0000673;29.03.2024;V0044;POK;Sei;05;Røstbanken til Malangsgrunnen;OTB;2254.9
S0000674;30.03.2024;V0013;POK;Sei;05;Røstbanken til Malangsgrunnen;GN;2736.1
S0000675;25.03.2024;V0030;POK;Sei;05;Røstbanken til Malangsgrunnen;DAN;2574.8
S0000676;28.03.2024;V0029;COD;Torsk;06;Helgelandsbanken;LLS;4663.7
S0000677;29.03.2024;V0046;COD;Torsk;06;Helgelandsbanken;OTB;5663.4
S0000678;30.03.2024;V0015;COD;Torsk;06;Helgelandsbanken;GN;6712.1
S0000679;29.03.2024;V0042;HAD;Hyse;6;Helgelandsbanken;OTB;3602.6
S0000680;30.03.2024;V0011;HAD;Hyse;06;Helgelandsbanken;GN;3463.8
S0000681;25.03.2024;V0028;HAD;Hyse;06;Helgelandsbanken;DAN;4128.3
S0000682;30.03.2024;V0007;POK;Sei;06;Helgelandsbanken;GN;1723.1
S0000683;25.03.2024;V0024;POK;Sei;06;Helgelandsbanken;DAN;2101.0
S0000684;26.03.2024;V0041;POK;Sei;06;Helgelandsbanken;LLS;2499.6
S0000685;29.03.2024;V0040;COD;Torsk;07;Storegga-Frøyabanken;OTB;4537.9
S0000686;30.03.2024;V0009;COD;Torsk;07;Storegga-Frøyabanken;GN;4381.1
S0000687;25.03.2024;V0026;COD;Torsk;07;Storegga-Frøyabanken;DAN;5217.8
S0000688;30.03.2024;V0005;HAD;Hyse;07;Storegga-Frøyabanken;GN;2796.1
S0000689;25.03.2024;V0022;HAD;Hyse;07;Storegga-Frøyabanken;DAN;3406.9
S0000690;26.03.2024;V0039;HAD;Hyse;07;Storegga-Frøyabanken;LLS;4050.6
S0000691;25.03.2024;V0018;POK;Sei;07;Storegga-Frøyabanken;DAN;1692.0
S0000692;26.03.2024;V0035;POK;Sei;07;Storegga-Frøyabanken;LLS;2058.3
S0000692;26.03.2024;V0035;POK;Sei;07;Storegga-Frøyabanken;LLS;2058.3
S0000693;27.03.2024;V0004;POK;Sei;07;Storegga-Frøyabanken;OTB;2443.5
S0000694;30.03.2024;V0003;COD;Torsk;08;Eigersundbanken;GN;3404.9
S0000695;25.03.2024;V0020;COD;Torsk;08;Eigersundbanken;DAN;4146.1
S0000696;26.03.2024;V0037;COD;Torsk;08;Eigersundbanken;LLS;4926.3
S0000697;25.03.2024;V0016;HAD;Hyse;08;Eigersundbanken;DAN;2641.9
S0000698;26.03.2024;V0033;HAD;Hyse;08;Eigersundbanken;LLS;3211.9
S0000699;27.03.2024;V0002;HAD;Hyse;08;Eigersundbanken;OTB;3810.7
S0000700;26.03.2024;V0029;POK;Sei;08;Eigersundbanken;LLS;1592.9
S0000701;27.03.2024;V0046;POK;Sei;08;Eigersundbanken;OTB;1933.8
S0000702;28.03.2024;V0015;POK;Sei;08;Eigersundbanken;GN;2291.3
S0000703;01.04.2024;V0003;COD;Torsk;03;Øst-Finnmark;GN;4538.5
S0000704;02.04.2024;V0020;COD;Torsk;03;Øst-Finnmark;DAN;5514.5
S0000705;03.04.2024;V0037;COD;Torsk;03;Øst-Finnmark;LLS;6539.0
S0000706;02.04.2024;V0016;HAD;Hyse;03;Øst-Finnmark;DAN;3642.8
S0000707;03.04.2024;V0033;HAD;Hyse;03;Øst-Finnmark;LLS;4420.1
S0000708;04.04.2024;V0002;HAD;Hyse;03;Øst-Finnmark;OTB;4159.6
S0000709;03.04.2024;V0029;POK;Sei;03;Øst-Finnmark;LLS;1858.4
S0000710;04.04.2024;V0046;POK;Sei;03;Øst-Finnmark;OTB;2267.7
S0000711;05.04.2024;V0015;POK;Sei;03;Øst-Finnmark;GN;2699.8
S0000712;02.04.2024;V0014;COD;Torsk;04;Vest-Finnmark;DAN;5874.7
S0000713;03.04.2024;V0031;COD;Torsk;04;Vest-Finnmark;LLS;5648.4
S0000714;04.04.2024;V0048;COD;Torsk;04;Vest-Finnmark;OTB;6732.0
S0000715;03.04.2024;V0027;HAD;Hyse;04;Vest-Finnmark;LLS;3744.1
S0000716;04.04.2024;V0044;HAD;Hyse;04;Vest-Finnmark;OTB;4565.3
S0000717;05.04.2024;V0013;HAD;Hyse;04;Vest-Finnmark;GN;5431.4
S0000718;04.04.2024;V0040;POK;Sei;04;Vest-Finnmark;OTB;2428.6
S0000719;05.04.2024;V0009;POK;Sei;04;Vest-Finnmark;GN;2956.3
S0000720;06.04.2024;V0026;POK;Sei;04;Vest-Finnmark;DAN;3511.5
S0000721;03.04.2024;V0025;COD;Torsk;05;Røstbanken til Malangsgrunnen;LLS;4351.7
S0000722;04.04.2024;V0042;COD;Torsk;05;Røstbanken til Malangsgrunnen;OTB;5302.4
S0000723;05.04.2024;V0011;COD;Torsk;05;Røstbanken til Malangsgrunnen;GN;6304.2
S0000724;04.04.2024;V0038;HAD;Hyse;05;Røstbanken til Malangsgrunnen;OTB;3508.9
S0000725;05.04.2024;V0007;HAD;Hyse;05;Røstbanken til Malangsgrunnen;GN;4268.6
S0000726;06.04.2024;V0024;HAD;Hyse;05;Røstbanken til Malangsgrunnen;DAN;5067.3
S0000727;05.04.2024;V0003;POK;Sei;05;Røstbanken til Malangsgrunnen;GN;2267.5
S0000728;06.04.2024;V0020;POK;Sei;05;Røstbanken til Malangsgrunnen;DAN;2754.3
S0000729;01.04.2024;V0037;POK;Sei;05;Røstbanken til Malangsgrunnen;LLS;3265.1
S0000730;04.04.2024;V0036;COD;Torsk;06;Helgelandsbanken;OTB;4214.5
S0000731;05.04.2024;V0005;COD;Torsk;06;Helgelandsbanken;GN;5123.8
S0000732;06.04.2024;V0022;COD;Torsk;06;Helgelandsbanken;DAN;6079.1
S0000733;05.04.2024;V0001;HAD;Hyse;06;Helgelandsbanken;GN;3385.9
S0000734;06.04.2024;V0018;HAD;Hyse;06;Helgelandsbanken;DAN;4110.7
S0000735;01.04.2024;V0035;HAD;Hyse;06;Helgelandsbanken;LLS;4870.5
S0000736;06.04.2024;V0014;POK;Sei;06;Helgelandsbanken;DAN;2180.8
S0000737;01.04.2024;V0031;POK;Sei;06;Helgelandsbanken;LLS;2101.1
S0000738;02.04.2024;V0048;POK;Sei;06;Helgelandsbanken;OTB;2503.3
S0000739;05.04.2024;V0047;COD;Torsk;07;Storegga-Frøyabanken;GN;4111.4
S0000740;06.04.2024;V0016;COD;Torsk;07;Storegga-Frøyabanken;DAN;4988.7
S0000741;01.04.2024;V0033;COD;Torsk;07;Storegga-Frøyabanken;LLS;4694.7
S0000742;06.04.2024;V0012;HAD;Hyse;07;Storegga-Frøyabanken;DAN;2610.4
S0000743;01.04.2024;V0029;HAD;Hyse;07;Storegga-Frøyabanken;LLS;3185.2
S0000744;02.04.2024;V0046;HAD;Hyse;07;Storegga-Frøyabanken;OTB;3792.1
S0000745;01.04.2024;V0025;POK;Sei;07;Storegga-Frøyabanken;LLS;1695.3
S0000746;02.04.2024;V0042;POK;Sei;07;Storegga-Frøyabanken;OTB;2064.9
S0000747;03.04.2024;V0011;POK;Sei;07;Storegga-Frøyabanken;GN;2454.3
S0000748;06.04.2024;V0010;COD;Torsk;08;Eigersundbanken;DAN;3065.1
S0000749;01.04.2024;V0027;COD;Torsk;08;Eigersundbanken;LLS;3737.4
S0000750;02.04.2024;V0044;COD;Torsk;08;Eigersundbanken;OTB;4446.4
S0000751;01.04.2024;V0023;HAD;Hyse;08;Eigersundbanken;LLS;2474.3
S0000752;02.04.2024;V0040;HAD;Hyse;08;Eigersundbanken;OTB;3011.9
S0000753;03.04.2024;V0009;HAD;Hyse;08;Eigersundbanken;GN;3577.6
S0000754;02.04.2024;V0036;POK;Sei;08;Eigersundbanken;OTB;1600.6
S0000755;03.04.2024;V0005;POK;Sei;08;Eigersundbanken;GN;1945.3
S0000756;04.04.2024;V0022;POK;Sei;08;Eigersundbanken;DAN;2307.4
S0000757;08.04.2024;V0010;COD;Torsk;03;Øst-Finnmark;DAN;4081.4
S0000758;09.04.2024;V0027;COD;Torsk;03;Øst-Finnmark;LLS;4965.0
S0000759;10.04.2024;V0044;COD;Torsk;03;Øst-Finnmark;OTB;5894.0
S0000760;09.04.2024;V0023;HAD;Hyse;03;Øst-Finnmark;LLS;3390.2
S0000761;10.04.2024;V0040;HAD;Hyse;03;Øst-Finnmark;OTB;4118.1
S0000762;11.04.2024;V0009;HAD;Hyse;03;Øst-Finnmark;GN;4881.9
S0000763;10.04.2024;V0036;POK;Sei;03;Øst-Finnmark;OTB;2377.0
S0000764;11.04.2024;V0005;POK;Sei;03;Øst-Finnmark;GN;2883.5
S0000765;12.04.2024;V0022;POK;Sei;03;Øst-Finnmark;DAN;2719.1
S0000766;09.04.2024;V0021;COD;Torsk;04;Vest-Finnmark;LLS;5297.2
S0000767;10.04.2024;V0038;COD;Torsk;04;Vest-Finnmark;OTB;6431.0
S0000768;11.04.2024;V0007;COD;Torsk;04;Vest-Finnmark;GN;7619.8
S0000769;10.04.2024;V0034;HAD;Hyse;04;Vest-Finnmark;OTB;4385.6
S0000770;11.04.2024;V0003;HAD;Hyse;04;Vest-Finnmark;GN;4225.5
S0000771;12.04.2024;V0020;HAD;Hyse;04;Vest-Finnmark;DAN;5034.2
S0000772;11.04.2024;V0047;POK;Sei;04;Vest-Finnmark;GN;2447.1
S0000773;12.04.2024;V0016;POK;Sei;04;Vest-Finnmark;DAN;2982.8
S0000774;13.04.2024;V0033;POK;Sei;04;Vest-Finnmark;LLS;3547.6
S0000775;10.04.2024;V0032;COD;Torsk;05;Røstbanken til Malangsgrunnen;OTB;3897.6
S0000776;11.04.2024;V0001;COD;Torsk;5;Røstbanken til Malangsgrunnen;GN;4755.9
S0000777;12.04.2024;V0018;COD;Torsk;05;Røstbanken til Malangsgrunnen;DAN;5662.1
S0000778;11.04.2024;V0045;HAD;Hyse;05;Røstbanken til Malangsgrunnen;GN;3253.8
S0000779;12.04.2024;V0014;HAD;Hyse;05;Røstbanken til Malangsgrunnen;DAN;3963.3
S0000780;13.04.2024;V0031;HAD;Hyse;05;Røstbanken til Malangsgrunnen;LLS;4710.6
S0000781;12.04.2024;V0010;POK;Sei;05;Røstbanken til Malangsgrunnen;DAN;2291.6
S0000782;13.04.2024;V0027;POK;Sei;05;Røstbanken til Malangsgrunnen;LLS;2786.9
S0000783;08.04.2024;V0044;POK;Sei;05;Røstbanken til Malangsgrunnen;OTB;3307.4
S0000784;11.04.2024;V0043;COD;Torsk;06;Helgelandsbanken;GN;3786.9
S0000785;12.04.2024;V0012;COD;Torsk;06;Helgelandsbanken;DAN;4609.6
S0000786;13.04.2024;V0029;COD;Torsk;06;Helgelandsbanken;LLS;5475.4
S0000787;12.04.2024;V0008;HAD;Hyse;06;Helgelandsbanken;DAN;3148.8
S0000788;13.04.2024;V0025;HAD;Hyse;06;Helgelandsbanken;LLS;3827.1
S0000789;08.04.2024;V0042;HAD;Hyse;06;Helgelandsbanken;OTB;4539.4
S0000790;13.04.2024;V0021;POK;Sei;06;Helgelandsbanken;LLS;2209.8
S0000791;08.04.2024;V0038;POK;Sei;06;Helgelandsbanken;OTB;2682.1
S0000792;09.04.2024;V0007;POK;Sei;06;Helgelandsbanken;GN;2518.7
S0000793;12.04.2024;V0006;COD;Torsk;07;Storegga-Frøyabanken;DAN;3704.5
S0000794;13.04.2024;V0023;COD;Torsk;07;Storegga-Frøyabanken;LLS;4499.8
S0000795;08.04.2024;V0040;COD;Torsk;07;Storegga-Frøyabanken;OTB;5334.4
S0000796;13.04.2024;V0019;HAD;Hyse;07;Storegga-Frøyabanken;LLS;3069.8
S0000797;08.04.2024;V0036;HAD;Hyse;07;Storegga-Frøyabanken;OTB;3723.9
S0000798;09.04.2024;V0005;HAD;Hyse;07;Storegga-Frøyabanken;GN;3511.6
S0000799;08.04.2024;V0032;POK;Sei;07;Storegga-Frøyabanken;OTB;1706.6
S0000800;09.04.2024;V0001;POK;Sei;07;Storegga-Frøyabanken;GN;2081.6
S0000801;10.04.2024;V0018;POK;Sei;07;Storegga-Frøyabanken;DAN;2477.4
S0000802;13.04.2024;V0017;COD;Torsk;08;Eigersundbanken;LLS;3475.9
S0000803;08.04.2024;V0034;COD;Torsk;08;Eigersundbanken;OTB;3349.0
S0000804;09.04.2024;V0003;COD;Torsk;08;Eigersundbanken;GN;3990.0
S0000805;08.04.2024;V0030;HAD;Hyse;08;Eigersundbanken;OTB;2292.3
S0000806;09.04.2024;V0047;HAD;Hyse;08;Eigersundbanken;GN;2794.1
S0000807;10.04.2024;V0016;HAD;Hyse;08;Eigersundbanken;DAN;3323.1
S0000808;09.04.2024;V0043;POK;Sei;08;Eigersundbanken;GN;1616.3
S0000809;10.04.2024;V0012;POK;Sei;08;Eigersundbanken;DAN;1966.8
S0000810;11.04.2024;V0029;POK;Sei;08;Eigersundbanken;LLS;2335.6
S0000811;15.04.2024;V0017;COD;Torsk;03;Øst-Finnmark;LLS;3654.8
S0000812;16.04.2024;V0034;COD;Torsk;03;Øst-Finnmark;OTB;4451.8
S0000813;17.04.2024;V0003;COD;Torsk;03;Øst-Finnmark;GN;5291.2
S0000814;16.04.2024;V0030;HAD;Hyse;03;Øst-Finnmark;OTB;3123.7
S0000815;17.04.2024;V0047;HAD;Hyse;03;Øst-Finnmark;GN;3798.8
S0000816;18.04.2024;V0016;HAD;Hyse;03;Øst-Finnmark;DAN;4508.4
S0000817;17.04.2024;V0043;POK;Sei;03;Øst-Finnmark;GN;2421.7
S0000818;18.04.2024;V0012;POK;Sei;03;Øst-Finnmark;DAN;2940.8
S0000819;19.04.2024;V0029;POK;Sei;03;Øst-Finnmark;LLS;3485.3
S0000820;16.04.2024;V0028;COD;Torsk;04;Vest-Finnmark;OTB;4757.3
S0000821;17.04.2024;V0045;COD;Torsk;04;Vest-Finnmark;GN;5782.0
S0000822;18.04.2024;V0014;COD;Torsk;04;Vest-Finnmark;DAN;6858.1
S0000823;17.04.2024;V0041;HAD;Hyse;04;Vest-Finnmark;GN;4051.5
S0000824;18.04.2024;V0010;HAD;Hyse;04;Vest-Finnmark;DAN;4917.3
S0000825;19.04.2024;V0027;HAD;Hyse;04;Vest-Finnmark;LLS;4617.9
S0000826;18.04.2024;V0006;POK;Sei;04;Vest-Finnmark;DAN;3130.7
S0000827;19.04.2024;V0023;POK;Sei;04;Vest-Finnmark;LLS;3022.5
S0000828;20.04.2024;V0040;POK;Sei;04;Vest-Finnmark;OTB;3599.7
S0000829;17.04.2024;V0039;COD;Torsk;05;Røstbanken til Malangsgrunnen;GN;4426.3
S0000830;18.04.2024;V0008;COD;Torsk;05;Røstbanken til Malangsgrunnen;DAN;5369.5
S0000831;19.04.2024;V0025;COD;Torsk;05;Røstbanken til Malangsgrunnen;LLS;5063.4
S0000832;18.04.2024;V0004;HAD;Hyse;05;Røstbanken til Malangsgrunnen;DAN;2986.2
S0000833;19.04.2024;V0021;HAD;Hyse;05;Røstbanken til Malangsgrunnen;LLS;3642.5
S0000834;20.04.2024;V0038;HAD;Hyse;05;Røstbanken til Malangsgrunnen;OTB;4335.0
S0000835;19.04.2024;V0017;POK;Sei;05;Røstbanken til Malangsgrunnen;LLS;2326.4
S0000836;20.04.2024;V0034;POK;Sei;05;Røstbanken til Malangsgrunnen;OTB;2832.7
S0000837;15.04.2024;V0003;POK;Sei;05;Røstbanken til Malangsgrunnen;GN;3365.8
S0000838;18.04.2024;V0002;COD;Torsk;06;Helgelandsbanken;DAN;3388.0
S0000839;19.04.2024;V0019;COD;Torsk;06;Helgelandsbanken;LLS;4129.6
S0000840;20.04.2024;V0036;COD;Torsk;06;Helgelandsbanken;OTB;4911.5
S0000841;19.04.2024;V0015;HAD;Hyse;06;Helgelandsbanken;LLS;2898.9
S0000842;20.04.2024;V0032;HAD;Hyse;06;Helgelandsbanken;OTB;3527.6
S0000843;15.04.2024;V0001;HAD;Hyse;06;Helgelandsbanken;GN;4189.0
S0000844;20.04.2024;V0028;POK;Sei;06;Helgelandsbanken;OTB;
S0000845;15.04.2024;V0045;POK;Sei;06;Helgelandsbanken;GN;2733.4
S0000846;16.04.2024;V0014;POK;Sei;06;Helgelandsbanken;DAN;3241.3
S0000847;19.04.2024;V0013;COD;Torsk;07;Storegga-Frøyabanken;LLS;3324.3
S0000848;20.04.2024;V0030;COD;Torsk;07;Storegga-Frøyabanken;OTB;4042.8
S0000849;15.04.2024;V0047;COD;Torsk;07;Storegga-Frøyabanken;GN;4797.8
S0000850;20.04.2024;V0026;HAD;Hyse;07;Storegga-Frøyabanken;OTB;2833.8
S0000851;15.04.2024;V0043;HAD;Hyse;07;Storegga-Frøyabanken;GN;3441.3
S0000852;16.04.2024;V0012;HAD;Hyse;07;Storegga-Frøyabanken;DAN;4078.5
S0000853;15.04.2024;V0039;POK;Sei;07;Storegga-Frøyabanken;GN;2191.7
S0000854;16.04.2024;V0008;POK;Sei;07;Storegga-Frøyabanken;DAN;2107.3
S0000855;17.04.2024;V0025;POK;Sei;07;Storegga-Frøyabanken;LLS;2511.6
S0000856;20.04.2024;V0024;COD;Torsk;08;Eigersundbanken;OTB;3127.4
S0000857;15.04.2024;V0041;COD;Torsk;08;Eigersundbanken;GN;3795.8
S0000858;16.04.2024;V0010;COD;Torsk;08;Eigersundbanken;DAN;3564.6
S0000859;15.04.2024;V0037;HAD;Hyse;08;Eigersundbanken;GN;2657.4
S0000860;16.04.2024;V0006;HAD;Hyse;08;Eigersundbanken;DAN;2565.6
S0000861;17.04.2024;V0023;HAD;Hyse;08;Eigersundbanken;LLS;3055.5
S0000862;16.04.2024;V0002;POK;Sei;08;Eigersundbanken;DAN;1639.3
S0000863;17.04.2024;V0019;POK;Sei;08;Eigersundbanken;LLS;1997.5
S0000864;18.04.2024;V0036;POK;Sei;08;Eigersundbanken;OTB;2374.9
S0000865;22.04.2024;V0024;COD;Torsk;03;Øst-Finnmark;OTB;3263.9
S0000865;22.04.2024;V0024;COD;Torsk;03;Øst-Finnmark;OTB;3263.9
S0000866;23.04.2024;V0041;COD;Torsk;03;Øst-Finnmark;GN;3981.3
S0000867;24.04.2024;V0010;COD;Torsk;03;Øst-Finnmark;DAN;4738.2
S0000868;23.04.2024;V0037;HAD;Hyse;03;Øst-Finnmark;GN;2851.4
S0000869;24.04.2024;V0006;HAD;Hyse;03;Øst-Finnmark;DAN;3472.1
S0000870;25.04.2024;V0023;HAD;Hyse;03;Øst-Finnmark;LLS;4125.5
S0000871;24.04.2024;V0002;POK;Sei;03;Øst-Finnmark;DAN;2476.3
S0000872;25.04.2024;V0019;POK;Sei;03;Øst-Finnmark;LLS;3010.5
S0000873;26.04.2024;V0036;POK;Sei;3;Øst-Finnmark;OTB;3571.8
S0000874;23.04.2024;V0035;COD;Torsk;04;Vest-Finnmark;GN;4261.8
S0000875;24.04.2024;V0004;COD;Torsk;04;Vest-Finnmark;DAN;5186.1
S0000876;25.04.2024;V0021;COD;Torsk;04;Vest-Finnmark;LLS;6158.3
S0000877;24.04.2024;V0048;HAD;Hyse;04;Vest-Finnmark;DAN;3708.8
S0000878;25.04.2024;V0017;HAD;Hyse;04;Vest-Finnmark;LLS;4506.3
S0000879;26.04.2024;V0034;HAD;Hyse;04;Vest-Finnmark;OTB;5343.6
S0000880;25.04.2024;V0013;POK;Sei;04;Vest-Finnmark;LLS;3209.5
S0000881;26.04.2024;V0030;POK;Sei;04;Vest-Finnmark;OTB;3894.4
S0000882;27.04.2024;V0047;POK;Sei;04;Vest-Finnmark;GN;3664.9
S0000883;24.04.2024;V0046;COD;Torsk;05;Røstbanken til Malangsgrunnen;DAN;3976.2
S0000884;25.04.2024;V0015;COD;Torsk;05;Røstbanken til Malangsgrunnen;LLS;4828.5
S0000885;26.04.2024;V0032;COD;Torsk;05;Røstbanken til Malangsgrunnen;OTB;5722.6
S0000886;25.04.2024;V0011;HAD;Hyse;05;Røstbanken til Malangsgrunnen;LLS;3448.5
S0000887;26.04.2024;V0028;HAD;Hyse;05;Røstbanken til Malangsgrunnen;OTB;3315.7
S0000888;27.04.2024;V0045;HAD;Hyse;05;Røstbanken til Malangsgrunnen;GN;3951.8
S0000889;26.04.2024;V0024;POK;Sei;05;Røstbanken til Malangsgrunnen;OTB;2369.6
S0000890;27.04.2024;V0041;POK;Sei;05;Røstbanken til Malangsgrunnen;GN;2889.4
S0000891;22.04.2024;V0010;POK;Sei;05;Røstbanken til Malangsgrunnen;DAN;3437.5
S0000892;25.04.2024;V0009;COD;Torsk;06;Helgelandsbanken;LLS;3821.7
S0000893;26.04.2024;V0026;COD;Torsk;06;Helgelandsbanken;OTB;3689.7
S0000894;27.04.2024;V0043;COD;Torsk;06;Helgelandsbanken;GN;4394.3
S0000895;26.04.2024;V0022;HAD;Hyse;06;Helgelandsbanken;OTB;2643.9
S0000896;27.04.2024;V0039;HAD;Hyse;06;Helgelandsbanken;GN;3221.5
S0000897;22.04.2024;V0008;HAD;Hyse;06;Helgelandsbanken;DAN;3830.2
S0000898;27.04.2024;V0035;POK;Sei;06;Helgelandsbanken;GN;2298.5
S0000899;22.04.2024;V0004;POK;Sei;06;Helgelandsbanken;DAN;2796.2
S0000900;23.04.2024;V0021;POK;Sei;06;Helgelandsbanken;LLS;3319.4
S0000901;26.04.2024;V0020;COD;Torsk;07;Storegga-Frøyabanken;OTB;2975.6
S0000902;27.04.2024;V0037;COD;Torsk;07;Storegga-Frøyabanken;GN;3623.2
S0000903;22.04.2024;V0006;COD;Torsk;07;Storegga-Frøyabanken;DAN;4305.1
S0000904;27.04.2024;V0033;HAD;Hyse;07;Storegga-Frøyabanken;GN;2592.1
S0000905;22.04.2024;V0002;HAD;Hyse;07;Storegga-Frøyabanken;DAN;3151.4
S0000906;23.04.2024;V0019;HAD;Hyse;07;Storegga-Frøyabanken;LLS;3739.0
S0000907;22.04.2024;V0046;POK;Sei;07;Storegga-Frøyabanken;DAN;2245.4
S0000908;23.04.2024;V0015;POK;Sei;07;Storegga-Frøyabanken;LLS;2725.9
S0000909;24.04.2024;V0032;POK;Sei;07;Storegga-Frøyabanken;OTB;3229.9
S0000910;27.04.2024;V0031;COD;Torsk;08;Eigersundbanken;GN;2807.2
S0000911;22.04.2024;V0048;COD;Torsk;08;Eigersundbanken;DAN;3410.9
S0000912;23.04.2024;V0017;COD;Torsk;08;Eigersundbanken;LLS;4044.7
S0000913;22.04.2024;V0044;HAD;Hyse;08;Eigersundbanken;DAN;2437.0
S0000914;23.04.2024;V0013;HAD;Hyse;08;Eigersundbanken;LLS;2957.0
S0000915;24.04.2024;V0030;HAD;Hyse;08;Eigersundbanken;OTB;2782.7
S0000916;23.04.2024;V0009;POK;Sei;08;Eigersundbanken;LLS;1668.2
S0000917;24.04.2024;V0026;POK;Sei;08;Eigersundbanken;OTB;2035.6
S0000918;25.04.2024;V0043;POK;Sei;08;Eigersundbanken;GN;2423.5
S0000919;29.04.2024;V0031;COD;Torsk;03;Øst-Finnmark;GN;3699.1
S0000920;30.04.2024;V0048;COD;Torsk;03;Øst-Finnmark;DAN;3556.6
S0000921;01.05.2024;V0017;COD;Torsk;03;Øst-Finnmark;LLS;4238.9
S0000922;30.04.2024;V0044;HAD;Hyse;03;Øst-Finnmark;DAN;2580.9
S0000923;01.05.2024;V0013;HAD;Hyse;03;Øst-Finnmark;LLS;3146.9
S0000924;02.05.2024;V0030;HAD;Hyse;03;Øst-Finnmark;OTB;3744.0
S0000925;01.05.2024;V0009;POK;Sei;03;Øst-Finnmark;LLS;2538.0
S0000926;02.05.2024;V0026;POK;Sei;03;Øst-Finnmark;OTB;3089.4
S0000927;03.05.2024;V0043;POK;Sei;03;Øst-Finnmark;GN;3669.7
S0000928;30.04.2024;V0042;COD;Torsk;04;Vest-Finnmark;DAN;3814.5
S0000929;01.05.2024;V0011;COD;Torsk;04;Vest-Finnmark;LLS;4647.9
S0000930;02.05.2024;V0028;COD;Torsk;04;Vest-Finnmark;OTB;5526.0
S0000931;01.05.2024;V0007;HAD;Hyse;04;Vest-Finnmark;LLS;3367.2
S0000932;02.05.2024;V0024;HAD;Hyse;04;Vest-Finnmark;OTB;4096.2
S0000933;03.05.2024;V0041;HAD;Hyse;04;Vest-Finnmark;GN;4862.7
S0000934;02.05.2024;V0020;POK;Sei;04;Vest-Finnmark;OTB;3298.7
S0000935;03.05.2024;V0037;POK;Sei;04;Vest-Finnmark;GN;4006.9
S0000936;04.05.2024;V0006;POK;Sei;04;Vest-Finnmark;DAN;4750.1
S0000937;01.05.2024;V0005;COD;Torsk;05;Røstbanken til Malangsgrunnen;LLS;3569.3
S0000938;02.05.2024;V0022;COD;Torsk;05;Røstbanken til Malangsgrunnen;OTB;4339.4
S0000939;03.05.2024;V0039;COD;Torsk;05;Røstbanken til Malangsgrunnen;GN;5148.5
S0000940;02.05.2024;V0018;HAD;Hyse;05;Røstbanken til Malangsgrunnen;OTB;3139.3
S0000941;03.05.2024;V0035;HAD;Hyse;05;Røstbanken til Malangsgrunnen;GN;3811.2
S0000942;04.05.2024;V0004;HAD;Hyse;05;Røstbanken til Malangsgrunnen;DAN;4515.8
S0000943;03.05.2024;V0031;POK;Sei;05;Røstbanken til Malangsgrunnen;GN;3065.3
S0000944;04.05.2024;V0048;POK;Sei;05;Røstbanken til Malangsgrunnen;DAN;2953.4
S0000945;29.04.2024;V0017;POK;Sei;05;Røstbanken til Malangsgrunnen;LLS;3518.6
S0000946;02.05.2024;V0016;COD;Torsk;06;Helgelandsbanken;OTB;3439.5
S0000947;03.05.2024;V0033;COD;Torsk;06;Helgelandsbanken;GN;4173.5
S0000948;04.05.2024;V0002;COD;Torsk;06;Helgelandsbanken;DAN;3927.5
S0000949;03.05.2024;V0029;HAD;Hyse;06;Helgelandsbanken;GN;2390.7
S0000950;04.05.2024;V0046;HAD;Hyse;06;Helgelandsbanken;DAN;2917.2
S0000951;29.04.2024;V0015;HAD;Hyse;06;Helgelandsbanken;LLS;3473.0
S0000952;04.05.2024;V0042;POK;Sei;06;Helgelandsbanken;DAN;2353.8
S0000953;29.04.2024;V0011;POK;Sei;06;Helgelandsbanken;LLS;2867.1
S0000954;30.04.2024;V0028;POK;Sei;06;Helgelandsbanken;OTB;3407.7
S0000955;03.05.2024;V0027;COD;Torsk;07;Storegga-Frøyabanken;GN;2660.8
S0000956;04.05.2024;V0044;COD;Torsk;07;Storegga-Frøyabanken;DAN;3244.4
S0000957;29.04.2024;V0013;COD;Torsk;07;Storegga-Frøyabanken;LLS;3859.9
S0000958;04.05.2024;V0040;HAD;Hyse;07;Storegga-Frøyabanken;DAN;2351.5
S0000959;29.04.2024;V0009;HAD;Hyse;07;Storegga-Frøyabanken;LLS;2862.3
S0000960;30.04.2024;V0026;HAD;Hyse;07;Storegga-Frøyabanken;OTB;3400.0
S0000961;29.04.2024;V0005;POK;Sei;07;Storegga-Frøyabanken;LLS;2306.0
S0000962;30.04.2024;V0022;POK;Sei;07;Storegga-Frøyabanken;OTB;2802.7
S0000963;01.05.2024;V0039;POK;Sei;07;Storegga-Frøyabanken;GN;3324.3
S0000964;04.05.2024;V0038;COD;Torsk;08;Eigersundbanken;DAN;2518.0
S0000965;29.04.2024;V0007;COD;Torsk;08;Eigersundbanken;LLS;3063.1
S0000966;30.04.2024;V0024;COD;Torsk;08;Eigersundbanken;OTB;3636.3
S0000967;29.04.2024;V0003;HAD;Hyse;08;Eigersundbanken;LLS;2216.8
S0000968;30.04.2024;V0020;HAD;Hyse;08;Eigersundbanken;OTB;2692.8
S0000969;01.05.2024;V0037;HAD;Hyse;08;Eigersundbanken;GN;3192.2
S0000970;30.04.2024;V0016;POK;Sei;8;Eigersundbanken;OTB;2166.5
S0000971;01.05.2024;V0033;POK;Sei;08;Eigersundbanken;GN;2628.2
S0000972;02.05.2024;V0002;POK;Sei;08;Eigersundbanken;DAN;2478.3
S0000973;06.05.2024;V0038;COD;Torsk;03;Øst-Finnmark;DAN;3335.0
S0000974;07.05.2024;V0007;COD;Torsk;03;Øst-Finnmark;LLS;4048.9
S0000975;08.05.2024;V0024;COD;Torsk;03;Øst-Finnmark;OTB;4797.3
S0000976;07.05.2024;V0003;HAD;Hyse;03;Øst-Finnmark;LLS;2938.8
S0000977;08.05.2024;V0020;HAD;Hyse;03;Øst-Finnmark;OTB;2831.5
S0000978;09.05.2024;V0037;HAD;Hyse;03;Øst-Finnmark;GN;3373.4
S0000979;08.05.2024;V0016;POK;Sei;03;Øst-Finnmark;OTB;2603.1
S0000980;09.05.2024;V0033;POK;Sei;03;Øst-Finnmark;GN;3172.9
S0000981;10.05.2024;V0002;POK;Sei;03;Øst-Finnmark;DAN;3773.6
S0000982;07.05.2024;V0001;COD;Torsk;04;Vest-Finnmark;LLS;3416.0
S0000983;08.05.2024;V0018;COD;Torsk;04;Vest-Finnmark;OTB;4168.3
S0000984;09.05.2024;V0035;COD;Torsk;04;Vest-Finnmark;GN;4962.6
S0000985;08.05.2024;V0014;HAD;Hyse;04;Vest-Finnmark;OTB;3035.3
S0000986;09.05.2024;V0031;HAD;Hyse;04;Vest-Finnmark;GN;3697.2
S0000987;10.05.2024;V0048;HAD;Hyse;04;Vest-Finnmark;DAN;4394.3
S0000988;09.05.2024;V0027;POK;Sei;04;Vest-Finnmark;GN;3393.5
S0000989;10.05.2024;V0044;POK;Sei;04;Vest-Finnmark;DAN;4126.9
S0000990;11.05.2024;V0013;POK;Sei;04;Vest-Finnmark;LLS;4897.7
S0000991;08.05.2024;V0012;COD;Torsk;05;Røstbanken til Malangsgrunnen;OTB;3206.8
S0000992;09.05.2024;V0029;COD;Torsk;05;Røstbanken til Malangsgrunnen;GN;3903.5
S0000993;10.05.2024;V0046;COD;Torsk;05;Røstbanken til Malangsgrunnen;DAN;4636.6
S0000994;09.05.2024;V0025;HAD;Hyse;05;Røstbanken til Malangsgrunnen;GN;2838.0
S0000995;10.05.2024;V0042;HAD;Hyse;05;Røstbanken til Malangsgrunnen;DAN;3449.3
S0000996;11.05.2024;V0011;HAD;Hyse;05;Røstbanken til Malangsgrunnen;LLS;4091.3
S0000997;10.05.2024;V0038;POK;Sei;05;Røstbanken til Malangsgrunnen;DAN;3161.6
S0000998;11.05.2024;V0007;POK;Sei;05;Røstbanken til Malangsgrunnen;LLS;3837.3
S0000999;06.05.2024;V0024;POK;Sei;05;Røstbanken til Malangsgrunnen;OTB;3603.6
S0001000;09.05.2024;V0023;COD;Torsk;06;Helgelandsbanken;GN;3098.7
S0001001;10.05.2024;V0040;COD;Torsk;06;Helgelandsbanken;DAN;3764.1
S0001002;11.05.2024;V0009;COD;Torsk;06;Helgelandsbanken;LLS;4462.2
S0001003;10.05.2024;V0036;HAD;Hyse;06;Helgelandsbanken;DAN;2733.0
S0001004;11.05.2024;V0005;HAD;Hyse;06;Helgelandsbanken;LLS;3315.4
S0001005;06.05.2024;V0022;HAD;Hyse;06;Helgelandsbanken;OTB;3126.4
S0001006;11.05.2024;V0001;POK;Sei;06;Helgelandsbanken;LLS;2411.9
S0001007;06.05.2024;V0018;POK;Sei;06;Helgelandsbanken;OTB;2941.9
S0001008;07.05.2024;V0035;POK;Sei;06;Helgelandsbanken;GN;3501.3
S0001009;10.05.2024;V0034;COD;Torsk;07;Storegga-Frøyabanken;DAN;3017.1
S0001010;11.05.2024;V0003;COD;Torsk;07;Storegga-Frøyabanken;LLS;2906.9
S0001011;06.05.2024;V0020;COD;Torsk;07;Storegga-Frøyabanken;OTB;3463.2
S0001012;11.05.2024;V0047;HAD;Hyse;07;Storegga-Frøyabanken;LLS;2117.7
S0001013;06.05.2024;V0016;HAD;Hyse;07;Storegga-Frøyabanken;OTB;2581.3
S0001014;07.05.2024;V0033;HAD;Hyse;07;Storegga-Frøyabanken;GN;3070.0
S0001015;06.05.2024;V0012;POK;Sei;07;Storegga-Frøyabanken;OTB;2370.3
S0001016;07.05.2024;V0029;POK;Sei;07;Storegga-Frøyabanken;GN;2884.4
S0001017;08.05.2024;V0046;POK;Sei;07;Storegga-Frøyabanken;DAN;3425.1
S0001018;11.05.2024;V0045;COD;Torsk;08;Eigersundbanken;LLS;2260.3
S0001019;06.05.2024;V0014;COD;Torsk;08;Eigersundbanken;OTB;2753.1
S0001020;07.05.2024;V0031;COD;Torsk;08;Eigersundbanken;GN;3272.3
S0001021;06.05.2024;V0010;HAD;Hyse;08;Eigersundbanken;OTB;2002.5
S0001022;07.05.2024;V0027;HAD;Hyse;08;Eigersundbanken;GN;2435.3
S0001023;08.05.2024;V0044;HAD;Hyse;08;Eigersundbanken;DAN;2890.2
S0001024;07.05.2024;V0023;POK;Sei;08;Eigersundbanken;GN;2233.0
S0001025;08.05.2024;V0040;POK;Sei;08;Eigersundbanken;DAN;2711.7
S0001026;09.05.2024;V0009;POK;Sei;08;Eigersundbanken;LLS;3213.8
S0001027;13.05.2024;V0045;COD;Torsk;03;Øst-Finnmark;LLS;3014.3
S0001028;14.05.2024;V0014;COD;Torsk;03;Øst-Finnmark;OTB;3663.5
S0001029;15.05.2024;V0031;COD;Torsk;03;Øst-Finnmark;GN;4345.3
S0001030;14.05.2024;V0010;HAD;Hyse;03;Øst-Finnmark;OTB;2650.8
S0001031;15.05.2024;V0027;HAD;Hyse;03;Øst-Finnmark;GN;3217.3
S0001032;16.05.2024;V0044;HAD;Hyse;03;Øst-Finnmark;DAN;3021.4
S0001033;15.05.2024;V0023;POK;Sei;03;Øst-Finnmark;GN;3371.9
S0001034;16.05.2024;V0040;POK;Sei;03;Øst-Finnmark;DAN;3255.4
S0001035;17.05.2024;V0009;POK;Sei;03;Øst-Finnmark;LLS;3877.0
S0001036;14.05.2024;V0008;COD;Torsk;04;Vest-Finnmark;OTB;3904.3
S0001037;15.05.2024;V0025;COD;Torsk;04;Vest-Finnmark;GN;4736.2
S0001038;16.05.2024;V0042;COD;Torsk;04;Vest-Finnmark;DAN;4466.2
S0001038;16.05.2024;V0042;COD;Torsk;04;Vest-Finnmark;DAN;4466.2
S0001039;15.05.2024;V0021;HAD;Hyse;04;Vest-Finnmark;GN;2719.9
S0001040;16.05.2024;V0038;HAD;Hyse;04;Vest-Finnmark;DAN;3317.7
S0001041;17.05.2024;V0007;HAD;Hyse;04;Vest-Finnmark;LLS;3948.4
S0001042;16.05.2024;V0034;POK;Sei;04;Vest-Finnmark;DAN;3488.0
S0001043;17.05.2024;V0003;POK;Sei;04;Vest-Finnmark;LLS;4247.2
S0001044;18.05.2024;V0020;POK;Sei;04;Vest-Finnmark;OTB;5046.5
S0001045;15.05.2024;V0019;COD;Torsk;05;Røstbanken til Malangsgrunnen;GN;2887.3
S0001046;16.05.2024;V0036;COD;Torsk;05;Røstbanken til Malangsgrunnen;DAN;3519.4
S0001047;17.05.2024;V0005;COD;Torsk;05;Røstbanken til Malangsgrunnen;LLS;4185.7
S0001048;16.05.2024;V0032;HAD;Hyse;05;Røstbanken til Malangsgrunnen;DAN;2551.1
S0001049;17.05.2024;V0001;HAD;Hyse;05;Røstbanken til Malangsgrunnen;LLS;3104.4
S0001050;18.05.2024;V0018;HAD;Hyse;05;Røstbanken til Malangsgrunnen;OTB;3686.4
S0001051;17.05.2024;V0045;POK;Sei;05;Røstbanken til Malangsgrunnen;LLS;3258.9
S0001052;18.05.2024;V0014;POK;Sei;05;Røstbanken til Malangsgrunnen;OTB;3959.8
S0001053;13.05.2024;V0031;POK;Sei;05;Røstbanken til Malangsgrunnen;GN;4695.4
S0001054;16.05.2024;V0030;COD;Torsk;06;Helgelandsbanken;DAN;2798.5
S0001055;17.05.2024;V0047;COD;Torsk;06;Helgelandsbanken;LLS;
S0001056;18.05.2024;V0016;COD;Torsk;06;Helgelandsbanken;OTB;4039.0
S0001057;17.05.2024;V0043;HAD;Hyse;06;Helgelandsbanken;LLS;2463.5
S0001058;18.05.2024;V0012;HAD;Hyse;06;Helgelandsbanken;OTB;2991.5
S0001059;13.05.2024;V0029;HAD;Hyse;06;Helgelandsbanken;GN;3545.5
S0001060;18.05.2024;V0008;POK;Sei;06;Helgelandsbanken;OTB;3136.3
S0001061;13.05.2024;V0025;POK;Sei;06;Helgelandsbanken;GN;3015.5
S0001062;14.05.2024;V0042;POK;Sei;06;Helgelandsbanken;DAN;3594.0
S0001063;17.05.2024;V0041;COD;Torsk;07;Storegga-Frøyabanken;LLS;2731.9
S0001064;18.05.2024;V0010;COD;Torsk;07;Storegga-Frøyabanken;OTB;3315.7
S0001065;13.05.2024;V0027;COD;Torsk;07;Storegga-Frøyabanken;GN;3113.8
S0001066;18.05.2024;V0006;HAD;Hyse;07;Storegga-Frøyabanken;OTB;2397.0
S0001067;13.05.2024;V0023;HAD;Hyse;7;Storegga-Frøyabanken;GN;2314.2
S0001068;14.05.2024;V0040;HAD;Hyse;07;Storegga-Frøyabanken;DAN;2756.1
S0001069;13.05.2024;V0019;POK;Sei;07;Storegga-Frøyabanken;GN;2434.2
S0001070;14.05.2024;V0036;POK;Sei;07;Storegga-Frøyabanken;DAN;2966.0
S0001071;15.05.2024;V0005;POK;Sei;07;Storegga-Frøyabanken;LLS;3526.4
S0001072;18.05.2024;V0004;COD;Torsk;08;Eigersundbanken;OTB;2033.2
S0001073;13.05.2024;V0021;COD;Torsk;08;Eigersundbanken;GN;2480.0
S0001074;14.05.2024;V0038;COD;Torsk;08;Eigersundbanken;DAN;2951.6
S0001075;13.05.2024;V0017;HAD;Hyse;08;Eigersundbanken;GN;1798.6
S0001076;14.05.2024;V0034;HAD;Hyse;08;Eigersundbanken;DAN;2190.0
S0001077;15.05.2024;V0003;HAD;Hyse;08;Eigersundbanken;LLS;2602.2
S0001078;14.05.2024;V0030;POK;Sei;08;Eigersundbanken;DAN;2300.0
S0001079;15.05.2024;V0047;POK;Sei;08;Eigersundbanken;LLS;2796.2
S0001080;16.05.2024;V0016;POK;Sei;08;Eigersundbanken;OTB;3317.5
S0001081;20.05.2024;V0004;COD;Torsk;03;Øst-Finnmark;OTB;2734.1
S0001082;21.05.2024;V0021;COD;Torsk;03;Øst-Finnmark;GN;3327.1
S0001083;22.05.2024;V0038;COD;Torsk;03;Øst-Finnmark;DAN;3950.8
S0001084;21.05.2024;V0017;HAD;Hyse;03;Øst-Finnmark;GN;2381.5
S0001085;22.05.2024;V0034;HAD;Hyse;03;Øst-Finnmark;DAN;2893.7
S0001086;23.05.2024;V0003;HAD;Hyse;03;Øst-Finnmark;LLS;3431.3
S0001087;22.05.2024;V0030;POK;Sei;03;Øst-Finnmark;DAN;3478.9
S0001088;23.05.2024;V0047;POK;Sei;03;Øst-Finnmark;LLS;4221.2
S0001089;24.05.2024;V0016;POK;Sei;03;Øst-Finnmark;OTB;3972.5
S0001090;21.05.2024;V0015;COD;Torsk;04;Vest-Finnmark;GN;3551.1
S0001091;22.05.2024;V0032;COD;Torsk;04;Vest-Finnmark;DAN;4312.3
S0001092;23.05.2024;V0001;COD;Torsk;04;Vest-Finnmark;LLS;5110.8
S0001093;22.05.2024;V0028;HAD;Hyse;04;Vest-Finnmark;DAN;3082.7
S0001094;23.05.2024;V0045;HAD;Hyse;04;Vest-Finnmark;LLS;2964.0
S0001095;24.05.2024;V0014;HAD;Hyse;04;Vest-Finnmark;OTB;3532.6
S0001096;23.05.2024;V0041;POK;Sei;04;Vest-Finnmark;LLS;3575.6
S0001097;24.05.2024;V0010;POK;Sei;04;Vest-Finnmark;OTB;4359.8
S0001098;25.05.2024;V0027;POK;Sei;04;Vest-Finnmark;GN;5187.0
S0001099;22.05.2024;V0026;COD;Torsk;05;Røstbanken til Malangsgrunnen;DAN;3297.8
S0001100;23.05.2024;V0043;COD;Torsk;05;Røstbanken til Malangsgrunnen;LLS;3183.8
S0001101;24.05.2024;V0012;COD;Torsk;05;Røstbanken til Malangsgrunnen;OTB;3791.8
S0001102;23.05.2024;V0039;HAD;Hyse;05;Røstbanken til Malangsgrunnen;LLS;2283.5
S0001103;24.05.2024;V0008;HAD;Hyse;05;Røstbanken til Malangsgrunnen;OTB;2782.4
S0001104;25.05.2024;V0025;HAD;Hyse;05;Røstbanken til Malangsgrunnen;GN;3308.1
S0001105;24.05.2024;V0004;POK;Sei;05;Røstbanken til Malangsgrunnen;OTB;3351.0
S0001106;25.05.2024;V0021;POK;Sei;05;Røstbanken til Malangsgrunnen;GN;4076.5
S0001107;20.05.2024;V0038;POK;Sei;05;Røstbanken til Malangsgrunnen;DAN;4839.3
S0001108;23.05.2024;V0037;COD;Torsk;06;Helgelandsbanken;LLS;2536.3
S0001109;24.05.2024;V0006;COD;Torsk;06;Helgelandsbanken;OTB;3088.3
S0001110;25.05.2024;V0023;COD;Torsk;06;Helgelandsbanken;GN;3669.5
S0001111;24.05.2024;V0002;HAD;Hyse;06;Helgelandsbanken;OTB;2211.5
S0001112;25.05.2024;V0019;HAD;Hyse;06;Helgelandsbanken;GN;2688.7
S0001113;20.05.2024;V0036;HAD;Hyse;06;Helgelandsbanken;DAN;3189.9
S0001114;25.05.2024;V0015;POK;Sei;06;Helgelandsbanken;GN;3233.6
S0001115;20.05.2024;V0032;POK;Sei;06;Helgelandsbanken;DAN;3925.7
S0001116;21.05.2024;V0001;POK;Sei;06;Helgelandsbanken;LLS;4651.4
S0001117;24.05.2024;V0048;COD;Torsk;07;Storegga-Frøyabanken;OTB;2482.9
S0001118;25.05.2024;V0017;COD;Torsk;07;Storegga-Frøyabanken;GN;3016.9
S0001119;20.05.2024;V0034;COD;Torsk;07;Storegga-Frøyabanken;DAN;3577.4
S0001120;25.05.2024;V0013;HAD;Hyse;07;Storegga-Frøyabanken;GN;2157.4
S0001121;20.05.2024;V0030;HAD;Hyse;07;Storegga-Frøyabanken;DAN;2617.8
S0001122;21.05.2024;V0047;HAD;Hyse;07;Storegga-Frøyabanken;LLS;2463.5
S0001123;20.05.2024;V0026;POK;Sei;07;Storegga-Frøyabanken;DAN;2492.9
S0001124;21.05.2024;V0043;POK;Sei;07;Storegga-Frøyabanken;LLS;3041.9
S0001125;22.05.2024;V0012;POK;Sei;07;Storegga-Frøyabanken;OTB;3621.5
S0001126;25.05.2024;V0011;COD;Torsk;08;Eigersundbanken;GN;2331.2
S0001127;20.05.2024;V0028;COD;Torsk;08;Eigersundbanken;DAN;2241.4
S0001128;21.05.2024;V0045;COD;Torsk;08;Eigersundbanken;LLS;2671.4
S0001129;20.05.2024;V0024;HAD;Hyse;08;Eigersundbanken;DAN;1608.4
S0001130;21.05.2024;V0041;HAD;Hyse;08;Eigersundbanken;LLS;1961.1
S0001131;22.05.2024;V0010;HAD;Hyse;08;Eigersundbanken;OTB;2333.2
S0001132;21.05.2024;V0037;POK;Sei;08;Eigersundbanken;LLS;2363.0
S0001133;22.05.2024;V0006;POK;Sei;08;Eigersundbanken;OTB;2876.4
S0001134;23.05.2024;V0023;POK;Sei;08;Eigersundbanken;GN;3416.6
S0001135;27.05.2024;V0011;COD;Torsk;03;Øst-Finnmark;GN;2490.9
S0001136;28.05.2024;V0028;COD;Torsk;03;Øst-Finnmark;DAN;3035.1
S0001137;29.05.2024;V0045;COD;Torsk;03;Øst-Finnmark;LLS;3608.5
S0001138;28.05.2024;V0024;HAD;Hyse;03;Øst-Finnmark;DAN;2134.4
S0001139;29.05.2024;V0041;HAD;Hyse;03;Øst-Finnmark;LLS;2596.5
S0001140;30.05.2024;V0010;HAD;Hyse;03;Øst-Finnmark;OTB;3082.3
S0001141;29.05.2024;V0037;POK;Sei;03;Øst-Finnmark;LLS;3575.1
S0001142;30.05.2024;V0006;POK;Sei;03;Øst-Finnmark;OTB;4342.7
S0001143;31.05.2024;V0023;POK;Sei;03;Øst-Finnmark;GN;5148.1
S0001144;28.05.2024;V0022;COD;Torsk;04;Vest-Finnmark;DAN;3244.7
S0001145;29.05.2024;V0039;COD;Torsk;04;Vest-Finnmark;LLS;3944.8
S0001146;30.05.2024;V0008;COD;Torsk;04;Vest-Finnmark;OTB;4680.2
S0001147;29.05.2024;V0035;HAD;Hyse;04;Vest-Finnmark;LLS;2770.2
S0001148;30.05.2024;V0004;HAD;Hyse;04;Vest-Finnmark;OTB;3363.1
S0001149;31.05.2024;V0021;HAD;Hyse;04;Vest-Finnmark;GN;3984.8
S0001150;30.05.2024;V0048;POK;Sei;04;Vest-Finnmark;OTB;4624.7
S0001151;31.05.2024;V0017;POK;Sei;04;Vest-Finnmark;GN;4455.9
S0001152;01.06.2024;V0034;POK;Sei;04;Vest-Finnmark;DAN;5308.7
S0001153;29.05.2024;V0033;COD;Torsk;05;Røstbanken til Malangsgrunnen;LLS;3021.0
S0001154;30.05.2024;V0002;COD;Torsk;05;Røstbanken til Malangsgrunnen;OTB;3665.7
S0001155;31.05.2024;V0019;COD;Torsk;05;Røstbanken til Malangsgrunnen;GN;3449.6
S0001156;30.05.2024;V0046;HAD;Hyse;05;Røstbanken til Malangsgrunnen;OTB;2038.3
S0001157;31.05.2024;V0015;HAD;Hyse;05;Røstbanken til Malangsgrunnen;GN;2487.1
S0001158;01.06.2024;V0032;HAD;Hyse;05;Røstbanken til Malangsgrunnen;DAN;2961.0
S0001159;31.05.2024;V0011;POK;Sei;05;Røstbanken til Malangsgrunnen;GN;3431.2
S0001160;01.06.2024;V0028;POK;Sei;05;Røstbanken til Malangsgrunnen;DAN;4179.4
S0001161;27.05.2024;V0045;POK;Sei;05;Røstbanken til Malangsgrunnen;LLS;4967.5
S0001162;30.05.2024;V0044;COD;Torsk;06;Helgelandsbanken;OTB;2308.5
S0001163;31.05.2024;V0013;COD;Torsk;06;Helgelandsbanken;GN;2814.8
S0001164;01.06.2024;V0030;COD;Torsk;6;Helgelandsbanken;DAN;3348.8
S0001165;31.05.2024;V0009;HAD;Hyse;06;Helgelandsbanken;GN;1980.4
S0001166;01.06.2024;V0026;HAD;Hyse;06;Helgelandsbanken;DAN;2410.6
S0001167;27.05.2024;V0043;HAD;Hyse;06;Helgelandsbanken;LLS;2863.4
S0001168;01.06.2024;V0022;POK;Sei;06;Helgelandsbanken;DAN;3320.5
S0001169;27.05.2024;V0039;POK;Sei;06;Helgelandsbanken;LLS;4035.7
S0001170;28.05.2024;V0008;POK;Sei;06;Helgelandsbanken;OTB;4786.8
S0001171;31.05.2024;V0007;COD;Torsk;07;Storegga-Frøyabanken;GN;2266.9
S0001172;01.06.2024;V0024;COD;Torsk;07;Storegga-Frøyabanken;DAN;2757.6
S0001173;27.05.2024;V0041;COD;Torsk;07;Storegga-Frøyabanken;LLS;3273.7
S0001174;01.06.2024;V0020;HAD;Hyse;07;Storegga-Frøyabanken;DAN;1937.3
S0001175;27.05.2024;V0037;HAD;Hyse;07;Storegga-Frøyabanken;LLS;2353.2
S0001176;28.05.2024;V0006;HAD;Hyse;07;Storegga-Frøyabanken;OTB;2789.7
S0001177;27.05.2024;V0033;POK;Sei;07;Storegga-Frøyabanken;LLS;3237.1
S0001178;28.05.2024;V0002;POK;Sei;07;Storegga-Frøyabanken;OTB;3926.9
S0001179;29.05.2024;V0019;POK;Sei;07;Storegga-Frøyabanken;GN;3703.0
S0001180;01.06.2024;V0018;COD;Torsk;08;Eigersundbanken;DAN;2134.1
S0001181;27.05.2024;V0035;COD;Torsk;08;Eigersundbanken;LLS;2590.8
S0001182;28.05.2024;V0004;COD;Torsk;08;Eigersundbanken;OTB;3069.8
S0001183;27.05.2024;V0031;HAD;Hyse;08;Eigersundbanken;LLS;1817.8
S0001184;28.05.2024;V0048;HAD;Hyse;08;Eigersundbanken;OTB;1751.4
S0001185;29.05.2024;V0017;HAD;Hyse;08;Eigersundbanken;GN;2086.6
S0001186;28.05.2024;V0044;POK;Sei;08;Eigersundbanken;OTB;2417.3
S0001187;29.05.2024;V0013;POK;Sei;08;Eigersundbanken;GN;2946.5
S0001188;30.05.2024;V0030;POK;Sei;08;Eigersundbanken;DAN;3504.3
S0001189;03.06.2024;V0018;COD;Torsk;03;Øst-Finnmark;DAN;2280.0
S0001190;04.06.2024;V0035;COD;Torsk;03;Øst-Finnmark;LLS;2782.1
S0001191;05.06.2024;V0004;COD;Torsk;03;Øst-Finnmark;OTB;3312.2
S0001192;04.06.2024;V0031;HAD;Hyse;03;Øst-Finnmark;LLS;1911.2
S0001193;05.06.2024;V0048;HAD;Hyse;03;Øst-Finnmark;OTB;2328.0
S0001194;06.06.2024;V0017;HAD;Hyse;03;Øst-Finnmark;GN;2766.9
S0001195;05.06.2024;V0044;POK;Sei;03;Øst-Finnmark;OTB;3653.4
S0001196;06.06.2024;V0013;POK;Sei;03;Øst-Finnmark;GN;4442.9
S0001197;07.06.2024;V0030;POK;Sei;03;Øst-Finnmark;DAN;5272.8
S0001198;04.06.2024;V0029;COD;Torsk;04;Vest-Finnmark;LLS;2979.5
S0001199;05.06.2024;V0046;COD;Torsk;04;Vest-Finnmark;OTB;3626.9
S0001200;06.06.2024;V0015;COD;Torsk;04;Vest-Finnmark;GN;4308.1
S0001201;05.06.2024;V0042;HAD;Hyse;04;Vest-Finnmark;OTB;2487.7
S0001202;06.06.2024;V0011;HAD;Hyse;04;Vest-Finnmark;GN;3023.6
S0001203;07.06.2024;V0028;HAD;Hyse;04;Vest-Finnmark;DAN;3586.3
S0001204;06.06.2024;V0007;POK;Sei;04;Vest-Finnmark;GN;4738.4
S0001205;07.06.2024;V0024;POK;Sei;04;Vest-Finnmark;DAN;5751.1
S0001206;08.06.2024;V0041;POK;Sei;04;Vest-Finnmark;LLS;5400.9
S0001207;05.06.2024;V0040;COD;Torsk;05;Røstbanken til Malangsgrunnen;OTB;2781.8
S0001208;06.06.2024;V0009;COD;Torsk;05;Røstbanken til Malangsgrunnen;GN;3379.1
S0001209;07.06.2024;V0026;COD;Torsk;05;Røstbanken til Malangsgrunnen;DAN;4005.8
S0001210;06.06.2024;V0005;HAD;Hyse;05;Røstbanken til Malangsgrunnen;GN;2314.6
S0001211;07.06.2024;V0022;HAD;Hyse;05;Røstbanken til Malangsgrunnen;DAN;2807.9
S0001211;07.06.2024;V0022;HAD;Hyse;05;Røstbanken til Malangsgrunnen;DAN;2807.9
S0001212;08.06.2024;V0039;HAD;Hyse;05;Røstbanken til Malangsgrunnen;LLS;2647.8
S0001213;07.06.2024;V0018;POK;Sei;05;Røstbanken til Malangsgrunnen;DAN;3492.5
S0001214;08.06.2024;V0035;POK;Sei;05;Røstbanken til Malangsgrunnen;LLS;4260.0
S0001215;03.06.2024;V0004;POK;Sei;05;Røstbanken til Malangsgrunnen;OTB;5070.0
S0001216;06.06.2024;V0003;COD;Torsk;06;Helgelandsbanken;GN;2675.5
S0001217;07.06.2024;V0020;COD;Torsk;06;Helgelandsbanken;DAN;2577.8
S0001218;08.06.2024;V0037;COD;Torsk;06;Helgelandsbanken;LLS;3071.1
S0001219;07.06.2024;V0016;HAD;Hyse;06;Helgelandsbanken;DAN;1771.7
S0001220;08.06.2024;V0033;HAD;Hyse;06;Helgelandsbanken;LLS;2159.5
S0001221;03.06.2024;V0002;HAD;Hyse;06;Helgelandsbanken;OTB;2568.3
S0001222;08.06.2024;V0029;POK;Sei;06;Helgelandsbanken;LLS;3390.5
S0001223;03.06.2024;V0046;POK;Sei;06;Helgelandsbanken;OTB;4125.8
S0001224;04.06.2024;V0015;POK;Sei;06;Helgelandsbanken;GN;4899.2
S0001225;07.06.2024;V0014;COD;Torsk;07;Storegga-Frøyabanken;DAN;2079.8
S0001226;08.06.2024;V0031;COD;Torsk;07;Storegga-Frøyabanken;LLS;2533.4
S0001227;03.06.2024;V0048;COD;Torsk;07;Storegga-Frøyabanken;OTB;3011.0
S0001228;08.06.2024;V0027;HAD;Hyse;07;Storegga-Frøyabanken;LLS;1738.4
S0001229;03.06.2024;V0044;HAD;Hyse;07;Storegga-Frøyabanken;OTB;2114.1
S0001230;04.06.2024;V0013;HAD;Hyse;07;Storegga-Frøyabanken;GN;2508.9
S0001231;03.06.2024;V0040;POK;Sei;07;Storegga-Frøyabanken;OTB;3314.3
S0001232;04.06.2024;V0009;POK;Sei;07;Storegga-Frøyabanken;GN;4024.8
S0001233;05.06.2024;V0026;POK;Sei;07;Storegga-Frøyabanken;DAN;4770.1
S0001234;08.06.2024;V0025;COD;Torsk;08;Eigersundbanken;LLS;1963.6
S0001235;03.06.2024;V0042;COD;Torsk;08;Eigersundbanken;OTB;2386.6
S0001236;04.06.2024;V0011;COD;Torsk;08;Eigersundbanken;GN;2830.8
S0001237;03.06.2024;V0038;HAD;Hyse;08;Eigersundbanken;OTB;1635.4
S0001238;04.06.2024;V0007;HAD;Hyse;08;Eigersundbanken;GN;1984.9
S0001239;05.06.2024;V0024;HAD;Hyse;08;Eigersundbanken;DAN;1864.0
S0001240;04.06.2024;V0003;POK;Sei;08;Eigersundbanken;GN;3107.9
S0001241;05.06.2024;V0020;POK;Sei;08;Eigersundbanken;DAN;3000.6
S0001242;06.06.2024;V0037;POK;Sei;08;Eigersundbanken;LLS;3573.5
S0001243;10.06.2024;V0025;COD;Torsk;03;Øst-Finnmark;LLS;2670.8
S0001244;11.06.2024;V0042;COD;Torsk;03;Øst-Finnmark;OTB;3239.9
S0001245;12.06.2024;V0011;COD;Torsk;03;Øst-Finnmark;GN;3055.2
S0001246;11.06.2024;V0038;HAD;Hyse;03;Øst-Finnmark;OTB;1712.4
S0001247;12.06.2024;V0007;HAD;Hyse;03;Øst-Finnmark;GN;2088.8
S0001248;13.06.2024;V0024;HAD;Hyse;03;Øst-Finnmark;DAN;2485.9
S0001249;12.06.2024;V0003;POK;Sei;03;Øst-Finnmark;GN;3706.9
S0001250;13.06.2024;V0020;POK;Sei;03;Øst-Finnmark;DAN;4513.7
S0001251;14.06.2024;V0037;POK;Sei;03;Øst-Finnmark;LLS;5363.1
S0001252;11.06.2024;V0036;COD;Torsk;04;Vest-Finnmark;OTB;2749.6
S0001253;12.06.2024;V0005;COD;Torsk;04;Vest-Finnmark;GN;3351.5
S0001254;13.06.2024;V0022;COD;Torsk;04;Vest-Finnmark;DAN;3986.0
S0001255;12.06.2024;V0001;HAD;Hyse;04;Vest-Finnmark;GN;2236.0
S0001256;13.06.2024;V0018;HAD;Hyse;04;Vest-Finnmark;DAN;2720.9
S0001257;14.06.2024;V0035;HAD;Hyse;04;Vest-Finnmark;LLS;3231.0
S0001258;13.06.2024;V0014;POK;Sei;04;Vest-Finnmark;DAN;4821.4
S0001259;14.06.2024;V0031;POK;Sei;04;Vest-Finnmark;LLS;5858.2
S0001260;15.06.2024;V0048;POK;Sei;04;Vest-Finnmark;OTB;6946.6
S0001261;12.06.2024;V0047;COD;Torsk;5;Røstbanken til Malangsgrunnen;GN;2574.9
S0001262;13.06.2024;V0016;COD;Torsk;05;Røstbanken til Malangsgrunnen;DAN;3131.4
S0001263;14.06.2024;V0033;COD;Torsk;05;Røstbanken til Malangsgrunnen;LLS;3716.3
S0001264;13.06.2024;V0012;HAD;Hyse;05;Røstbanken til Malangsgrunnen;DAN;2086.1
S0001265;14.06.2024;V0029;HAD;Hyse;05;Røstbanken til Malangsgrunnen;LLS;2533.3
S0001266;15.06.2024;V0046;HAD;Hyse;05;Røstbanken til Malangsgrunnen;OTB;
S0001267;14.06.2024;V0025;POK;Sei;05;Røstbanken til Malangsgrunnen;LLS;4483.1
S0001268;15.06.2024;V0042;POK;Sei;05;Røstbanken til Malangsgrunnen;OTB;4310.4
S0001269;10.06.2024;V0011;POK;Sei;05;Røstbanken til Malangsgrunnen;GN;5137.3
S0001270;13.06.2024;V0010;COD;Torsk;06;Helgelandsbanken;DAN;2482.9
S0001271;14.06.2024;V0027;COD;Torsk;06;Helgelandsbanken;LLS;3013.6
S0001272;15.06.2024;V0044;COD;Torsk;06;Helgelandsbanken;OTB;2830.1
S0001273;14.06.2024;V0023;HAD;Hyse;06;Helgelandsbanken;LLS;2005.1
S0001274;15.06.2024;V0040;HAD;Hyse;06;Helgelandsbanken;OTB;1935.8
S0001275;10.06.2024;V0009;HAD;Hyse;06;Helgelandsbanken;GN;2305.5
S0001276;15.06.2024;V0036;POK;Sei;06;Helgelandsbanken;OTB;3437.0
S0001277;10.06.2024;V0005;POK;Sei;06;Helgelandsbanken;GN;4188.0
S0001278;11.06.2024;V0022;POK;Sei;06;Helgelandsbanken;DAN;4979.2
S0001279;14.06.2024;V0021;COD;Torsk;07;Storegga-Frøyabanken;LLS;1917.5
S0001280;15.06.2024;V0038;COD;Torsk;07;Storegga-Frøyabanken;OTB;2338.9
S0001281;10.06.2024;V0007;COD;Torsk;07;Storegga-Frøyabanken;GN;2783.6
S0001282;15.06.2024;V0034;HAD;Hyse;07;Storegga-Frøyabanken;OTB;1561.1
S0001283;10.06.2024;V0003;HAD;Hyse;07;Storegga-Frøyabanken;GN;1900.9
S0001284;11.06.2024;V0020;HAD;Hyse;07;Storegga-Frøyabanken;DAN;2258.6
S0001285;10.06.2024;V0047;POK;Sei;07;Storegga-Frøyabanken;GN;3369.8
S0001286;11.06.2024;V0016;POK;Sei;07;Storegga-Frøyabanken;DAN;4096.8
S0001287;12.06.2024;V0033;POK;Sei;07;Storegga-Frøyabanken;LLS;4860.7
S0001288;15.06.2024;V0032;COD;Torsk;08;Eigersundbanken;OTB;1816.1
S0001289;10.06.2024;V0001;COD;Torsk;08;Eigersundbanken;GN;2210.0
S0001290;11.06.2024;V0018;COD;Torsk;08;Eigersundbanken;DAN;2624.2
S0001291;10.06.2024;V0045;HAD;Hyse;08;Eigersundbanken;GN;1472.8
S0001292;11.06.2024;V0014;HAD;Hyse;08;Eigersundbanken;DAN;1789.5
S0001293;12.06.2024;V0031;HAD;Hyse;08;Eigersundbanken;LLS;2122.0
S0001294;11.06.2024;V0010;POK;Sei;08;Eigersundbanken;DAN;3168.1
S0001295;12.06.2024;V0027;POK;Sei;08;Eigersundbanken;LLS;3844.1
S0001296;13.06.2024;V0044;POK;Sei;08;Eigersundbanken;OTB;3617.6
S0001297;17.06.2024;V0032;COD;Torsk;03;Øst-Finnmark;OTB;2493.0
S0001298;18.06.2024;V0001;COD;Torsk;03;Øst-Finnmark;GN;3027.4
S0001299;19.06.2024;V0018;COD;Torsk;03;Øst-Finnmark;DAN;3588.0
S0001300;18.06.2024;V0045;HAD;Hyse;03;Øst-Finnmark;GN;1953.2
S0001301;19.06.2024;V0014;HAD;Hyse;03;Øst-Finnmark;DAN;1878.0
S0001302;20.06.2024;V0031;HAD;Hyse;03;Øst-Finnmark;LLS;2238.3
S0001303;19.06.2024;V0010;POK;Sei;03;Øst-Finnmark;DAN;3729.4
S0001304;20.06.2024;V0027;POK;Sei;03;Øst-Finnmark;LLS;4547.3
S0001305;21.06.2024;V0044;POK;Sei;03;Øst-Finnmark;OTB;5410.1
S0001306;18.06.2024;V0043;COD;Torsk;04;Vest-Finnmark;GN;3222.9
S0001307;19.06.2024;V0012;COD;Torsk;04;Vest-Finnmark;DAN;3111.6
S0001308;20.06.2024;V0029;COD;Torsk;04;Vest-Finnmark;LLS;3705.8
S0001309;19.06.2024;V0008;HAD;Hyse;04;Vest-Finnmark;DAN;2014.2
S0001310;20.06.2024;V0025;HAD;Hyse;04;Vest-Finnmark;LLS;2454.2
S0001311;21.06.2024;V0042;HAD;Hyse;04;Vest-Finnmark;OTB;2917.9
S0001312;20.06.2024;V0021;POK;Sei;04;Vest-Finnmark;LLS;4865.6
S0001313;21.06.2024;V0038;POK;Sei;04;Vest-Finnmark;OTB;5919.0
S0001314;22.06.2024;V0007;POK;Sei;04;Vest-Finnmark;GN;7026.6
S0001315;19.06.2024;V0006;COD;Torsk;05;Røstbanken til Malangsgrunnen;DAN;2394.9
S0001316;20.06.2024;V0023;COD;Torsk;05;Røstbanken til Malangsgrunnen;LLS;2916.2
S0001317;21.06.2024;V0040;COD;Torsk;05;Røstbanken til Malangsgrunnen;OTB;3464.9
S0001318;20.06.2024;V0019;HAD;Hyse;05;Røstbanken til Malangsgrunnen;LLS;1884.7
S0001319;21.06.2024;V0036;HAD;Hyse;05;Røstbanken til Malangsgrunnen;OTB;2291.3
S0001320;22.06.2024;V0005;HAD;Hyse;05;Røstbanken til Malangsgrunnen;GN;2718.5
S0001321;21.06.2024;V0032;POK;Sei;05;Røstbanken til Malangsgrunnen;OTB;4536.3
S0001322;22.06.2024;V0001;POK;Sei;05;Røstbanken til Malangsgrunnen;GN;5507.2
S0001323;17.06.2024;V0018;POK;Sei;05;Røstbanken til Malangsgrunnen;DAN;6525.3
S0001324;20.06.2024;V0017;COD;Torsk;06;Helgelandsbanken;LLS;2315.9
S0001325;21.06.2024;V0034;COD;Torsk;06;Helgelandsbanken;OTB;2813.9
S0001326;22.06.2024;V0003;COD;Torsk;06;Helgelandsbanken;GN;3336.7
S0001327;21.06.2024;V0030;HAD;Hyse;06;Helgelandsbanken;OTB;1816.2
S0001328;22.06.2024;V0047;HAD;Hyse;06;Helgelandsbanken;GN;2203.7
S0001329;17.06.2024;V0016;HAD;Hyse;06;Helgelandsbanken;DAN;2073.9
S0001330;22.06.2024;V0043;POK;Sei;06;Helgelandsbanken;GN;3454.6
S0001331;17.06.2024;V0012;POK;Sei;06;Helgelandsbanken;DAN;4215.4
S0001332;18.06.2024;V0029;POK;Sei;06;Helgelandsbanken;LLS;5018.5
S0001333;21.06.2024;V0028;COD;Torsk;07;Storegga-Frøyabanken;OTB;2256.3
S0001334;22.06.2024;V0045;COD;Torsk;07;Storegga-Frøyabanken;GN;2169.4
S0001335;17.06.2024;V0014;COD;Torsk;07;Storegga-Frøyabanken;DAN;2585.5
S0001336;22.06.2024;V0041;HAD;Hyse;07;Storegga-Frøyabanken;GN;1405.0
S0001337;17.06.2024;V0010;HAD;Hyse;07;Storegga-Frøyabanken;DAN;1713.1
S0001338;18.06.2024;V0027;HAD;Hyse;07;Storegga-Frøyabanken;LLS;2038.1
S0001339;17.06.2024;V0006;POK;Sei;07;Storegga-Frøyabanken;DAN;3397.9
S0001340;18.06.2024;V0023;POK;Sei;07;Storegga-Frøyabanken;LLS;4136.1
S0001341;19.06.2024;V0040;POK;Sei;07;Storegga-Frøyabanken;OTB;4913.0
S0001342;22.06.2024;V0039;COD;Torsk;08;Eigersundbanken;GN;1687.6
S0001343;17.06.2024;V0008;COD;Torsk;08;Eigersundbanken;DAN;2056.3
S0001344;18.06.2024;V0025;COD;Torsk;08;Eigersundbanken;LLS;2444.9
S0001345;17.06.2024;V0004;HAD;Hyse;08;Eigersundbanken;DAN;1329.6
S0001346;18.06.2024;V0021;HAD;Hyse;08;Eigersundbanken;LLS;1617.4
S0001347;19.06.2024;V0038;HAD;Hyse;08;Eigersundbanken;OTB;1920.1
S0001348;18.06.2024;V0017;POK;Sei;08;Eigersundbanken;LLS;3203.3
S0001349;19.06.2024;V0034;POK;Sei;08;Eigersundbanken;OTB;3891.1
S0001350;20.06.2024;V0003;POK;Sei;08;Eigersundbanken;GN;4612.8
S0001351;24.06.2024;V0039;COD;Torsk;03;Øst-Finnmark;GN;2337.4
S0001352;25.06.2024;V0008;COD;Torsk;03;Øst-Finnmark;DAN;2841.8
S0001353;26.06.2024;V0025;COD;Torsk;03;Øst-Finnmark;LLS;3371.6
S0001354;25.06.2024;V0004;HAD;Hyse;03;Øst-Finnmark;DAN;1777.2
S0001355;26.06.2024;V0021;HAD;Hyse;03;Øst-Finnmark;LLS;2157.6
S0001356;27.06.2024;V0038;HAD;Hyse;03;Øst-Finnmark;OTB;2556.4
S0001357;26.06.2024;V0017;POK;Sei;03;Øst-Finnmark;LLS;4709.8
S0001358;27.06.2024;V0034;POK;Sei;3;Øst-Finnmark;OTB;4537.8
S0001359;28.06.2024;V0003;POK;Sei;03;Øst-Finnmark;GN;5406.3
S0001360;25.06.2024;V0002;COD;Torsk;04;Vest-Finnmark;DAN;3029.6
S0001361;26.06.2024;V0019;COD;Torsk;04;Vest-Finnmark;LLS;3676.1
S0001362;27.06.2024;V0036;COD;Torsk;04;Vest-Finnmark;OTB;3459.4
S0001363;26.06.2024;V0015;HAD;Hyse;04;Vest-Finnmark;LLS;1820.4
S0001364;27.06.2024;V0032;HAD;Hyse;04;Vest-Finnmark;OTB;2221.3
S0001365;28.06.2024;V0001;HAD;Hyse;04;Vest-Finnmark;GN;2644.5
S0001366;27.06.2024;V0028;POK;Sei;04;Vest-Finnmark;OTB;4864.4
S0001367;28.06.2024;V0045;POK;Sei;04;Vest-Finnmark;GN;5925.2
S0001368;29.06.2024;V0014;POK;Sei;04;Vest-Finnmark;DAN;7042.4
S0001369;26.06.2024;V0013;COD;Torsk;05;Røstbanken til Malangsgrunnen;LLS;2236.8
S0001370;27.06.2024;V0030;COD;Torsk;05;Røstbanken til Malangsgrunnen;OTB;2727.4
S0001371;28.06.2024;V0047;COD;Torsk;05;Røstbanken til Malangsgrunnen;GN;3244.8
S0001372;27.06.2024;V0026;HAD;Hyse;05;Røstbanken til Malangsgrunnen;OTB;1708.8
S0001373;28.06.2024;V0043;HAD;Hyse;05;Røstbanken til Malangsgrunnen;GN;2080.1
S0001374;29.06.2024;V0012;HAD;Hyse;05;Røstbanken til Malangsgrunnen;DAN;2470.8
S0001375;28.06.2024;V0039;POK;Sei;05;Røstbanken til Malangsgrunnen;GN;4548.3
S0001376;29.06.2024;V0008;POK;Sei;05;Røstbanken til Malangsgrunnen;DAN;5528.0
S0001377;24.06.2024;V0025;POK;Sei;05;Røstbanken til Malangsgrunnen;LLS;6556.8
S0001378;27.06.2024;V0024;COD;Torsk;06;Helgelandsbanken;OTB;2169.7
S0001379;28.06.2024;V0041;COD;Torsk;06;Helgelandsbanken;GN;2639.4
S0001380;29.06.2024;V0010;COD;Torsk;06;Helgelandsbanken;DAN;3133.3
S0001381;28.06.2024;V0037;HAD;Hyse;06;Helgelandsbanken;GN;1651.3
S0001382;29.06.2024;V0006;HAD;Hyse;06;Helgelandsbanken;DAN;2005.8
S0001383;24.06.2024;V0023;HAD;Hyse;06;Helgelandsbanken;LLS;2377.8
S0001384;29.06.2024;V0002;POK;Sei;06;Helgelandsbanken;DAN;4380.0
S0001384;29.06.2024;V0002;POK;Sei;06;Helgelandsbanken;DAN;4380.0
S0001385;24.06.2024;V0019;POK;Sei;06;Helgelandsbanken;LLS;5313.3
S0001386;25.06.2024;V0036;POK;Sei;06;Helgelandsbanken;OTB;5010.4
S0001387;28.06.2024;V0035;COD;Torsk;07;Storegga-Frøyabanken;GN;2119.5
S0001388;29.06.2024;V0004;COD;Torsk;07;Storegga-Frøyabanken;DAN;2573.1
S0001389;24.06.2024;V0021;COD;Torsk;07;Storegga-Frøyabanken;LLS;3048.8
S0001390;29.06.2024;V0048;HAD;Hyse;07;Storegga-Frøyabanken;DAN;1607.7
S0001391;24.06.2024;V0017;HAD;Hyse;07;Storegga-Frøyabanken;LLS;1549.0
S0001392;25.06.2024;V0034;HAD;Hyse;07;Storegga-Frøyabanken;OTB;1845.5
S0001393;24.06.2024;V0013;POK;Sei;07;Storegga-Frøyabanken;LLS;3393.9
S0001394;25.06.2024;V0030;POK;Sei;07;Storegga-Frøyabanken;OTB;4136.9
S0001395;26.06.2024;V0047;POK;Sei;07;Storegga-Frøyabanken;GN;4920.1
S0001396;29.06.2024;V0046;COD;Torsk;08;Eigersundbanken;DAN;1574.7
S0001397;24.06.2024;V0015;COD;Torsk;08;Eigersundbanken;LLS;1921.5
S0001398;25.06.2024;V0032;COD;Torsk;08;Eigersundbanken;OTB;2287.6
S0001399;24.06.2024;V0011;HAD;Hyse;08;Eigersundbanken;LLS;1204.5
S0001400;25.06.2024;V0028;HAD;Hyse;08;Eigersundbanken;OTB;1467.1
S0001401;26.06.2024;V0045;HAD;Hyse;08;Eigersundbanken;GN;1743.7
S0001402;25.06.2024;V0024;POK;Sei;08;Eigersundbanken;OTB;3209.3
S0001403;26.06.2024;V0041;POK;Sei;08;Eigersundbanken;GN;3902.9
S0001404;27.06.2024;V0010;POK;Sei;08;Eigersundbanken;DAN;4631.9
S0001405;01.07.2024;V0046;COD;Torsk;03;Øst-Finnmark;DAN;2199.6
S0001406;02.07.2024;V0015;COD;Torsk;03;Øst-Finnmark;LLS;2677.5
S0001407;03.07.2024;V0032;COD;Torsk;03;Øst-Finnmark;OTB;3180.4
S0001408;02.07.2024;V0011;HAD;Hyse;03;Øst-Finnmark;LLS;1624.5
S0001409;03.07.2024;V0028;HAD;Hyse;03;Øst-Finnmark;OTB;1974.4
S0001410;04.07.2024;V0045;HAD;Hyse;03;Øst-Finnmark;GN;2341.9
S0001411;03.07.2024;V0024;POK;Sei;03;Øst-Finnmark;OTB;4690.9
S0001412;04.07.2024;V0041;POK;Sei;03;Øst-Finnmark;GN;5693.5
S0001413;05.07.2024;V0010;POK;Sei;03;Øst-Finnmark;DAN;5346.8
S0001414;02.07.2024;V0009;COD;Torsk;04;Vest-Finnmark;LLS;2858.9
S0001415;03.07.2024;V0026;COD;Torsk;04;Vest-Finnmark;OTB;3472.7
S0001416;04.07.2024;V0043;COD;Torsk;04;Vest-Finnmark;GN;4116.8
S0001417;03.07.2024;V0022;HAD;Hyse;04;Vest-Finnmark;OTB;2104.1
S0001418;04.07.2024;V0039;HAD;Hyse;04;Vest-Finnmark;GN;2552.5
S0001419;05.07.2024;V0008;HAD;Hyse;04;Vest-Finnmark;DAN;2407.0
S0001420;04.07.2024;V0035;POK;Sei;04;Vest-Finnmark;GN;4813.2
S0001421;05.07.2024;V0004;POK;Sei;04;Vest-Finnmark;DAN;5871.0
S0001422;06.07.2024;V0021;POK;Sei;04;Vest-Finnmark;LLS;6987.3
S0001423;03.07.2024;V0020;COD;Torsk;05;Røstbanken til Malangsgrunnen;OTB;2656.6
S0001424;04.07.2024;V0037;COD;Torsk;05;Røstbanken til Malangsgrunnen;GN;2559.6
S0001425;05.07.2024;V0006;COD;Torsk;05;Røstbanken til Malangsgrunnen;DAN;3049.5
S0001426;04.07.2024;V0033;HAD;Hyse;05;Røstbanken til Malangsgrunnen;GN;1556.1
S0001427;05.07.2024;V0002;HAD;Hyse;05;Røstbanken til Malangsgrunnen;DAN;1896.7
S0001428;06.07.2024;V0019;HAD;Hyse;05;Røstbanken til Malangsgrunnen;LLS;2255.8
S0001429;05.07.2024;V0046;POK;Sei;05;Røstbanken til Malangsgrunnen;DAN;4514.6
S0001430;06.07.2024;V0015;POK;Sei;05;Røstbanken til Malangsgrunnen;LLS;5493.7
S0001431;01.07.2024;V0032;POK;Sei;05;Røstbanken til Malangsgrunnen;OTB;6523.6
S0001432;04.07.2024;V0031;COD;Torsk;06;Helgelandsbanken;GN;2040.0
S0001433;05.07.2024;V0048;COD;Torsk;06;Helgelandsbanken;DAN;2484.8
S0001434;06.07.2024;V0017;COD;Torsk;06;Helgelandsbanken;LLS;2953.4
S0001435;05.07.2024;V0044;HAD;Hyse;06;Helgelandsbanken;DAN;1508.2
S0001436;06.07.2024;V0013;HAD;Hyse;06;Helgelandsbanken;LLS;1834.2
S0001437;01.07.2024;V0030;HAD;Hyse;06;Helgelandsbanken;OTB;2176.8
S0001438;06.07.2024;V0009;POK;Sei;06;Helgelandsbanken;LLS;4359.4
S0001439;01.07.2024;V0026;POK;Sei;06;Helgelandsbanken;OTB;5293.9
S0001440;02.07.2024;V0043;POK;Sei;06;Helgelandsbanken;GN;6274.1
S0001441;05.07.2024;V0042;COD;Torsk;07;Storegga-Frøyabanken;DAN;1998.6
S0001442;06.07.2024;V0011;COD;Torsk;07;Storegga-Frøyabanken;LLS;2429.0
S0001443;01.07.2024;V0028;COD;Torsk;07;Storegga-Frøyabanken;OTB;2881.1
S0001444;06.07.2024;V0007;HAD;Hyse;07;Storegga-Frøyabanken;LLS;1472.3
S0001445;01.07.2024;V0024;HAD;Hyse;07;Storegga-Frøyabanken;OTB;1787.0
S0001446;02.07.2024;V0041;HAD;Hyse;07;Storegga-Frøyabanken;GN;1678.1
S0001447;01.07.2024;V0020;POK;Sei;07;Storegga-Frøyabanken;OTB;4241.8
S0001448;02.07.2024;V0037;POK;Sei;07;Storegga-Frøyabanken;GN;4095.3
S0001449;03.07.2024;V0006;POK;Sei;07;Storegga-Frøyabanken;DAN;4877.3
S0001450;06.07.2024;V0005;COD;Torsk;08;Eigersundbanken;LLS;1877.7
S0001451;01.07.2024;V0022;COD;Torsk;08;Eigersundbanken;OTB;2277.8
S0001452;02.07.2024;V0039;COD;Torsk;08;Eigersundbanken;GN;2147.9
S0001453;01.07.2024;V0018;HAD;Hyse;08;Eigersundbanken;OTB;1095.8
S0001454;02.07.2024;V0035;HAD;Hyse;08;Eigersundbanken;GN;1336.6
S0001455;03.07.2024;V0004;HAD;Hyse;8;Eigersundbanken;DAN;1590.7
S0001456;02.07.2024;V0031;POK;Sei;08;Eigersundbanken;GN;3182.8
S0001457;03.07.2024;V0048;POK;Sei;08;Eigersundbanken;DAN;3875.5
S0001458;04.07.2024;V0017;POK;Sei;08;Eigersundbanken;LLS;4604.9
S0001459;08.07.2024;V0005;COD;Torsk;03;Øst-Finnmark;LLS;2075.6
S0001460;09.07.2024;V0022;COD;Torsk;03;Øst-Finnmark;OTB;2530.0
S0001461;10.07.2024;V0039;COD;Torsk;03;Øst-Finnmark;GN;3009.0
S0001462;09.07.2024;V0018;HAD;Hyse;03;Øst-Finnmark;OTB;1492.4
S0001463;10.07.2024;V0035;HAD;Hyse;03;Øst-Finnmark;GN;1816.0
S0001464;11.07.2024;V0004;HAD;Hyse;03;Øst-Finnmark;DAN;2156.5
S0001465;10.07.2024;V0031;POK;Sei;03;Øst-Finnmark;GN;4623.1
S0001466;11.07.2024;V0048;POK;Sei;03;Øst-Finnmark;DAN;5617.3
S0001467;12.07.2024;V0017;POK;Sei;03;Øst-Finnmark;LLS;6660.9
S0001468;09.07.2024;V0016;COD;Torsk;04;Vest-Finnmark;OTB;2705.9
S0001469;10.07.2024;V0033;COD;Torsk;04;Vest-Finnmark;GN;3290.7
S0001470;11.07.2024;V0002;COD;Torsk;04;Vest-Finnmark;DAN;3905.3
S0001471;10.07.2024;V0029;HAD;Hyse;04;Vest-Finnmark;GN;1938.3
S0001472;11.07.2024;V0046;HAD;Hyse;04;Vest-Finnmark;DAN;2353.8
S0001473;12.07.2024;V0015;HAD;Hyse;04;Vest-Finnmark;LLS;2789.6
S0001474;11.07.2024;V0042;POK;Sei;04;Vest-Finnmark;DAN;5984.3
S0001475;12.07.2024;V0011;POK;Sei;04;Vest-Finnmark;LLS;5753.8
S0001476;13.07.2024;V0028;POK;Sei;04;Vest-Finnmark;OTB;6857.5
S0001477;10.07.2024;V0027;COD;Torsk;05;Røstbanken til Malangsgrunnen;GN;
S0001478;11.07.2024;V0044;COD;Torsk;05;Røstbanken til Malangsgrunnen;DAN;3059.8
S0001479;12.07.2024;V0013;COD;Torsk;05;Røstbanken til Malangsgrunnen;LLS;2873.5
S0001480;11.07.2024;V0040;HAD;Hyse;05;Røstbanken til Malangsgrunnen;DAN;1800.0
S0001481;12.07.2024;V0009;HAD;Hyse;05;Røstbanken til Malangsgrunnen;LLS;1737.8
S0001482;13.07.2024;V0026;HAD;Hyse;05;Røstbanken til Malangsgrunnen;OTB;2069.7
S0001483;12.07.2024;V0005;POK;Sei;05;Røstbanken til Malangsgrunnen;LLS;4432.8
S0001484;13.07.2024;V0022;POK;Sei;05;Røstbanken til Malangsgrunnen;OTB;5401.3
S0001485;08.07.2024;V0039;POK;Sei;05;Røstbanken til Malangsgrunnen;GN;6421.8
S0001486;11.07.2024;V0038;COD;Torsk;06;Helgelandsbanken;DAN;1923.2
S0001487;12.07.2024;V0007;COD;Torsk;06;Helgelandsbanken;LLS;2345.8
S0001488;13.07.2024;V0024;COD;Torsk;06;Helgelandsbanken;OTB;2791.8
S0001489;12.07.2024;V0003;HAD;Hyse;06;Helgelandsbanken;LLS;1384.4
S0001490;13.07.2024;V0020;HAD;Hyse;06;Helgelandsbanken;OTB;1685.7
S0001491;08.07.2024;V0037;HAD;Hyse;06;Helgelandsbanken;GN;2002.9
S0001492;13.07.2024;V0016;POK;Sei;06;Helgelandsbanken;OTB;4293.1
S0001493;08.07.2024;V0033;POK;Sei;06;Helgelandsbanken;GN;5219.3
S0001494;09.07.2024;V0002;POK;Sei;06;Helgelandsbanken;DAN;6192.4
S0001495;12.07.2024;V0001;COD;Torsk;07;Storegga-Frøyabanken;LLS;1890.0
S0001496;13.07.2024;V0018;COD;Torsk;07;Storegga-Frøyabanken;OTB;2299.9
S0001497;08.07.2024;V0035;COD;Torsk;07;Storegga-Frøyabanken;GN;2731.1
S0001498;13.07.2024;V0014;HAD;Hyse;07;Storegga-Frøyabanken;OTB;1355.2
S0001499;08.07.2024;V0031;HAD;Hyse;07;Storegga-Frøyabanken;GN;1646.7
S0001500;09.07.2024;V0048;HAD;Hyse;07;Storegga-Frøyabanken;DAN;1952.6
S0001501;08.07.2024;V0027;POK;Sei;07;Storegga-Frøyabanken;GN;4188.0
S0001502;09.07.2024;V0044;POK;Sei;07;Storegga-Frøyabanken;DAN;5081.7
S0001503;10.07.2024;V0013;POK;Sei;07;Storegga-Frøyabanken;LLS;4782.2
S0001504;13.07.2024;V0012;COD;Torsk;08;Eigersundbanken;OTB;1780.5
S0001505;08.07.2024;V0029;COD;Torsk;08;Eigersundbanken;GN;2162.2
S0001506;09.07.2024;V0046;COD;Torsk;08;Eigersundbanken;DAN;2562.6
S0001507;08.07.2024;V0025;HAD;Hyse;08;Eigersundbanken;GN;1272.4
S0001508;09.07.2024;V0042;HAD;Hyse;08;Eigersundbanken;DAN;1223.4
S0001509;10.07.2024;V0011;HAD;Hyse;08;Eigersundbanken;LLS;1458.1
S0001510;09.07.2024;V0038;POK;Sei;08;Eigersundbanken;DAN;3122.2
S0001511;10.07.2024;V0007;POK;Sei;08;Eigersundbanken;LLS;3807.0
S0001512;11.07.2024;V0024;POK;Sei;08;Eigersundbanken;OTB;4529.3
S0001513;15.07.2024;V0012;COD;Torsk;03;Øst-Finnmark;OTB;2480.8
S0001514;16.07.2024;V0029;COD;Torsk;03;Øst-Finnmark;GN;2395.1
S0001515;17.07.2024;V0046;COD;Torsk;03;Øst-Finnmark;DAN;2852.5
S0001516;16.07.2024;V0025;HAD;Hyse;03;Øst-Finnmark;GN;1377.8
S0001517;17.07.2024;V0042;HAD;Hyse;03;Øst-Finnmark;DAN;1678.9
S0001518;18.07.2024;V0011;HAD;Hyse;03;Øst-Finnmark;LLS;1996.1
S0001519;17.07.2024;V0038;POK;Sei;03;Øst-Finnmark;DAN;4505.9
S0001520;18.07.2024;V0007;POK;Sei;03;Øst-Finnmark;LLS;5481.4
S0001521;19.07.2024;V0024;POK;Sei;03;Øst-Finnmark;OTB;6507.1
S0001522;16.07.2024;V0023;COD;Torsk;04;Vest-Finnmark;GN;2566.3
S0001523;17.07.2024;V0040;COD;Torsk;04;Vest-Finnmark;DAN;3124.9
S0001524;18.07.2024;V0009;COD;Torsk;04;Vest-Finnmark;LLS;3712.9
S0001525;17.07.2024;V0036;HAD;Hyse;04;Vest-Finnmark;DAN;1794.8
S0001526;18.07.2024;V0005;HAD;Hyse;04;Vest-Finnmark;LLS;2182.0
S0001527;19.07.2024;V0022;HAD;Hyse;04;Vest-Finnmark;OTB;2588.9
S0001528;18.07.2024;V0001;POK;Sei;04;Vest-Finnmark;LLS;5848.2
S0001529;19.07.2024;V0018;POK;Sei;04;Vest-Finnmark;OTB;7099.9
S0001530;20.07.2024;V0035;POK;Sei;04;Vest-Finnmark;GN;8412.4
S0001531;17.07.2024;V0034;COD;Torsk;05;Røstbanken til Malangsgrunnen;DAN;2397.7
S0001532;18.07.2024;V0003;COD;Torsk;05;Røstbanken til Malangsgrunnen;LLS;2913.4
S0001533;19.07.2024;V0020;COD;Torsk;05;Røstbanken til Malangsgrunnen;OTB;3454.6
S0001534;18.07.2024;V0047;HAD;Hyse;05;Røstbanken til Malangsgrunnen;LLS;1671.1
S0001535;19.07.2024;V0016;HAD;Hyse;05;Røstbanken til Malangsgrunnen;OTB;2027.6
S0001536;20.07.2024;V0033;HAD;Hyse;05;Røstbanken til Malangsgrunnen;GN;1908.2
S0001537;19.07.2024;V0012;POK;Sei;05;Røstbanken til Malangsgrunnen;OTB;4303.0
S0001538;20.07.2024;V0029;POK;Sei;05;Røstbanken til Malangsgrunnen;GN;5250.6
S0001539;15.07.2024;V0046;POK;Sei;05;Røstbanken til Malangsgrunnen;DAN;6251.1
S0001540;18.07.2024;V0045;COD;Torsk;06;Helgelandsbanken;LLS;2307.5
S0001541;19.07.2024;V0014;COD;Torsk;06;Helgelandsbanken;OTB;2218.6
S0001542;20.07.2024;V0031;COD;Torsk;06;Helgelandsbanken;GN;2644.2
S0001543;19.07.2024;V0010;HAD;Hyse;06;Helgelandsbanken;OTB;1276.9
S0001544;20.07.2024;V0027;HAD;Hyse;06;Helgelandsbanken;GN;1557.0
S0001545;15.07.2024;V0044;HAD;Hyse;06;Helgelandsbanken;DAN;1852.4
S0001546;20.07.2024;V0023;POK;Sei;06;Helgelandsbanken;GN;4180.8
S0001547;15.07.2024;V0040;POK;Sei;06;Helgelandsbanken;DAN;5089.1
S0001548;16.07.2024;V0009;POK;Sei;06;Helgelandsbanken;LLS;6044.9
S0001549;19.07.2024;V0008;COD;Torsk;07;Storegga-Frøyabanken;OTB;1790.9
S0001550;20.07.2024;V0025;COD;Torsk;07;Storegga-Frøyabanken;GN;2182.2
S0001551;15.07.2024;V0042;COD;Torsk;07;Storegga-Frøyabanken;DAN;2594.5
S0001552;20.07.2024;V0021;HAD;Hyse;7;Storegga-Frøyabanken;GN;1253.9
S0001553;15.07.2024;V0038;HAD;Hyse;07;Storegga-Frøyabanken;DAN;1525.4
S0001554;16.07.2024;V0007;HAD;Hyse;07;Storegga-Frøyabanken;LLS;1810.8
S0001555;15.07.2024;V0034;POK;Sei;07;Storegga-Frøyabanken;DAN;4089.8
S0001556;16.07.2024;V0003;POK;Sei;07;Storegga-Frøyabanken;LLS;4967.9
S0001557;17.07.2024;V0020;POK;Sei;07;Storegga-Frøyabanken;OTB;5889.3
S0001557;17.07.2024;V0020;POK;Sei;07;Storegga-Frøyabanken;OTB;5889.3
S0001558;20.07.2024;V0019;COD;Torsk;08;Eigersundbanken;GN;1692.2
S0001559;15.07.2024;V0036;COD;Torsk;08;Eigersundbanken;DAN;2057.3
S0001560;16.07.2024;V0005;COD;Torsk;08;Eigersundbanken;LLS;2440.8
S0001561;15.07.2024;V0032;HAD;Hyse;08;Eigersundbanken;DAN;1180.5
S0001562;16.07.2024;V0001;HAD;Hyse;08;Eigersundbanken;LLS;1433.1
S0001563;17.07.2024;V0018;HAD;Hyse;08;Eigersundbanken;OTB;1698.0
S0001564;16.07.2024;V0045;POK;Sei;08;Eigersundbanken;LLS;3837.5
S0001565;17.07.2024;V0014;POK;Sei;08;Eigersundbanken;OTB;3697.4
S0001566;18.07.2024;V0031;POK;Sei;08;Eigersundbanken;GN;4405.0
S0001567;22.07.2024;V0019;COD;Torsk;03;Øst-Finnmark;GN;2370.8
S0001568;23.07.2024;V0036;COD;Torsk;03;Øst-Finnmark;DAN;2876.7
S0001569;24.07.2024;V0005;COD;Torsk;03;Øst-Finnmark;LLS;2707.2
S0001570;23.07.2024;V0032;HAD;Hyse;03;Øst-Finnmark;DAN;1278.0
S0001571;24.07.2024;V0001;HAD;Hyse;03;Øst-Finnmark;LLS;1559.4
S0001572;25.07.2024;V0018;HAD;Hyse;03;Øst-Finnmark;OTB;1856.5
S0001573;24.07.2024;V0045;POK;Sei;03;Øst-Finnmark;LLS;4341.5
S0001574;25.07.2024;V0014;POK;Sei;03;Øst-Finnmark;OTB;5288.3
S0001575;26.07.2024;V0031;POK;Sei;03;Øst-Finnmark;GN;6285.4
S0001576;23.07.2024;V0030;COD;Torsk;04;Vest-Finnmark;DAN;2436.7
S0001577;24.07.2024;V0047;COD;Torsk;04;Vest-Finnmark;LLS;2971.2
S0001578;25.07.2024;V0016;COD;Torsk;04;Vest-Finnmark;OTB;3534.9
S0001579;24.07.2024;V0043;HAD;Hyse;04;Vest-Finnmark;LLS;1670.1
S0001580;25.07.2024;V0012;HAD;Hyse;04;Vest-Finnmark;OTB;2032.9
S0001581;26.07.2024;V0029;HAD;Hyse;04;Vest-Finnmark;GN;2414.7
S0001582;25.07.2024;V0008;POK;Sei;04;Vest-Finnmark;OTB;5651.1
S0001583;26.07.2024;V0025;POK;Sei;04;Vest-Finnmark;GN;6868.3
S0001584;27.07.2024;V0042;POK;Sei;04;Vest-Finnmark;DAN;8146.6
S0001585;24.07.2024;V0041;COD;Torsk;05;Røstbanken til Malangsgrunnen;LLS;2283.7
S0001586;25.07.2024;V0010;COD;Torsk;05;Røstbanken til Malangsgrunnen;OTB;2778.1
S0001587;26.07.2024;V0027;COD;Torsk;05;Røstbanken til Malangsgrunnen;GN;3297.9
S0001588;25.07.2024;V0006;HAD;Hyse;05;Røstbanken til Malangsgrunnen;OTB;1559.2
S0001589;26.07.2024;V0023;HAD;Hyse;05;Røstbanken til Malangsgrunnen;GN;1894.0
S0001590;27.07.2024;V0040;HAD;Hyse;05;Røstbanken til Malangsgrunnen;DAN;2245.3
S0001591;26.07.2024;V0019;POK;Sei;05;Røstbanken til Malangsgrunnen;GN;5258.0
S0001592;27.07.2024;V0036;POK;Sei;05;Røstbanken til Malangsgrunnen;DAN;6378.4
S0001593;22.07.2024;V0005;POK;Sei;05;Røstbanken til Malangsgrunnen;LLS;6014.7
S0001594;25.07.2024;V0004;COD;Torsk;06;Helgelandsbanken;OTB;2203.6
S0001595;26.07.2024;V0021;COD;Torsk;06;Helgelandsbanken;GN;2675.3
S0001596;27.07.2024;V0038;COD;Torsk;06;Helgelandsbanken;DAN;3169.9
S0001597;26.07.2024;V0017;HAD;Hyse;06;Helgelandsbanken;GN;1499.6
S0001598;27.07.2024;V0034;HAD;Hyse;06;Helgelandsbanken;DAN;1444.9
S0001599;22.07.2024;V0003;HAD;Hyse;06;Helgelandsbanken;LLS;1721.4
S0001600;27.07.2024;V0030;POK;Sei;06;Helgelandsbanken;DAN;4024.6
S0001601;22.07.2024;V0047;POK;Sei;06;Helgelandsbanken;LLS;4905.5
S0001602;23.07.2024;V0016;POK;Sei;06;Helgelandsbanken;OTB;5834.3
S0001603;26.07.2024;V0015;COD;Torsk;07;Storegga-Frøyabanken;GN;1698.9
S0001604;27.07.2024;V0032;COD;Torsk;07;Storegga-Frøyabanken;DAN;2073.0
S0001605;22.07.2024;V0001;COD;Torsk;07;Storegga-Frøyabanken;LLS;2468.0
S0001606;27.07.2024;V0028;HAD;Hyse;07;Storegga-Frøyabanken;DAN;1165.8
S0001607;22.07.2024;V0045;HAD;Hyse;07;Storegga-Frøyabanken;LLS;1420.0
S0001608;23.07.2024;V0014;HAD;Hyse;07;Storegga-Frøyabanken;OTB;1687.7
S0001609;22.07.2024;V0041;POK;Sei;07;Storegga-Frøyabanken;LLS;3948.9
S0001610;23.07.2024;V0010;POK;Sei;07;Storegga-Frøyabanken;OTB;4802.3
S0001611;24.07.2024;V0027;POK;Sei;07;Storegga-Frøyabanken;GN;5699.3
S0001612;27.07.2024;V0026;COD;Torsk;08;Eigersundbanken;DAN;1610.4
S0001613;22.07.2024;V0043;COD;Torsk;08;Eigersundbanken;LLS;1960.2
S0001614;23.07.2024;V0012;COD;Torsk;08;Eigersundbanken;OTB;2328.4
S0001615;22.07.2024;V0039;HAD;Hyse;08;Eigersundbanken;LLS;1100.6
S0001616;23.07.2024;V0008;HAD;Hyse;08;Eigersundbanken;OTB;1337.7
S0001617;24.07.2024;V0025;HAD;Hyse;08;Eigersundbanken;GN;1586.7
S0001618;23.07.2024;V0004;POK;Sei;08;Eigersundbanken;OTB;3715.0
S0001619;24.07.2024;V0021;POK;Sei;08;Eigersundbanken;GN;4508.9
S0001620;25.07.2024;V0038;POK;Sei;08;Eigersundbanken;DAN;4234.4
S0001621;29.07.2024;V0026;COD;Torsk;03;Øst-Finnmark;DAN;2267.7
S0001622;30.07.2024;V0043;COD;Torsk;03;Øst-Finnmark;LLS;2754.6
S0001623;31.07.2024;V0012;COD;Torsk;03;Øst-Finnmark;OTB;3265.5
S0001624;30.07.2024;V0039;HAD;Hyse;03;Øst-Finnmark;LLS;1515.8
S0001625;31.07.2024;V0008;HAD;Hyse;03;Øst-Finnmark;OTB;1838.8
S0001626;01.08.2024;V0025;HAD;Hyse;03;Øst-Finnmark;GN;1733.9
S0001627;31.07.2024;V0004;POK;Sei;03;Øst-Finnmark;OTB;4134.3
S0001628;01.08.2024;V0021;POK;Sei;03;Øst-Finnmark;GN;5042.9
S0001629;02.08.2024;V0038;POK;Sei;03;Øst-Finnmark;DAN;6001.7
S0001630;30.07.2024;V0037;COD;Torsk;04;Vest-Finnmark;LLS;2933.5
S0001631;31.07.2024;V0006;COD;Torsk;04;Vest-Finnmark;OTB;2826.4
S0001632;01.08.2024;V0023;COD;Torsk;04;Vest-Finnmark;GN;3367.3
S0001633;31.07.2024;V0002;HAD;Hyse;04;Vest-Finnmark;OTB;1560.5
S0001634;01.08.2024;V0019;HAD;Hyse;04;Vest-Finnmark;GN;1902.1
S0001635;02.08.2024;V0036;HAD;Hyse;04;Vest-Finnmark;DAN;2262.2
S0001636;01.08.2024;V0015;POK;Sei;04;Vest-Finnmark;GN;5398.3
S0001637;02.08.2024;V0032;POK;Sei;04;Vest-Finnmark;DAN;6569.1
S0001638;03.08.2024;V0001;POK;Sei;04;Vest-Finnmark;LLS;7800.6
S0001639;31.07.2024;V0048;COD;Torsk;05;Røstbanken til Malangsgrunnen;OTB;2176.4
S0001640;01.08.2024;V0017;COD;Torsk;05;Røstbanken til Malangsgrunnen;GN;2651.0
S0001641;02.08.2024;V0034;COD;Torsk;05;Røstbanken til Malangsgrunnen;DAN;3150.9
S0001642;01.08.2024;V0013;HAD;Hyse;05;Røstbanken til Malangsgrunnen;GN;1461.4
S0001643;02.08.2024;V0030;HAD;Hyse;05;Røstbanken til Malangsgrunnen;DAN;1777.2
S0001644;03.08.2024;V0047;HAD;Hyse;05;Røstbanken til Malangsgrunnen;LLS;2109.1
S0001645;02.08.2024;V0026;POK;Sei;05;Røstbanken til Malangsgrunnen;DAN;5036.5
S0001646;03.08.2024;V0043;POK;Sei;05;Røstbanken til Malangsgrunnen;LLS;6116.1
S0001647;29.07.2024;V0012;POK;Sei;05;Røstbanken til Malangsgrunnen;OTB;7248.6
S0001648;01.08.2024;V0011;COD;Torsk;06;Helgelandsbanken;GN;2106.2
S0001649;02.08.2024;V0028;COD;Torsk;6;Helgelandsbanken;DAN;2559.9
S0001650;03.08.2024;V0045;COD;Torsk;06;Helgelandsbanken;LLS;3036.3
S0001651;02.08.2024;V0024;HAD;Hyse;06;Helgelandsbanken;DAN;1409.2
S0001652;03.08.2024;V0041;HAD;Hyse;06;Helgelandsbanken;LLS;1710.3
S0001653;29.07.2024;V0010;HAD;Hyse;06;Helgelandsbanken;OTB;1606.2
S0001654;03.08.2024;V0037;POK;Sei;06;Helgelandsbanken;LLS;4840.9
S0001655;29.07.2024;V0006;POK;Sei;06;Helgelandsbanken;OTB;4673.7
S0001656;30.07.2024;V0023;POK;Sei;06;Helgelandsbanken;GN;5566.1
S0001657;02.08.2024;V0022;COD;Torsk;07;Storegga-Frøyabanken;DAN;2053.3
S0001658;03.08.2024;V0039;COD;Torsk;07;Storegga-Frøyabanken;LLS;2490.8
S0001659;29.07.2024;V0008;COD;Torsk;07;Storegga-Frøyabanken;OTB;2348.8
S0001660;03.08.2024;V0035;HAD;Hyse;07;Storegga-Frøyabanken;LLS;1088.3
S0001661;29.07.2024;V0004;HAD;Hyse;07;Storegga-Frøyabanken;OTB;1327.4
S0001662;30.07.2024;V0021;HAD;Hyse;07;Storegga-Frøyabanken;GN;1579.8
S0001663;29.07.2024;V0048;POK;Sei;07;Storegga-Frøyabanken;OTB;3769.0
S0001664;30.07.2024;V0017;POK;Sei;07;Storegga-Frøyabanken;GN;4589.4
S0001665;31.07.2024;V0034;POK;Sei;07;Storegga-Frøyabanken;DAN;5453.1
S0001666;03.08.2024;V0033;COD;Torsk;08;Eigersundbanken;LLS;1533.3
S0001667;29.07.2024;V0002;COD;Torsk;08;Eigersundbanken;OTB;1869.0
S0001668;30.07.2024;V0019;COD;Torsk;08;Eigersundbanken;GN;2222.8
S0001669;29.07.2024;V0046;HAD;Hyse;08;Eigersundbanken;OTB;1030.7
S0001670;30.07.2024;V0015;HAD;Hyse;08;Eigersundbanken;GN;1254.2
S0001671;31.07.2024;V0032;HAD;Hyse;08;Eigersundbanken;DAN;1489.4
S0001672;30.07.2024;V0011;POK;Sei;08;Eigersundbanken;GN;3555.8
S0001673;31.07.2024;V0028;POK;Sei;08;Eigersundbanken;DAN;4320.5
S0001674;01.08.2024;V0045;POK;Sei;08;Eigersundbanken;LLS;5123.2
S0001675;05.08.2024;V0033;COD;Torsk;03;Øst-Finnmark;LLS;2169.5
S0001676;06.08.2024;V0002;COD;Torsk;03;Øst-Finnmark;OTB;2638.4
S0001677;07.08.2024;V0019;COD;Torsk;03;Øst-Finnmark;GN;3131.2
S0001678;06.08.2024;V0046;HAD;Hyse;03;Øst-Finnmark;OTB;1430.9
S0001679;07.08.2024;V0015;HAD;Hyse;03;Øst-Finnmark;GN;1737.7
S0001680;08.08.2024;V0032;HAD;Hyse;03;Øst-Finnmark;DAN;2059.4
S0001681;07.08.2024;V0011;POK;Sei;03;Øst-Finnmark;GN;4943.5
S0001682;08.08.2024;V0028;POK;Sei;03;Øst-Finnmark;DAN;4753.1
S0001683;09.08.2024;V0045;POK;Sei;03;Øst-Finnmark;LLS;5664.9
S0001684;06.08.2024;V0044;COD;Torsk;04;Vest-Finnmark;OTB;2813.8
S0001685;07.08.2024;V0013;COD;Torsk;04;Vest-Finnmark;GN;3415.2
S0001686;08.08.2024;V0030;COD;Torsk;04;Vest-Finnmark;DAN;3207.2
S0001687;07.08.2024;V0009;HAD;Hyse;04;Vest-Finnmark;GN;1849.9
S0001688;08.08.2024;V0026;HAD;Hyse;04;Vest-Finnmark;DAN;
S0001689;09.08.2024;V0043;HAD;Hyse;04;Vest-Finnmark;LLS;2127.0
S0001690;08.08.2024;V0022;POK;Sei;04;Vest-Finnmark;DAN;5097.7
S0001691;09.08.2024;V0039;POK;Sei;04;Vest-Finnmark;LLS;6211.4
S0001692;10.08.2024;V0008;POK;Sei;04;Vest-Finnmark;OTB;7385.0
S0001693;07.08.2024;V0007;COD;Torsk;05;Røstbanken til Malangsgrunnen;GN;2074.0
S0001694;08.08.2024;V0024;COD;Torsk;05;Røstbanken til Malangsgrunnen;DAN;2529.8
S0001695;09.08.2024;V0041;COD;Torsk;05;Røstbanken til Malangsgrunnen;LLS;3010.7
S0001696;08.08.2024;V0020;HAD;Hyse;05;Røstbanken til Malangsgrunnen;DAN;1374.6
S0001697;09.08.2024;V0037;HAD;Hyse;05;Røstbanken til Malangsgrunnen;LLS;1673.8
S0001698;10.08.2024;V0006;HAD;Hyse;05;Røstbanken til Malangsgrunnen;OTB;1988.8
S0001699;09.08.2024;V0033;POK;Sei;05;Røstbanken til Malangsgrunnen;LLS;4770.1
S0001700;10.08.2024;V0002;POK;Sei;05;Røstbanken til Malangsgrunnen;OTB;5799.2
S0001701;05.08.2024;V0019;POK;Sei;05;Røstbanken til Malangsgrunnen;GN;6880.5
S0001702;08.08.2024;V0018;COD;Torsk;06;Helgelandsbanken;DAN;2013.4
S0001703;09.08.2024;V0035;COD;Torsk;06;Helgelandsbanken;LLS;2450.0
S0001704;10.08.2024;V0004;COD;Torsk;06;Helgelandsbanken;OTB;2909.3
S0001705;09.08.2024;V0031;HAD;Hyse;06;Helgelandsbanken;LLS;1329.3
S0001706;10.08.2024;V0048;HAD;Hyse;06;Helgelandsbanken;OTB;1615.1
S0001707;05.08.2024;V0017;HAD;Hyse;06;Helgelandsbanken;GN;1915.2
S0001708;10.08.2024;V0044;POK;Sei;06;Helgelandsbanken;OTB;4596.6
S0001709;05.08.2024;V0013;POK;Sei;06;Helgelandsbanken;GN;5577.5
S0001710;06.08.2024;V0030;POK;Sei;06;Helgelandsbanken;DAN;5248.8
S0001711;09.08.2024;V0029;COD;Torsk;07;Storegga-Frøyabanken;LLS;1968.2
S0001712;10.08.2024;V0046;COD;Torsk;07;Storegga-Frøyabanken;OTB;2390.1
S0001713;05.08.2024;V0015;COD;Torsk;07;Storegga-Frøyabanken;GN;2832.6
S0001714;10.08.2024;V0042;HAD;Hyse;07;Storegga-Frøyabanken;OTB;1295.1
S0001715;05.08.2024;V0011;HAD;Hyse;07;Storegga-Frøyabanken;GN;1245.2
S0001716;06.08.2024;V0028;HAD;Hyse;07;Storegga-Frøyabanken;DAN;1484.0
S0001717;05.08.2024;V0007;POK;Sei;07;Storegga-Frøyabanken;GN;3555.9
S0001718;06.08.2024;V0024;POK;Sei;07;Storegga-Frøyabanken;DAN;4335.8
S0001719;07.08.2024;V0041;POK;Sei;07;Storegga-Frøyabanken;LLS;5158.4
S0001720;10.08.2024;V0040;COD;Torsk;08;Eigersundbanken;OTB;1845.6
S0001721;05.08.2024;V0009;COD;Torsk;08;Eigersundbanken;GN;1781.8
S0001722;06.08.2024;V0026;COD;Torsk;08;Eigersundbanken;DAN;2122.1
S0001723;05.08.2024;V0005;HAD;Hyse;08;Eigersundbanken;GN;968.7
S0001724;06.08.2024;V0022;HAD;Hyse;08;Eigersundbanken;DAN;1180.3
S0001725;07.08.2024;V0039;HAD;Hyse;08;Eigersundbanken;LLS;1403.3
S0001726;06.08.2024;V0018;POK;Sei;08;Eigersundbanken;DAN;3365.1
S0001727;07.08.2024;V0035;POK;Sei;08;Eigersundbanken;LLS;4093.6
S0001728;08.08.2024;V0004;POK;Sei;08;Eigersundbanken;OTB;4859.6
S0001729;12.08.2024;V0040;COD;Torsk;03;Øst-Finnmark;OTB;2089.8
S0001730;13.08.2024;V0009;COD;Torsk;03;Øst-Finnmark;GN;2544.7
S0001730;13.08.2024;V0009;COD;Torsk;03;Øst-Finnmark;GN;2544.7
S0001731;14.08.2024;V0026;COD;Torsk;03;Øst-Finnmark;DAN;3023.6
S0001732;13.08.2024;V0005;HAD;Hyse;03;Øst-Finnmark;GN;1354.9
S0001733;14.08.2024;V0022;HAD;Hyse;03;Øst-Finnmark;DAN;1647.2
S0001734;15.08.2024;V0039;HAD;Hyse;03;Øst-Finnmark;LLS;1954.3
S0001735;14.08.2024;V0018;POK;Sei;03;Øst-Finnmark;DAN;4646.3
S0001736;15.08.2024;V0035;POK;Sei;03;Øst-Finnmark;LLS;5640.7
S0001737;16.08.2024;V0004;POK;Sei;03;Øst-Finnmark;OTB;6683.5
S0001738;13.08.2024;V0003;COD;Torsk;04;Vest-Finnmark;GN;2718.2
S0001739;14.08.2024;V0020;COD;Torsk;04;Vest-Finnmark;DAN;3302.7
S0001740;15.08.2024;V0037;COD;Torsk;04;Vest-Finnmark;LLS;3916.3
S0001741;14.08.2024;V0016;HAD;Hyse;04;Vest-Finnmark;DAN;1756.1
S0001742;15.08.2024;V0033;HAD;Hyse;04;Vest-Finnmark;LLS;2130.8
S0001743;16.08.2024;V0002;HAD;Hyse;04;Vest-Finnmark;OTB;2005.2
S0001744;15.08.2024;V0029;POK;Sei;04;Vest-Finnmark;LLS;4759.1
S0001745;16.08.2024;V0046;POK;Sei;04;Vest-Finnmark;OTB;5807.2
S0001746;17.08.2024;V0015;POK;Sei;4;Vest-Finnmark;GN;6913.7
S0001747;14.08.2024;V0014;COD;Torsk;05;Røstbanken til Malangsgrunnen;DAN;2527.4
S0001748;15.08.2024;V0031;COD;Torsk;05;Røstbanken til Malangsgrunnen;LLS;2430.1
S0001749;16.08.2024;V0048;COD;Torsk;05;Røstbanken til Malangsgrunnen;OTB;2896.3
S0001750;15.08.2024;V0027;HAD;Hyse;05;Røstbanken til Malangsgrunnen;LLS;1296.5
S0001751;16.08.2024;V0044;HAD;Hyse;05;Røstbanken til Malangsgrunnen;OTB;1580.9
S0001752;17.08.2024;V0013;HAD;Hyse;05;Røstbanken til Malangsgrunnen;GN;1880.8
S0001753;16.08.2024;V0040;POK;Sei;05;Røstbanken til Malangsgrunnen;OTB;4467.6
S0001754;17.08.2024;V0009;POK;Sei;05;Røstbanken til Malangsgrunnen;GN;5438.2
S0001755;12.08.2024;V0026;POK;Sei;05;Røstbanken til Malangsgrunnen;DAN;6459.6
S0001756;15.08.2024;V0025;COD;Torsk;06;Helgelandsbanken;LLS;1937.7
S0001757;16.08.2024;V0042;COD;Torsk;06;Helgelandsbanken;OTB;2361.1
S0001758;17.08.2024;V0011;COD;Torsk;06;Helgelandsbanken;GN;2807.1
S0001759;16.08.2024;V0038;HAD;Hyse;06;Helgelandsbanken;OTB;1257.6
S0001760;17.08.2024;V0007;HAD;Hyse;06;Helgelandsbanken;GN;1529.9
S0001761;12.08.2024;V0024;HAD;Hyse;06;Helgelandsbanken;DAN;1816.2
S0001762;17.08.2024;V0003;POK;Sei;06;Helgelandsbanken;GN;4317.1
S0001763;12.08.2024;V0020;POK;Sei;06;Helgelandsbanken;DAN;5244.0
S0001764;13.08.2024;V0037;POK;Sei;06;Helgelandsbanken;LLS;6216.6
S0001765;16.08.2024;V0036;COD;Torsk;07;Storegga-Frøyabanken;OTB;1899.8
S0001766;17.08.2024;V0005;COD;Torsk;07;Storegga-Frøyabanken;GN;2309.7
S0001767;12.08.2024;V0022;COD;Torsk;07;Storegga-Frøyabanken;DAN;2740.3
S0001768;17.08.2024;V0001;HAD;Hyse;07;Storegga-Frøyabanken;GN;1228.5
S0001769;12.08.2024;V0018;HAD;Hyse;07;Storegga-Frøyabanken;DAN;1491.5
S0001770;13.08.2024;V0035;HAD;Hyse;07;Storegga-Frøyabanken;LLS;1767.2
S0001771;12.08.2024;V0014;POK;Sei;07;Storegga-Frøyabanken;DAN;4203.3
S0001772;13.08.2024;V0031;POK;Sei;07;Storegga-Frøyabanken;LLS;4049.8
S0001773;14.08.2024;V0048;POK;Sei;07;Storegga-Frøyabanken;OTB;4824.9
S0001774;17.08.2024;V0047;COD;Torsk;08;Eigersundbanken;GN;1786.1
S0001775;12.08.2024;V0016;COD;Torsk;08;Eigersundbanken;DAN;2167.2
S0001776;13.08.2024;V0033;COD;Torsk;08;Eigersundbanken;LLS;2039.5
S0001777;12.08.2024;V0012;HAD;Hyse;08;Eigersundbanken;DAN;912.7
S0001778;13.08.2024;V0029;HAD;Hyse;08;Eigersundbanken;LLS;1113.8
S0001779;14.08.2024;V0046;HAD;Hyse;08;Eigersundbanken;OTB;1326.0
S0001780;13.08.2024;V0025;POK;Sei;08;Eigersundbanken;LLS;3148.9
S0001781;14.08.2024;V0042;POK;Sei;08;Eigersundbanken;OTB;3835.6
S0001782;15.08.2024;V0011;POK;Sei;08;Eigersundbanken;GN;4558.8
S0001783;19.08.2024;V0047;COD;Torsk;03;Øst-Finnmark;GN;2012.9
S0001784;20.08.2024;V0016;COD;Torsk;03;Øst-Finnmark;DAN;2454.5
S0001785;21.08.2024;V0033;COD;Torsk;03;Øst-Finnmark;LLS;2920.1
S0001786;20.08.2024;V0012;HAD;Hyse;03;Øst-Finnmark;DAN;1285.5
S0001787;21.08.2024;V0029;HAD;Hyse;03;Øst-Finnmark;LLS;1564.8
S0001788;22.08.2024;V0046;HAD;Hyse;03;Øst-Finnmark;OTB;1858.7
S0001789;21.08.2024;V0025;POK;Sei;03;Øst-Finnmark;LLS;4320.9
S0001790;22.08.2024;V0042;POK;Sei;03;Øst-Finnmark;OTB;5251.6
S0001791;23.08.2024;V0011;POK;Sei;03;Øst-Finnmark;GN;6229.0
S0001792;20.08.2024;V0010;COD;Torsk;04;Vest-Finnmark;DAN;2626.2
S0001793;21.08.2024;V0027;COD;Torsk;04;Vest-Finnmark;LLS;3194.8
S0001794;22.08.2024;V0044;COD;Torsk;04;Vest-Finnmark;OTB;3792.6
S0001795;21.08.2024;V0023;HAD;Hyse;04;Vest-Finnmark;LLS;1670.8
S0001796;22.08.2024;V0040;HAD;Hyse;04;Vest-Finnmark;OTB;2029.5
S0001797;23.08.2024;V0009;HAD;Hyse;04;Vest-Finnmark;GN;2406.0
S0001798;22.08.2024;V0036;POK;Sei;04;Vest-Finnmark;OTB;5596.7
S0001799;23.08.2024;V0005;POK;Sei;04;Vest-Finnmark;GN;6789.3
S0001800;24.08.2024;V0022;POK;Sei;04;Vest-Finnmark;DAN;6402.2
S0001801;21.08.2024;V0021;COD;Torsk;05;Røstbanken til Malangsgrunnen;LLS;2448.5
S0001802;22.08.2024;V0038;COD;Torsk;05;Røstbanken til Malangsgrunnen;OTB;2972.6
S0001803;23.08.2024;V0007;COD;Torsk;05;Røstbanken til Malangsgrunnen;GN;3522.1
S0001804;22.08.2024;V0034;HAD;Hyse;05;Røstbanken til Malangsgrunnen;OTB;1552.6
S0001805;23.08.2024;V0003;HAD;Hyse;05;Røstbanken til Malangsgrunnen;GN;1495.9
S0001806;24.08.2024;V0020;HAD;Hyse;05;Røstbanken til Malangsgrunnen;DAN;1782.2
S0001807;23.08.2024;V0047;POK;Sei;05;Røstbanken til Malangsgrunnen;GN;4139.0
S0001808;24.08.2024;V0016;POK;Sei;05;Røstbanken til Malangsgrunnen;DAN;5045.0
S0001809;19.08.2024;V0033;POK;Sei;05;Røstbanken til Malangsgrunnen;LLS;6000.1
S0001810;22.08.2024;V0032;COD;Torsk;06;Helgelandsbanken;OTB;1864.6
S0001811;23.08.2024;V0001;COD;Torsk;06;Helgelandsbanken;GN;2275.3
S0001812;24.08.2024;V0018;COD;Torsk;06;Helgelandsbanken;DAN;2708.8
S0001813;23.08.2024;V0045;HAD;Hyse;06;Helgelandsbanken;GN;1192.2
S0001814;24.08.2024;V0014;HAD;Hyse;06;Helgelandsbanken;DAN;1452.2
S0001815;19.08.2024;V0031;HAD;Hyse;06;Helgelandsbanken;LLS;1726.0
S0001816;24.08.2024;V0010;POK;Sei;06;Helgelandsbanken;DAN;4011.6
S0001817;19.08.2024;V0027;POK;Sei;06;Helgelandsbanken;LLS;4878.6
S0001818;20.08.2024;V0044;POK;Sei;06;Helgelandsbanken;OTB;5789.8
S0001819;23.08.2024;V0043;COD;Torsk;07;Storegga-Frøyabanken;GN;1834.0
S0001820;24.08.2024;V0012;COD;Torsk;07;Storegga-Frøyabanken;DAN;2232.5
S0001821;19.08.2024;V0029;COD;Torsk;07;Storegga-Frøyabanken;LLS;2651.8
S0001822;24.08.2024;V0008;HAD;Hyse;07;Storegga-Frøyabanken;DAN;1168.0
S0001823;19.08.2024;V0025;HAD;Hyse;07;Storegga-Frøyabanken;LLS;1419.6
S0001824;20.08.2024;V0042;HAD;Hyse;07;Storegga-Frøyabanken;OTB;1683.8
S0001825;19.08.2024;V0021;POK;Sei;07;Storegga-Frøyabanken;LLS;3916.1
S0001826;20.08.2024;V0038;POK;Sei;07;Storegga-Frøyabanken;OTB;4753.0
S0001827;21.08.2024;V0007;POK;Sei;07;Storegga-Frøyabanken;GN;4463.6
S0001828;24.08.2024;V0006;COD;Torsk;08;Eigersundbanken;DAN;1729.0
S0001829;19.08.2024;V0023;COD;Torsk;08;Eigersundbanken;LLS;2100.2
S0001830;20.08.2024;V0040;COD;Torsk;08;Eigersundbanken;OTB;2489.8
S0001831;19.08.2024;V0019;HAD;Hyse;08;Eigersundbanken;LLS;1097.4
S0001832;20.08.2024;V0036;HAD;Hyse;08;Eigersundbanken;OTB;1331.2
S0001833;21.08.2024;V0005;HAD;Hyse;08;Eigersundbanken;GN;1255.3
S0001834;20.08.2024;V0032;POK;Sei;08;Eigersundbanken;OTB;2914.6
S0001835;21.08.2024;V0001;POK;Sei;08;Eigersundbanken;GN;3555.1
S0001836;22.08.2024;V0018;POK;Sei;08;Eigersundbanken;DAN;4231.0
S0001837;26.08.2024;V0006;COD;Torsk;03;Øst-Finnmark;DAN;2458.3
S0001838;27.08.2024;V0023;COD;Torsk;03;Øst-Finnmark;LLS;2368.5
S0001839;28.08.2024;V0040;COD;Torsk;03;Øst-Finnmark;OTB;2821.8
S0001840;27.08.2024;V0019;HAD;Hyse;03;Øst-Finnmark;LLS;1221.2
S0001841;28.08.2024;V0036;HAD;Hyse;03;Øst-Finnmark;OTB;1488.5
S0001842;29.08.2024;V0005;HAD;Hyse;03;Øst-Finnmark;GN;1770.3
S0001843;28.08.2024;V0032;POK;Sei;3;Øst-Finnmark;OTB;3978.0
S0001844;29.08.2024;V0001;POK;Sei;03;Øst-Finnmark;GN;4840.7
S0001845;30.08.2024;V0018;POK;Sei;03;Øst-Finnmark;DAN;5748.2
S0001846;27.08.2024;V0017;COD;Torsk;04;Vest-Finnmark;LLS;2539.0
S0001847;28.08.2024;V0034;COD;Torsk;04;Vest-Finnmark;OTB;3092.6
S0001848;29.08.2024;V0003;COD;Torsk;04;Vest-Finnmark;GN;3675.8
S0001849;28.08.2024;V0030;HAD;Hyse;04;Vest-Finnmark;OTB;1592.0
S0001850;29.08.2024;V0047;HAD;Hyse;04;Vest-Finnmark;GN;1936.1
S0001851;30.08.2024;V0016;HAD;Hyse;04;Vest-Finnmark;DAN;2297.7
S0001852;29.08.2024;V0043;POK;Sei;04;Vest-Finnmark;GN;5166.6
S0001853;30.08.2024;V0012;POK;Sei;04;Vest-Finnmark;DAN;6274.1
S0001854;31.08.2024;V0029;POK;Sei;04;Vest-Finnmark;LLS;7435.9
S0001855;28.08.2024;V0028;COD;Torsk;05;Røstbanken til Malangsgrunnen;OTB;2374.0
S0001856;29.08.2024;V0045;COD;Torsk;05;Røstbanken til Malangsgrunnen;GN;2885.3
S0001857;30.08.2024;V0014;COD;Torsk;05;Røstbanken til Malangsgrunnen;DAN;3422.3
S0001858;29.08.2024;V0041;HAD;Hyse;05;Røstbanken til Malangsgrunnen;GN;1483.2
S0001859;30.08.2024;V0010;HAD;Hyse;05;Røstbanken til Malangsgrunnen;DAN;1800.2
S0001860;31.08.2024;V0027;HAD;Hyse;05;Røstbanken til Malangsgrunnen;LLS;1690.6
S0001861;30.08.2024;V0006;POK;Sei;05;Røstbanken til Malangsgrunnen;DAN;4798.0
S0001862;31.08.2024;V0023;POK;Sei;05;Røstbanken til Malangsgrunnen;LLS;4632.3
S0001863;26.08.2024;V0040;POK;Sei;05;Røstbanken til Malangsgrunnen;OTB;5516.8
S0001864;29.08.2024;V0039;COD;Torsk;06;Helgelandsbanken;GN;2286.2
S0001865;30.08.2024;V0008;COD;Torsk;06;Helgelandsbanken;DAN;2773.3
S0001866;31.08.2024;V0025;COD;Torsk;06;Helgelandsbanken;LLS;2615.2
S0001867;30.08.2024;V0004;HAD;Hyse;06;Helgelandsbanken;DAN;1131.5
S0001868;31.08.2024;V0021;HAD;Hyse;06;Helgelandsbanken;LLS;1380.2
S0001869;26.08.2024;V0038;HAD;Hyse;06;Helgelandsbanken;OTB;1642.6
S0001870;31.08.2024;V0017;POK;Sei;06;Helgelandsbanken;LLS;3690.1
S0001871;26.08.2024;V0034;POK;Sei;06;Helgelandsbanken;OTB;4493.3
S0001872;27.08.2024;V0003;POK;Sei;06;Helgelandsbanken;GN;5338.9
S0001873;30.08.2024;V0002;COD;Torsk;07;Storegga-Frøyabanken;DAN;1771.5
S0001874;31.08.2024;V0019;COD;Torsk;07;Storegga-Frøyabanken;LLS;2159.2
S0001875;26.08.2024;V0036;COD;Torsk;07;Storegga-Frøyabanken;OTB;2568.0
S0001876;31.08.2024;V0015;HAD;Hyse;07;Storegga-Frøyabanken;LLS;1112.0
S0001877;26.08.2024;V0032;HAD;Hyse;07;Storegga-Frøyabanken;OTB;1353.2
S0001878;27.08.2024;V0001;HAD;Hyse;07;Storegga-Frøyabanken;GN;1606.8
S0001879;26.08.2024;V0028;POK;Sei;07;Storegga-Frøyabanken;OTB;3612.5
S0001880;27.08.2024;V0045;POK;Sei;07;Storegga-Frøyabanken;GN;4389.3
S0001881;28.08.2024;V0014;POK;Sei;07;Storegga-Frøyabanken;DAN;5204.8
S0001882;31.08.2024;V0013;COD;Torsk;08;Eigersundbanken;LLS;1675.1
S0001883;26.08.2024;V0030;COD;Torsk;08;Eigersundbanken;OTB;2037.1
S0001884;27.08.2024;V0047;COD;Torsk;08;Eigersundbanken;GN;2417.6
S0001885;26.08.2024;V0026;HAD;Hyse;08;Eigersundbanken;OTB;1047.6
S0001886;27.08.2024;V0043;HAD;Hyse;08;Eigersundbanken;GN;1272.1
S0001887;28.08.2024;V0012;HAD;Hyse;08;Eigersundbanken;DAN;1507.7
S0001888;27.08.2024;V0039;POK;Sei;08;Eigersundbanken;GN;3391.8
S0001889;28.08.2024;V0008;POK;Sei;08;Eigersundbanken;DAN;3261.1
S0001890;29.08.2024;V0025;POK;Sei;08;Eigersundbanken;LLS;3886.7
S0001891;02.09.2024;V0013;COD;Torsk;03;Øst-Finnmark;LLS;2394.9
S0001892;03.09.2024;V0030;COD;Torsk;03;Øst-Finnmark;OTB;2906.8
S0001893;04.09.2024;V0047;COD;Torsk;03;Øst-Finnmark;GN;2729.8
S0001894;03.09.2024;V0026;HAD;Hyse;03;Øst-Finnmark;OTB;1467.3
S0001895;04.09.2024;V0043;HAD;Hyse;03;Øst-Finnmark;GN;1416.6
S0001896;05.09.2024;V0012;HAD;Hyse;03;Øst-Finnmark;DAN;1687.2
S0001897;04.09.2024;V0039;POK;Sei;03;Øst-Finnmark;GN;3628.0
S0001898;05.09.2024;V0008;POK;Sei;03;Øst-Finnmark;DAN;4420.6
S0001899;06.09.2024;V0025;POK;Sei;03;Øst-Finnmark;LLS;
S0001900;03.09.2024;V0024;COD;Torsk;04;Vest-Finnmark;OTB;2457.4
S0001901;04.09.2024;V0041;COD;Torsk;04;Vest-Finnmark;GN;2997.4
S0001902;05.09.2024;V0010;COD;Torsk;04;Vest-Finnmark;DAN;3567.3
S0001903;04.09.2024;V0037;HAD;Hyse;04;Vest-Finnmark;GN;1517.9
S0001903;04.09.2024;V0037;HAD;Hyse;04;Vest-Finnmark;GN;1517.9
S0001904;05.09.2024;V0006;HAD;Hyse;04;Vest-Finnmark;DAN;1848.3
S0001905;06.09.2024;V0023;HAD;Hyse;04;Vest-Finnmark;LLS;2196.1
S0001906;05.09.2024;V0002;POK;Sei;04;Vest-Finnmark;DAN;4725.9
S0001907;06.09.2024;V0019;POK;Sei;04;Vest-Finnmark;LLS;5745.6
S0001908;07.09.2024;V0036;POK;Sei;04;Vest-Finnmark;OTB;6816.8
S0001909;04.09.2024;V0035;COD;Torsk;05;Røstbanken til Malangsgrunnen;GN;2304.9
S0001910;05.09.2024;V0004;COD;Torsk;05;Røstbanken til Malangsgrunnen;DAN;2804.8
S0001911;06.09.2024;V0021;COD;Torsk;05;Røstbanken til Malangsgrunnen;LLS;3330.6
S0001912;05.09.2024;V0048;HAD;Hyse;05;Røstbanken til Malangsgrunnen;DAN;1418.2
S0001913;06.09.2024;V0017;HAD;Hyse;05;Røstbanken til Malangsgrunnen;LLS;1723.2
S0001914;07.09.2024;V0034;HAD;Hyse;05;Røstbanken til Malangsgrunnen;OTB;2043.3
S0001915;06.09.2024;V0013;POK;Sei;05;Røstbanken til Malangsgrunnen;LLS;4400.1
S0001916;07.09.2024;V0030;POK;Sei;05;Røstbanken til Malangsgrunnen;OTB;5339.0
S0001917;02.09.2024;V0047;POK;Sei;05;Røstbanken til Malangsgrunnen;GN;5024.4
S0001918;05.09.2024;V0046;COD;Torsk;06;Helgelandsbanken;DAN;2225.7
S0001919;06.09.2024;V0015;COD;Torsk;06;Helgelandsbanken;LLS;2702.8
S0001920;07.09.2024;V0032;COD;Torsk;06;Helgelandsbanken;OTB;3203.2
S0001921;06.09.2024;V0011;HAD;Hyse;06;Helgelandsbanken;LLS;1364.8
S0001922;07.09.2024;V0028;HAD;Hyse;06;Helgelandsbanken;OTB;1312.2
S0001923;02.09.2024;V0045;HAD;Hyse;06;Helgelandsbanken;GN;1564.0
S0001924;07.09.2024;V0024;POK;Sei;06;Helgelandsbanken;OTB;3362.3
S0001925;02.09.2024;V0041;POK;Sei;06;Helgelandsbanken;GN;4099.8
S0001926;03.09.2024;V0010;POK;Sei;06;Helgelandsbanken;DAN;4877.6
S0001927;06.09.2024;V0009;COD;Torsk;07;Storegga-Frøyabanken;LLS;2165.7
S0001928;07.09.2024;V0026;COD;Torsk;07;Storegga-Frøyabanken;OTB;2090.8
S0001929;02.09.2024;V0043;COD;Torsk;07;Storegga-Frøyabanken;GN;2490.1
S0001930;07.09.2024;V0022;HAD;Hyse;07;Storegga-Frøyabanken;OTB;1059.3
S0001931;02.09.2024;V0039;HAD;Hyse;07;Storegga-Frøyabanken;GN;1290.7
S0001932;03.09.2024;V0008;HAD;Hyse;07;Storegga-Frøyabanken;DAN;1534.6
S0001933;02.09.2024;V0035;POK;Sei;07;Storegga-Frøyabanken;GN;3301.7
S0001934;03.09.2024;V0004;POK;Sei;07;Storegga-Frøyabanken;DAN;4016.5
S0001935;04.09.2024;V0021;POK;Sei;07;Storegga-Frøyabanken;LLS;4768.1
S0001936;07.09.2024;V0020;COD;Torsk;08;Eigersundbanken;OTB;1625.0
S0001937;02.09.2024;V0037;COD;Torsk;08;Eigersundbanken;GN;1978.7
S0001938;03.09.2024;V0006;COD;Torsk;08;Eigersundbanken;DAN;2351.0
S0001939;02.09.2024;V0033;HAD;Hyse;08;Eigersundbanken;GN;1000.9
S0001940;03.09.2024;V0002;HAD;Hyse;8;Eigersundbanken;DAN;1216.8
S0001941;04.09.2024;V0019;HAD;Hyse;08;Eigersundbanken;LLS;1443.7
S0001942;03.09.2024;V0046;POK;Sei;08;Eigersundbanken;DAN;3108.3
S0001943;04.09.2024;V0015;POK;Sei;08;Eigersundbanken;LLS;3773.6
S0001944;05.09.2024;V0032;POK;Sei;08;Eigersundbanken;OTB;4471.1
S0001945;09.09.2024;V0020;COD;Torsk;03;Øst-Finnmark;OTB;2338.6
S0001946;10.09.2024;V0037;COD;Torsk;03;Øst-Finnmark;GN;2841.5
S0001947;11.09.2024;V0006;COD;Torsk;03;Øst-Finnmark;DAN;3369.4
S0001948;10.09.2024;V0033;HAD;Hyse;03;Øst-Finnmark;GN;1408.0
S0001949;11.09.2024;V0002;HAD;Hyse;03;Øst-Finnmark;DAN;1708.4
S0001950;12.09.2024;V0019;HAD;Hyse;03;Øst-Finnmark;LLS;1607.7
S0001951;11.09.2024;V0046;POK;Sei;03;Øst-Finnmark;DAN;3280.6
S0001952;12.09.2024;V0015;POK;Sei;03;Øst-Finnmark;LLS;4003.1
S0001953;13.09.2024;V0032;POK;Sei;03;Øst-Finnmark;OTB;4765.8
S0001954;10.09.2024;V0031;COD;Torsk;04;Vest-Finnmark;GN;3027.1
S0001955;11.09.2024;V0048;COD;Torsk;04;Vest-Finnmark;DAN;2910.5
S0001956;12.09.2024;V0017;COD;Torsk;04;Vest-Finnmark;LLS;3468.8
S0001957;11.09.2024;V0044;HAD;Hyse;04;Vest-Finnmark;DAN;1447.1
S0001958;12.09.2024;V0013;HAD;Hyse;04;Vest-Finnmark;LLS;1764.5
S0001959;13.09.2024;V0030;HAD;Hyse;04;Vest-Finnmark;OTB;2099.3
S0001960;12.09.2024;V0009;POK;Sei;04;Vest-Finnmark;LLS;4287.1
S0001961;13.09.2024;V0026;POK;Sei;04;Vest-Finnmark;OTB;5218.6
S0001962;14.09.2024;V0043;POK;Sei;04;Vest-Finnmark;GN;6198.7
S0001963;11.09.2024;V0042;COD;Torsk;05;Røstbanken til Malangsgrunnen;DAN;2242.3
S0001964;12.09.2024;V0011;COD;Torsk;05;Røstbanken til Malangsgrunnen;LLS;2732.2
S0001965;13.09.2024;V0028;COD;Torsk;05;Røstbanken til Malangsgrunnen;OTB;3248.4
S0001966;12.09.2024;V0007;HAD;Hyse;05;Røstbanken til Malangsgrunnen;LLS;1356.2
S0001967;13.09.2024;V0024;HAD;Hyse;05;Røstbanken til Malangsgrunnen;OTB;1649.8
S0001968;14.09.2024;V0041;HAD;Hyse;05;Røstbanken til Malangsgrunnen;GN;1958.6
S0001969;13.09.2024;V0020;POK;Sei;05;Røstbanken til Malangsgrunnen;OTB;4002.6
S0001970;14.09.2024;V0037;POK;Sei;05;Røstbanken til Malangsgrunnen;GN;4862.0
S0001971;09.09.2024;V0006;POK;Sei;05;Røstbanken til Malangsgrunnen;DAN;5763.8
S0001972;12.09.2024;V0005;COD;Torsk;06;Helgelandsbanken;LLS;2171.6
S0001973;13.09.2024;V0022;COD;Torsk;06;Helgelandsbanken;OTB;2640.1
S0001974;14.09.2024;V0039;COD;Torsk;06;Helgelandsbanken;GN;3132.4
S0001975;13.09.2024;V0018;HAD;Hyse;06;Helgelandsbanken;OTB;1308.7
S0001976;14.09.2024;V0035;HAD;Hyse;06;Helgelandsbanken;GN;1588.8
S0001977;09.09.2024;V0004;HAD;Hyse;06;Helgelandsbanken;DAN;1882.5
S0001978;14.09.2024;V0031;POK;Sei;06;Helgelandsbanken;GN;3849.6
S0001979;09.09.2024;V0048;POK;Sei;06;Helgelandsbanken;DAN;3709.0
S0001980;10.09.2024;V0017;POK;Sei;06;Helgelandsbanken;LLS;4418.9
S0001981;13.09.2024;V0016;COD;Torsk;07;Storegga-Frøyabanken;OTB;2118.5
S0001982;14.09.2024;V0033;COD;Torsk;07;Storegga-Frøyabanken;GN;2570.5
S0001983;09.09.2024;V0002;COD;Torsk;07;Storegga-Frøyabanken;DAN;2419.0
S0001984;14.09.2024;V0029;HAD;Hyse;07;Storegga-Frøyabanken;GN;1008.9
S0001985;09.09.2024;V0046;HAD;Hyse;07;Storegga-Frøyabanken;DAN;1231.1
S0001986;10.09.2024;V0015;HAD;Hyse;07;Storegga-Frøyabanken;LLS;1465.7
S0001987;09.09.2024;V0042;POK;Sei;07;Storegga-Frøyabanken;DAN;2992.5
S0001988;10.09.2024;V0011;POK;Sei;07;Storegga-Frøyabanken;LLS;3645.1
S0001989;11.09.2024;V0028;POK;Sei;07;Storegga-Frøyabanken;OTB;4332.4
S0001990;14.09.2024;V0027;COD;Torsk;08;Eigersundbanken;GN;1579.3
S0001991;09.09.2024;V0044;COD;Torsk;08;Eigersundbanken;DAN;1925.7
S0001992;10.09.2024;V0013;COD;Torsk;08;Eigersundbanken;LLS;2291.1
S0001993;09.09.2024;V0040;HAD;Hyse;08;Eigersundbanken;DAN;956.4
S0001994;10.09.2024;V0009;HAD;Hyse;08;Eigersundbanken;LLS;1164.1
S0001995;11.09.2024;V0026;HAD;Hyse;08;Eigersundbanken;OTB;1382.8
S0001996;10.09.2024;V0005;POK;Sei;08;Eigersundbanken;LLS;2825.4
S0001997;11.09.2024;V0022;POK;Sei;08;Eigersundbanken;OTB;3434.0
S0001998;12.09.2024;V0039;POK;Sei;08;Eigersundbanken;GN;4073.1
S0001999;16.09.2024;V0027;COD;Torsk;03;Øst-Finnmark;GN;2290.2
S0002000;17.09.2024;V0044;COD;Torsk;03;Øst-Finnmark;DAN;2786.0
S0002001;18.09.2024;V0013;COD;Torsk;03;Øst-Finnmark;LLS;3307.3
S0002002;17.09.2024;V0040;HAD;Hyse;03;Øst-Finnmark;DAN;1360.6
S0002003;18.09.2024;V0009;HAD;Hyse;03;Øst-Finnmark;LLS;1652.7
S0002004;19.09.2024;V0026;HAD;Hyse;03;Øst-Finnmark;OTB;1959.3
S0002005;18.09.2024;V0005;POK;Sei;03;Øst-Finnmark;LLS;3750.3
S0002006;19.09.2024;V0022;POK;Sei;03;Øst-Finnmark;OTB;4549.5
S0002007;20.09.2024;V0039;POK;Sei;03;Øst-Finnmark;GN;4290.1
S0002008;17.09.2024;V0038;COD;Torsk;04;Vest-Finnmark;DAN;2972.4
S0002009;18.09.2024;V0007;COD;Torsk;04;Vest-Finnmark;LLS;3608.6
S0002010;19.09.2024;V0024;COD;Torsk;04;Vest-Finnmark;OTB;4275.7
S0002011;18.09.2024;V0003;HAD;Hyse;04;Vest-Finnmark;LLS;1760.1
S0002012;19.09.2024;V0020;HAD;Hyse;04;Vest-Finnmark;OTB;1695.8
S0002013;20.09.2024;V0037;HAD;Hyse;04;Vest-Finnmark;GN;2020.4
S0002014;19.09.2024;V0016;POK;Sei;04;Vest-Finnmark;OTB;3861.0
S0002015;20.09.2024;V0033;POK;Sei;04;Vest-Finnmark;GN;4706.2
S0002016;21.09.2024;V0002;POK;Sei;04;Vest-Finnmark;DAN;5597.2
S0002017;18.09.2024;V0001;COD;Torsk;05;Røstbanken til Malangsgrunnen;LLS;2187.1
S0002018;19.09.2024;V0018;COD;Torsk;05;Røstbanken til Malangsgrunnen;OTB;2668.7
S0002019;20.09.2024;V0035;COD;Torsk;05;Røstbanken til Malangsgrunnen;GN;3177.2
S0002020;19.09.2024;V0014;HAD;Hyse;05;Røstbanken til Malangsgrunnen;OTB;1305.8
S0002021;20.09.2024;V0031;HAD;Hyse;05;Røstbanken til Malangsgrunnen;GN;1590.6
S0002022;21.09.2024;V0048;HAD;Hyse;05;Røstbanken til Malangsgrunnen;DAN;1890.5
S0002023;20.09.2024;V0027;POK;Sei;05;Røstbanken til Malangsgrunnen;GN;3615.7
S0002024;21.09.2024;V0044;POK;Sei;05;Røstbanken til Malangsgrunnen;DAN;4397.1
S0002025;16.09.2024;V0013;POK;Sei;05;Røstbanken til Malangsgrunnen;LLS;5218.4
S0002026;19.09.2024;V0012;COD;Torsk;06;Helgelandsbanken;OTB;2124.9
S0002027;20.09.2024;V0029;COD;Torsk;06;Helgelandsbanken;GN;2586.6
S0002028;21.09.2024;V0046;COD;Torsk;06;Helgelandsbanken;DAN;3072.4
S0002029;20.09.2024;V0025;HAD;Hyse;06;Helgelandsbanken;GN;1263.7
S0002030;21.09.2024;V0042;HAD;Hyse;06;Helgelandsbanken;DAN;1535.9
S0002031;16.09.2024;V0011;HAD;Hyse;06;Helgelandsbanken;LLS;1821.8
S0002032;21.09.2024;V0038;POK;Sei;06;Helgelandsbanken;DAN;3486.5
S0002033;16.09.2024;V0007;POK;Sei;06;Helgelandsbanken;LLS;4231.6
S0002034;17.09.2024;V0024;POK;Sei;06;Helgelandsbanken;OTB;3974.0
S0002035;20.09.2024;V0023;COD;Torsk;07;Storegga-Frøyabanken;GN;2078.7
S0002036;21.09.2024;V0040;COD;Torsk;07;Storegga-Frøyabanken;DAN;2525.0
S0002037;16.09.2024;V0009;COD;Torsk;7;Storegga-Frøyabanken;LLS;2993.3
S0002038;21.09.2024;V0036;HAD;Hyse;07;Storegga-Frøyabanken;DAN;1232.0
S0002039;16.09.2024;V0005;HAD;Hyse;07;Storegga-Frøyabanken;LLS;1494.5
S0002040;17.09.2024;V0022;HAD;Hyse;07;Storegga-Frøyabanken;OTB;1409.3
S0002041;16.09.2024;V0001;POK;Sei;07;Storegga-Frøyabanken;LLS;2692.6
S0002042;17.09.2024;V0018;POK;Sei;07;Storegga-Frøyabanken;OTB;3284.3
S0002043;18.09.2024;V0035;POK;Sei;07;Storegga-Frøyabanken;GN;3908.7
S0002044;21.09.2024;V0034;COD;Torsk;08;Eigersundbanken;DAN;1950.5
S0002045;16.09.2024;V0003;COD;Torsk;08;Eigersundbanken;LLS;1879.3
S0002046;17.09.2024;V0020;COD;Torsk;08;Eigersundbanken;OTB;2238.9
S0002047;16.09.2024;V0047;HAD;Hyse;08;Eigersundbanken;LLS;920.0
S0002048;17.09.2024;V0016;HAD;Hyse;08;Eigersundbanken;OTB;1121.4
S0002049;18.09.2024;V0033;HAD;Hyse;08;Eigersundbanken;GN;1333.7
S0002050;17.09.2024;V0012;POK;Sei;08;Eigersundbanken;OTB;2550.1
S0002051;18.09.2024;V0029;POK;Sei;08;Eigersundbanken;GN;3103.2
S0002052;19.09.2024;V0046;POK;Sei;08;Eigersundbanken;DAN;3685.0
S0002053;23.09.2024;V0034;COD;Torsk;03;Øst-Finnmark;DAN;2250.9
S0002054;24.09.2024;V0003;COD;Torsk;03;Øst-Finnmark;LLS;2741.8
S0002055;25.09.2024;V0020;COD;Torsk;03;Øst-Finnmark;OTB;3258.8
S0002056;24.09.2024;V0047;HAD;Hyse;03;Øst-Finnmark;LLS;1315.1
S0002057;25.09.2024;V0016;HAD;Hyse;03;Øst-Finnmark;OTB;1599.4
S0002058;26.09.2024;V0033;HAD;Hyse;03;Øst-Finnmark;GN;1898.1
S0002059;25.09.2024;V0012;POK;Sei;03;Øst-Finnmark;OTB;3380.4
S0002060;26.09.2024;V0029;POK;Sei;03;Øst-Finnmark;GN;4105.1
S0002061;27.09.2024;V0046;POK;Sei;03;Øst-Finnmark;DAN;4865.2
S0002062;24.09.2024;V0045;COD;Torsk;04;Vest-Finnmark;LLS;2929.9
S0002063;25.09.2024;V0014;COD;Torsk;04;Vest-Finnmark;OTB;3561.0
S0002064;26.09.2024;V0031;COD;Torsk;04;Vest-Finnmark;GN;4223.8
S0002065;25.09.2024;V0010;HAD;Hyse;04;Vest-Finnmark;OTB;1705.7
S0002066;26.09.2024;V0027;HAD;Hyse;04;Vest-Finnmark;GN;2070.2
S0002067;27.09.2024;V0044;HAD;Hyse;04;Vest-Finnmark;DAN;1944.2
S0002068;26.09.2024;V0023;POK;Sei;04;Vest-Finnmark;GN;4370.2
S0002069;27.09.2024;V0040;POK;Sei;04;Vest-Finnmark;DAN;4219.2
S0002070;28.09.2024;V0009;POK;Sei;04;Vest-Finnmark;LLS;5024.9
S0002071;25.09.2024;V0008;COD;Torsk;05;Røstbanken til Malangsgrunnen;OTB;2726.1
S0002072;26.09.2024;V0025;COD;Torsk;05;Røstbanken til Malangsgrunnen;GN;3307.0
S0002073;27.09.2024;V0042;COD;Torsk;05;Røstbanken til Malangsgrunnen;DAN;3118.5
S0002074;26.09.2024;V0021;HAD;Hyse;05;Røstbanken til Malangsgrunnen;GN;1257.2
S0002075;27.09.2024;V0038;HAD;Hyse;05;Røstbanken til Malangsgrunnen;DAN;1533.5
S0002076;28.09.2024;V0007;HAD;Hyse;05;Røstbanken til Malangsgrunnen;LLS;1825.1
S0002076;28.09.2024;V0007;HAD;Hyse;05;Røstbanken til Malangsgrunnen;LLS;1825.1
S0002077;27.09.2024;V0034;POK;Sei;05;Røstbanken til Malangsgrunnen;DAN;3247.4
S0002078;28.09.2024;V0003;POK;Sei;05;Røstbanken til Malangsgrunnen;LLS;3954.2
S0002079;23.09.2024;V0020;POK;Sei;05;Røstbanken til Malangsgrunnen;OTB;4698.4
S0002080;26.09.2024;V0019;COD;Torsk;06;Helgelandsbanken;GN;2086.6
S0002081;27.09.2024;V0036;COD;Torsk;06;Helgelandsbanken;DAN;2543.4
S0002082;28.09.2024;V0005;COD;Torsk;06;Helgelandsbanken;LLS;3024.9
S0002083;27.09.2024;V0032;HAD;Hyse;06;Helgelandsbanken;DAN;1220.5
S0002084;28.09.2024;V0001;HAD;Hyse;06;Helgelandsbanken;LLS;1485.2
S0002085;23.09.2024;V0018;HAD;Hyse;06;Helgelandsbanken;OTB;1763.6
S0002086;28.09.2024;V0045;POK;Sei;06;Helgelandsbanken;LLS;3140.3
S0002087;23.09.2024;V0014;POK;Sei;06;Helgelandsbanken;OTB;3815.6
S0002088;24.09.2024;V0031;POK;Sei;06;Helgelandsbanken;GN;4524.5
S0002089;27.09.2024;V0030;COD;Torsk;07;Storegga-Frøyabanken;DAN;2047.4
S0002090;28.09.2024;V0047;COD;Torsk;07;Storegga-Frøyabanken;LLS;2489.9
S0002091;23.09.2024;V0016;COD;Torsk;07;Storegga-Frøyabanken;OTB;2954.9
S0002092;28.09.2024;V0043;HAD;Hyse;07;Storegga-Frøyabanken;LLS;1193.1
S0002093;23.09.2024;V0012;HAD;Hyse;07;Storegga-Frøyabanken;OTB;1448.8
S0002094;24.09.2024;V0029;HAD;Hyse;07;Storegga-Frøyabanken;GN;1717.1
S0002095;23.09.2024;V0008;POK;Sei;07;Storegga-Frøyabanken;OTB;3059.5
S0002096;24.09.2024;V0025;POK;Sei;07;Storegga-Frøyabanken;GN;2941.6
S0002097;25.09.2024;V0042;POK;Sei;07;Storegga-Frøyabanken;DAN;3505.9
S0002098;28.09.2024;V0041;COD;Torsk;08;Eigersundbanken;LLS;1926.1
S0002099;23.09.2024;V0010;COD;Torsk;08;Eigersundbanken;OTB;2337.7
S0002100;24.09.2024;V0027;COD;Torsk;08;Eigersundbanken;GN;2195.4
S0002101;23.09.2024;V0006;HAD;Hyse;08;Eigersundbanken;OTB;1118.8
S0002102;24.09.2024;V0023;HAD;Hyse;08;Eigersundbanken;GN;1080.1
S0002103;25.09.2024;V0040;HAD;Hyse;08;Eigersundbanken;DAN;1286.4
S0002104;24.09.2024;V0019;POK;Sei;08;Eigersundbanken;GN;2288.4
S0002105;25.09.2024;V0036;POK;Sei;08;Eigersundbanken;DAN;2788.3
S0002106;26.09.2024;V0005;POK;Sei;08;Eigersundbanken;LLS;3315.2
S0002107;30.09.2024;V0041;COD;Torsk;03;Øst-Finnmark;LLS;2221.5
S0002108;01.10.2024;V0010;COD;Torsk;03;Øst-Finnmark;OTB;2709.7
S0002109;02.10.2024;V0027;COD;Torsk;03;Øst-Finnmark;GN;3224.9
S0002110;01.10.2024;V0006;HAD;Hyse;03;Øst-Finnmark;OTB;
S0002111;02.10.2024;V0023;HAD;Hyse;03;Øst-Finnmark;GN;1548.8
S0002112;03.10.2024;V0040;HAD;Hyse;03;Øst-Finnmark;DAN;1840.3
S0002113;02.10.2024;V0019;POK;Sei;03;Øst-Finnmark;GN;3034.7
S0002114;03.10.2024;V0036;POK;Sei;03;Øst-Finnmark;DAN;3689.4
S0002115;04.10.2024;V0005;POK;Sei;03;Øst-Finnmark;LLS;4377.3
S0002116;01.10.2024;V0004;COD;Torsk;04;Vest-Finnmark;OTB;2900.7
S0002117;02.10.2024;V0021;COD;Torsk;04;Vest-Finnmark;GN;3529.8
S0002118;03.10.2024;V0038;COD;Torsk;04;Vest-Finnmark;DAN;4191.5
S0002119;02.10.2024;V0017;HAD;Hyse;04;Vest-Finnmark;GN;1654.4
S0002120;03.10.2024;V0034;HAD;Hyse;04;Vest-Finnmark;DAN;2010.2
S0002121;04.10.2024;V0003;HAD;Hyse;04;Vest-Finnmark;LLS;2383.7
S0002122;03.10.2024;V0030;POK;Sei;04;Vest-Finnmark;DAN;3933.3
S0002123;04.10.2024;V0047;POK;Sei;04;Vest-Finnmark;LLS;4772.7
S0002124;05.10.2024;V0016;POK;Sei;04;Vest-Finnmark;OTB;4491.4
S0002125;02.10.2024;V0015;COD;Torsk;05;Røstbanken til Malangsgrunnen;GN;2706.3
S0002126;03.10.2024;V0032;COD;Torsk;05;Røstbanken til Malangsgrunnen;DAN;3286.4
S0002127;04.10.2024;V0001;COD;Torsk;05;Røstbanken til Malangsgrunnen;LLS;3894.9
S0002128;03.10.2024;V0028;HAD;Hyse;05;Røstbanken til Malangsgrunnen;DAN;1538.3
S0002129;04.10.2024;V0045;HAD;Hyse;05;Røstbanken til Malangsgrunnen;LLS;1479.1
S0002130;05.10.2024;V0014;HAD;Hyse;05;Røstbanken til Malangsgrunnen;OTB;1762.8
S0002131;04.10.2024;V0041;POK;Sei;05;Røstbanken til Malangsgrunnen;LLS;2904.0
S0002132;05.10.2024;V0010;POK;Sei;05;Røstbanken til Malangsgrunnen;OTB;3540.9
S0002133;30.09.2024;V0027;POK;Sei;05;Røstbanken til Malangsgrunnen;GN;4212.7
S0002134;03.10.2024;V0026;COD;Torsk;6;Helgelandsbanken;DAN;2601.2
S0002135;04.10.2024;V0043;COD;Torsk;06;Helgelandsbanken;LLS;2511.3
S0002136;05.10.2024;V0012;COD;Torsk;06;Helgelandsbanken;OTB;2990.9
S0002137;04.10.2024;V0039;HAD;Hyse;06;Helgelandsbanken;LLS;1179.4
S0002138;05.10.2024;V0008;HAD;Hyse;06;Helgelandsbanken;OTB;1437.1
S0002139;30.09.2024;V0025;HAD;Hyse;06;Helgelandsbanken;GN;1708.6
S0002140;05.10.2024;V0004;POK;Sei;06;Helgelandsbanken;OTB;2816.9
S0002141;30.09.2024;V0021;POK;Sei;06;Helgelandsbanken;GN;3426.7
S0002142;01.10.2024;V0038;POK;Sei;06;Helgelandsbanken;DAN;4067.9
S0002143;04.10.2024;V0037;COD;Torsk;07;Storegga-Frøyabanken;LLS;2025.2
S0002144;05.10.2024;V0006;COD;Torsk;07;Storegga-Frøyabanken;OTB;2466.0
S0002145;30.09.2024;V0023;COD;Torsk;07;Storegga-Frøyabanken;GN;2930.1
S0002146;05.10.2024;V0002;HAD;Hyse;07;Storegga-Frøyabanken;OTB;1156.3
S0002147;30.09.2024;V0019;HAD;Hyse;07;Storegga-Frøyabanken;GN;1405.8
S0002148;01.10.2024;V0036;HAD;Hyse;07;Storegga-Frøyabanken;DAN;1667.9
S0002149;30.09.2024;V0015;POK;Sei;07;Storegga-Frøyabanken;GN;2751.7
S0002150;01.10.2024;V0032;POK;Sei;07;Storegga-Frøyabanken;DAN;3340.7
S0002151;02.10.2024;V0001;POK;Sei;07;Storegga-Frøyabanken;LLS;3958.2
S0002152;05.10.2024;V0048;COD;Torsk;08;Eigersundbanken;OTB;1910.7
S0002153;30.09.2024;V0017;COD;Torsk;08;Eigersundbanken;GN;2321.6
S0002154;01.10.2024;V0034;COD;Torsk;08;Eigersundbanken;DAN;2752.9
S0002155;30.09.2024;V0013;HAD;Hyse;08;Eigersundbanken;GN;1087.1
S0002156;01.10.2024;V0030;HAD;Hyse;08;Eigersundbanken;DAN;1319.1
S0002157;02.10.2024;V0047;HAD;Hyse;08;Eigersundbanken;LLS;1241.3
S0002158;01.10.2024;V0026;POK;Sei;08;Eigersundbanken;DAN;2044.4
S0002159;02.10.2024;V0043;POK;Sei;08;Eigersundbanken;LLS;2494.7
S0002160;03.10.2024;V0012;POK;Sei;08;Eigersundbanken;OTB;2970.0
S0002161;07.10.2024;V0048;COD;Torsk;03;Øst-Finnmark;OTB;2798.2
S0002162;08.10.2024;V0017;COD;Torsk;03;Øst-Finnmark;GN;2690.4
S0002163;09.10.2024;V0034;COD;Torsk;03;Øst-Finnmark;DAN;3206.5
S0002164;08.10.2024;V0013;HAD;Hyse;03;Øst-Finnmark;GN;1231.7
S0002165;09.10.2024;V0030;HAD;Hyse;03;Øst-Finnmark;DAN;1501.8
S0002166;10.10.2024;V0047;HAD;Hyse;03;Øst-Finnmark;LLS;1786.8
S0002167;09.10.2024;V0026;POK;Sei;03;Øst-Finnmark;DAN;2717.5
S0002168;10.10.2024;V0043;POK;Sei;03;Øst-Finnmark;LLS;3307.9
S0002169;11.10.2024;V0012;POK;Sei;03;Øst-Finnmark;OTB;3929.2
S0002170;08.10.2024;V0011;COD;Torsk;04;Vest-Finnmark;GN;2885.5
S0002171;09.10.2024;V0028;COD;Torsk;04;Vest-Finnmark;DAN;3515.9
S0002172;10.10.2024;V0045;COD;Torsk;04;Vest-Finnmark;LLS;4180.1
S0002173;09.10.2024;V0024;HAD;Hyse;04;Vest-Finnmark;DAN;1607.0
S0002174;10.10.2024;V0041;HAD;Hyse;04;Vest-Finnmark;LLS;1954.9
S0002175;11.10.2024;V0010;HAD;Hyse;04;Vest-Finnmark;OTB;2320.6
S0002176;10.10.2024;V0037;POK;Sei;04;Vest-Finnmark;LLS;3532.0
S0002177;11.10.2024;V0006;POK;Sei;04;Vest-Finnmark;OTB;4290.3
S0002178;12.10.2024;V0023;POK;Sei;04;Vest-Finnmark;GN;5086.1
S0002179;09.10.2024;V0022;COD;Torsk;05;Røstbanken til Malangsgrunnen;DAN;2700.0
S0002180;10.10.2024;V0039;COD;Torsk;05;Røstbanken til Malangsgrunnen;LLS;3282.5
S0002181;11.10.2024;V0008;COD;Torsk;05;Røstbanken til Malangsgrunnen;OTB;3894.5
S0002182;10.10.2024;V0035;HAD;Hyse;05;Røstbanken til Malangsgrunnen;LLS;1498.2
S0002183;11.10.2024;V0004;HAD;Hyse;05;Røstbanken til Malangsgrunnen;OTB;1818.9
S0002184;12.10.2024;V0021;HAD;Hyse;05;Røstbanken til Malangsgrunnen;GN;2155.1
S0002185;11.10.2024;V0048;POK;Sei;05;Røstbanken til Malangsgrunnen;OTB;3282.1
S0002186;12.10.2024;V0017;POK;Sei;05;Røstbanken til Malangsgrunnen;GN;3162.2
S0002187;07.10.2024;V0034;POK;Sei;05;Røstbanken til Malangsgrunnen;DAN;3767.5
S0002188;10.10.2024;V0033;COD;Torsk;06;Helgelandsbanken;LLS;2601.8
S0002189;11.10.2024;V0002;COD;Torsk;06;Helgelandsbanken;OTB;3157.0
S0002190;12.10.2024;V0019;COD;Torsk;06;Helgelandsbanken;GN;2971.0
S0002191;11.10.2024;V0046;HAD;Hyse;06;Helgelandsbanken;OTB;1140.9
S0002192;12.10.2024;V0015;HAD;Hyse;06;Helgelandsbanken;GN;1392.2
S0002193;07.10.2024;V0032;HAD;Hyse;06;Helgelandsbanken;DAN;1657.5
S0002194;12.10.2024;V0011;POK;Sei;06;Helgelandsbanken;GN;2520.3
S0002195;07.10.2024;V0028;POK;Sei;06;Helgelandsbanken;DAN;3069.8
S0002196;08.10.2024;V0045;POK;Sei;06;Helgelandsbanken;LLS;3648.7
S0002197;11.10.2024;V0044;COD;Torsk;07;Storegga-Frøyabanken;OTB;2012.7
S0002198;12.10.2024;V0013;COD;Torsk;07;Storegga-Frøyabanken;GN;2454.2
S0002199;07.10.2024;V0030;COD;Torsk;07;Storegga-Frøyabanken;DAN;2919.8
S0002200;12.10.2024;V0009;HAD;Hyse;07;Storegga-Frøyabanken;GN;1122.2
S0002201;07.10.2024;V0026;HAD;Hyse;07;Storegga-Frøyabanken;DAN;1366.0
S0002202;08.10.2024;V0043;HAD;Hyse;07;Storegga-Frøyabanken;LLS;1622.6
S0002203;07.10.2024;V0022;POK;Sei;07;Storegga-Frøyabanken;DAN;2469.1
S0002204;08.10.2024;V0039;POK;Sei;07;Storegga-Frøyabanken;LLS;3000.9
S0002205;09.10.2024;V0008;POK;Sei;07;Storegga-Frøyabanken;OTB;3559.4
S0002206;12.10.2024;V0007;COD;Torsk;08;Eigersundbanken;GN;1904.7
S0002207;07.10.2024;V0024;COD;Torsk;08;Eigersundbanken;DAN;2317.1
S0002208;08.10.2024;V0041;COD;Torsk;08;Eigersundbanken;LLS;2750.7
S0002209;07.10.2024;V0020;HAD;Hyse;08;Eigersundbanken;DAN;1058.0
S0002210;08.10.2024;V0037;HAD;Hyse;08;Eigersundbanken;LLS;1285.1
S0002211;09.10.2024;V0006;HAD;Hyse;08;Eigersundbanken;OTB;1523.5
S0002212;08.10.2024;V0033;POK;Sei;08;Eigersundbanken;LLS;2319.7
S0002213;09.10.2024;V0002;POK;Sei;08;Eigersundbanken;OTB;2814.0
S0002214;10.10.2024;V0019;POK;Sei;08;Eigersundbanken;GN;2653.6
S0002215;14.10.2024;V0007;COD;Torsk;03;Øst-Finnmark;GN;2815.8
S0002216;15.10.2024;V0024;COD;Torsk;03;Øst-Finnmark;DAN;3418.5
S0002217;16.10.2024;V0041;COD;Torsk;03;Øst-Finnmark;LLS;4050.4
S0002218;15.10.2024;V0020;HAD;Hyse;03;Øst-Finnmark;DAN;1514.3
S0002219;16.10.2024;V0037;HAD;Hyse;03;Øst-Finnmark;LLS;1459.0
S0002220;17.10.2024;V0006;HAD;Hyse;03;Øst-Finnmark;OTB;1738.2
S0002221;16.10.2024;V0033;POK;Sei;03;Øst-Finnmark;LLS;2431.1
S0002222;17.10.2024;V0002;POK;Sei;03;Øst-Finnmark;OTB;2963.3
S0002223;18.10.2024;V0019;POK;Sei;03;Øst-Finnmark;GN;3524.3
S0002224;15.10.2024;V0018;COD;Torsk;04;Vest-Finnmark;DAN;2884.2
S0002225;16.10.2024;V0035;COD;Torsk;04;Vest-Finnmark;LLS;3519.4
S0002226;17.10.2024;V0004;COD;Torsk;04;Vest-Finnmark;OTB;4189.9
S0002227;16.10.2024;V0031;HAD;Hyse;04;Vest-Finnmark;LLS;1564.0
S0002228;17.10.2024;V0048;HAD;Hyse;04;Vest-Finnmark;OTB;1905.0
S0002229;18.10.2024;V0017;HAD;Hyse;04;Vest-Finnmark;GN;2264.3
S0002230;17.10.2024;V0044;POK;Sei;04;Vest-Finnmark;OTB;3169.3
S0002231;18.10.2024;V0013;POK;Sei;4;Vest-Finnmark;GN;3854.3
S0002232;19.10.2024;V0030;POK;Sei;04;Vest-Finnmark;DAN;4574.2
S0002233;16.10.2024;V0029;COD;Torsk;05;Røstbanken til Malangsgrunnen;LLS;2707.5
S0002234;17.10.2024;V0046;COD;Torsk;05;Røstbanken til Malangsgrunnen;OTB;3295.7
S0002235;18.10.2024;V0015;COD;Torsk;05;Røstbanken til Malangsgrunnen;GN;3914.7
S0002236;17.10.2024;V0042;HAD;Hyse;05;Røstbanken til Malangsgrunnen;OTB;1462.4
S0002237;18.10.2024;V0011;HAD;Hyse;05;Røstbanken til Malangsgrunnen;GN;1777.3
S0002238;19.10.2024;V0028;HAD;Hyse;05;Røstbanken til Malangsgrunnen;DAN;2108.1
S0002239;18.10.2024;V0007;POK;Sei;05;Røstbanken til Malangsgrunnen;GN;2952.8
S0002240;19.10.2024;V0024;POK;Sei;05;Røstbanken til Malangsgrunnen;DAN;3583.8
S0002241;14.10.2024;V0041;POK;Sei;05;Røstbanken til Malangsgrunnen;LLS;3365.6
S0002242;17.10.2024;V0040;COD;Torsk;06;Helgelandsbanken;OTB;2616.3
S0002243;18.10.2024;V0009;COD;Torsk;06;Helgelandsbanken;GN;3178.0
S0002244;19.10.2024;V0026;COD;Torsk;06;Helgelandsbanken;DAN;3767.5
S0002245;18.10.2024;V0005;HAD;Hyse;06;Helgelandsbanken;GN;1408.2
S0002246;19.10.2024;V0022;HAD;Hyse;06;Helgelandsbanken;DAN;1708.3
S0002247;14.10.2024;V0039;HAD;Hyse;06;Helgelandsbanken;LLS;1610.9
S0002248;19.10.2024;V0018;POK;Sei;06;Helgelandsbanken;DAN;2252.6
S0002249;14.10.2024;V0035;POK;Sei;06;Helgelandsbanken;LLS;2747.6
S0002249;14.10.2024;V0035;POK;Sei;06;Helgelandsbanken;LLS;2747.6
S0002250;15.10.2024;V0004;POK;Sei;06;Helgelandsbanken;OTB;3270.0
S0002251;18.10.2024;V0003;COD;Torsk;07;Storegga-Frøyabanken;GN;2547.3
S0002252;19.10.2024;V0020;COD;Torsk;07;Storegga-Frøyabanken;DAN;2454.3
S0002253;14.10.2024;V0037;COD;Torsk;07;Storegga-Frøyabanken;LLS;2924.0
S0002254;19.10.2024;V0016;HAD;Hyse;07;Storegga-Frøyabanken;DAN;1091.2
S0002255;14.10.2024;V0033;HAD;Hyse;07;Storegga-Frøyabanken;LLS;1330.1
S0002256;15.10.2024;V0002;HAD;Hyse;07;Storegga-Frøyabanken;OTB;1581.9
S0002257;14.10.2024;V0029;POK;Sei;07;Storegga-Frøyabanken;LLS;2213.8
S0002258;15.10.2024;V0046;POK;Sei;07;Storegga-Frøyabanken;OTB;2693.9
S0002259;16.10.2024;V0015;POK;Sei;07;Storegga-Frøyabanken;GN;3198.9
S0002260;19.10.2024;V0014;COD;Torsk;08;Eigersundbanken;DAN;1908.4
S0002261;14.10.2024;V0031;COD;Torsk;08;Eigersundbanken;LLS;2324.5
S0002262;15.10.2024;V0048;COD;Torsk;08;Eigersundbanken;OTB;2762.8
S0002263;14.10.2024;V0027;HAD;Hyse;08;Eigersundbanken;LLS;1031.8
S0002264;15.10.2024;V0044;HAD;Hyse;08;Eigersundbanken;OTB;1254.8
S0002265;16.10.2024;V0013;HAD;Hyse;08;Eigersundbanken;GN;1489.2
S0002266;15.10.2024;V0040;POK;Sei;08;Eigersundbanken;OTB;2085.5
S0002267;16.10.2024;V0009;POK;Sei;08;Eigersundbanken;GN;2532.6
S0002268;17.10.2024;V0026;POK;Sei;08;Eigersundbanken;DAN;3001.5
S0002269;21.10.2024;V0014;COD;Torsk;03;Øst-Finnmark;DAN;2848.1
S0002270;22.10.2024;V0031;COD;Torsk;03;Øst-Finnmark;LLS;3461.5
S0002271;23.10.2024;V0048;COD;Torsk;03;Øst-Finnmark;OTB;4105.8
S0002272;22.10.2024;V0027;HAD;Hyse;03;Øst-Finnmark;LLS;1487.5
S0002273;23.10.2024;V0044;HAD;Hyse;03;Øst-Finnmark;OTB;1805.3
S0002274;24.10.2024;V0013;HAD;Hyse;03;Øst-Finnmark;GN;1695.4
S0002275;23.10.2024;V0040;POK;Sei;03;Øst-Finnmark;OTB;2751.4
S0002276;24.10.2024;V0009;POK;Sei;03;Øst-Finnmark;GN;2656.4
S0002277;25.10.2024;V0026;POK;Sei;03;Øst-Finnmark;DAN;3163.6
S0002278;22.10.2024;V0025;COD;Torsk;04;Vest-Finnmark;LLS;3689.0
S0002279;23.10.2024;V0042;COD;Torsk;04;Vest-Finnmark;OTB;4475.1
S0002280;24.10.2024;V0011;COD;Torsk;04;Vest-Finnmark;GN;4219.9
S0002281;23.10.2024;V0038;HAD;Hyse;04;Vest-Finnmark;OTB;1526.2
S0002282;24.10.2024;V0007;HAD;Hyse;04;Vest-Finnmark;GN;1861.7
S0002283;25.10.2024;V0024;HAD;Hyse;04;Vest-Finnmark;DAN;2215.6
S0002284;24.10.2024;V0003;POK;Sei;04;Vest-Finnmark;GN;2846.2
S0002285;25.10.2024;V0020;POK;Sei;04;Vest-Finnmark;DAN;3465.7
S0002286;26.10.2024;V0037;POK;Sei;04;Vest-Finnmark;LLS;4117.9
S0002287;23.10.2024;V0036;COD;Torsk;05;Røstbanken til Malangsgrunnen;OTB;2728.1
S0002288;24.10.2024;V0005;COD;Torsk;05;Røstbanken til Malangsgrunnen;GN;3325.3
S0002289;25.10.2024;V0022;COD;Torsk;05;Røstbanken til Malangsgrunnen;DAN;3954.9
S0002290;24.10.2024;V0001;HAD;Hyse;05;Røstbanken til Malangsgrunnen;GN;1431.5
S0002291;25.10.2024;V0018;HAD;Hyse;05;Røstbanken til Malangsgrunnen;DAN;1742.0
S0002292;26.10.2024;V0035;HAD;Hyse;05;Røstbanken til Malangsgrunnen;LLS;2068.6
S0002293;25.10.2024;V0014;POK;Sei;05;Røstbanken til Malangsgrunnen;DAN;2659.2
S0002294;26.10.2024;V0031;POK;Sei;05;Røstbanken til Malangsgrunnen;LLS;3231.1
S0002295;21.10.2024;V0048;POK;Sei;05;Røstbanken til Malangsgrunnen;OTB;3831.4
S0002296;24.10.2024;V0047;COD;Torsk;06;Helgelandsbanken;GN;2644.2
S0002297;25.10.2024;V0016;COD;Torsk;06;Helgelandsbanken;DAN;3215.7
S0002298;26.10.2024;V0033;COD;Torsk;06;Helgelandsbanken;LLS;3816.3
S0002299;25.10.2024;V0012;HAD;Hyse;06;Helgelandsbanken;DAN;1382.3
S0002300;26.10.2024;V0029;HAD;Hyse;06;Helgelandsbanken;LLS;1678.7
S0002301;21.10.2024;V0046;HAD;Hyse;06;Helgelandsbanken;OTB;1989.5
S0002302;26.10.2024;V0025;POK;Sei;06;Helgelandsbanken;LLS;2559.2
S0002303;21.10.2024;V0042;POK;Sei;06;Helgelandsbanken;OTB;2460.6
S0002304;22.10.2024;V0011;POK;Sei;06;Helgelandsbanken;GN;2932.7
S0002305;25.10.2024;V0010;COD;Torsk;07;Storegga-Frøyabanken;DAN;2581.2
S0002306;26.10.2024;V0027;COD;Torsk;07;Storegga-Frøyabanken;LLS;3132.9
S0002307;21.10.2024;V0044;COD;Torsk;07;Storegga-Frøyabanken;OTB;2942.1
S0002308;26.10.2024;V0023;HAD;Hyse;07;Storegga-Frøyabanken;LLS;1345.0
S0002309;21.10.2024;V0040;HAD;Hyse;07;Storegga-Frøyabanken;OTB;1298.6
S0002310;22.10.2024;V0009;HAD;Hyse;07;Storegga-Frøyabanken;GN;1546.6
S0002311;21.10.2024;V0036;POK;Sei;07;Storegga-Frøyabanken;OTB;1986.3
S0002312;22.10.2024;V0005;POK;Sei;07;Storegga-Frøyabanken;GN;2420.2
S0002313;23.10.2024;V0022;POK;Sei;07;Storegga-Frøyabanken;DAN;2877.5
S0002314;26.10.2024;V0021;COD;Torsk;08;Eigersundbanken;LLS;1921.1
S0002315;21.10.2024;V0038;COD;Torsk;08;Eigersundbanken;OTB;2343.3
S0002316;22.10.2024;V0007;COD;Torsk;08;Eigersundbanken;GN;2788.8
S0002317;21.10.2024;V0034;HAD;Hyse;08;Eigersundbanken;OTB;1009.2
S0002318;22.10.2024;V0003;HAD;Hyse;08;Eigersundbanken;GN;1228.9
S0002319;23.10.2024;V0020;HAD;Hyse;08;Eigersundbanken;DAN;1460.2
S0002320;22.10.2024;V0047;POK;Sei;08;Eigersundbanken;GN;1876.7
S0002321;23.10.2024;V0016;POK;Sei;08;Eigersundbanken;DAN;
S0002322;24.10.2024;V0033;POK;Sei;08;Eigersundbanken;LLS;2707.1
S0002323;28.10.2024;V0021;COD;Torsk;03;Øst-Finnmark;LLS;2893.7
S0002324;29.10.2024;V0038;COD;Torsk;03;Øst-Finnmark;OTB;3521.3
S0002325;30.10.2024;V0007;COD;Torsk;03;Øst-Finnmark;GN;4181.4
S0002326;29.10.2024;V0034;HAD;Hyse;03;Øst-Finnmark;OTB;1466.7
S0002327;30.10.2024;V0003;HAD;Hyse;03;Øst-Finnmark;GN;1782.2
S0002328;31.10.2024;V0020;HAD;Hyse;3;Øst-Finnmark;DAN;2113.3
S0002329;30.10.2024;V0047;POK;Sei;03;Øst-Finnmark;GN;2492.2
S0002330;31.10.2024;V0016;POK;Sei;03;Øst-Finnmark;DAN;3024.0
S0002331;01.11.2024;V0033;POK;Sei;03;Øst-Finnmark;LLS;2845.8
S0002332;29.10.2024;V0032;COD;Torsk;04;Vest-Finnmark;OTB;3758.3
S0002333;30.10.2024;V0001;COD;Torsk;04;Vest-Finnmark;GN;4564.0
S0002334;31.10.2024;V0018;COD;Torsk;04;Vest-Finnmark;DAN;5409.0
S0002335;30.10.2024;V0045;HAD;Hyse;04;Vest-Finnmark;GN;1898.6
S0002336;31.10.2024;V0014;HAD;Hyse;04;Vest-Finnmark;DAN;1825.5
S0002337;01.11.2024;V0031;HAD;Hyse;04;Vest-Finnmark;LLS;2175.6
S0002338;31.10.2024;V0010;POK;Sei;04;Vest-Finnmark;DAN;2561.5
S0002339;01.11.2024;V0027;POK;Sei;04;Vest-Finnmark;LLS;3123.3
S0002340;02.11.2024;V0044;POK;Sei;04;Vest-Finnmark;OTB;3715.9
S0002341;30.10.2024;V0043;COD;Torsk;05;Røstbanken til Malangsgrunnen;GN;3490.2
S0002342;31.10.2024;V0012;COD;Torsk;05;Røstbanken til Malangsgrunnen;DAN;3369.6
S0002343;01.11.2024;V0029;COD;Torsk;05;Røstbanken til Malangsgrunnen;LLS;4013.1
S0002344;31.10.2024;V0008;HAD;Hyse;05;Røstbanken til Malangsgrunnen;DAN;1406.4
S0002345;01.11.2024;V0025;HAD;Hyse;05;Røstbanken til Malangsgrunnen;LLS;1713.6
S0002346;02.11.2024;V0042;HAD;Hyse;05;Røstbanken til Malangsgrunnen;OTB;2037.4
S0002347;01.11.2024;V0021;POK;Sei;05;Røstbanken til Malangsgrunnen;LLS;2400.6
S0002348;02.11.2024;V0038;POK;Sei;05;Røstbanken til Malangsgrunnen;OTB;2920.3
S0002349;28.10.2024;V0007;POK;Sei;05;Røstbanken til Malangsgrunnen;GN;3466.8
S0002350;31.10.2024;V0006;COD;Torsk;06;Helgelandsbanken;DAN;2684.3
S0002351;01.11.2024;V0023;COD;Torsk;06;Helgelandsbanken;LLS;3268.5
S0002352;02.11.2024;V0040;COD;Torsk;06;Helgelandsbanken;OTB;3883.6
S0002353;01.11.2024;V0019;HAD;Hyse;06;Helgelandsbanken;LLS;1362.0
S0002354;02.11.2024;V0036;HAD;Hyse;06;Helgelandsbanken;OTB;1655.9
S0002355;28.10.2024;V0005;HAD;Hyse;06;Helgelandsbanken;GN;1964.6
S0002356;02.11.2024;V0032;POK;Sei;06;Helgelandsbanken;OTB;2316.5
S0002357;28.10.2024;V0001;POK;Sei;06;Helgelandsbanken;GN;2812.3
S0002358;29.10.2024;V0018;POK;Sei;06;Helgelandsbanken;DAN;3332.2
S0002359;01.11.2024;V0017;COD;Torsk;07;Storegga-Frøyabanken;LLS;2627.8
S0002360;02.11.2024;V0034;COD;Torsk;07;Storegga-Frøyabanken;OTB;3192.9
S0002361;28.10.2024;V0003;COD;Torsk;07;Storegga-Frøyabanken;GN;3786.1
S0002362;02.11.2024;V0030;HAD;Hyse;07;Storegga-Frøyabanken;OTB;1328.7
S0002363;28.10.2024;V0047;HAD;Hyse;07;Storegga-Frøyabanken;GN;1612.2
S0002364;29.10.2024;V0016;HAD;Hyse;07;Storegga-Frøyabanken;DAN;1517.2
S0002365;28.10.2024;V0043;POK;Sei;07;Storegga-Frøyabanken;GN;1785.9
S0002366;29.10.2024;V0012;POK;Sei;07;Storegga-Frøyabanken;DAN;2179.2
S0002367;30.10.2024;V0029;POK;Sei;07;Storegga-Frøyabanken;LLS;2594.4
S0002368;02.11.2024;V0028;COD;Torsk;08;Eigersundbanken;OTB;2467.2
S0002369;28.10.2024;V0045;COD;Torsk;08;Eigersundbanken;GN;2372.2
S0002370;29.10.2024;V0014;COD;Torsk;08;Eigersundbanken;DAN;2827.3
S0002371;28.10.2024;V0041;HAD;Hyse;08;Eigersundbanken;GN;990.6
S0002372;29.10.2024;V0010;HAD;Hyse;08;Eigersundbanken;DAN;1207.8
S0002373;30.10.2024;V0027;HAD;Hyse;08;Eigersundbanken;LLS;1437.0
S0002374;29.10.2024;V0006;POK;Sei;08;Eigersundbanken;DAN;1692.8
S0002375;30.10.2024;V0023;POK;Sei;08;Eigersundbanken;LLS;2060.6
S0002376;31.10.2024;V0040;POK;Sei;08;Eigersundbanken;OTB;2447.6
S0002377;04.11.2024;V0028;COD;Torsk;03;Øst-Finnmark;OTB;2950.2
S0002378;05.11.2024;V0045;COD;Torsk;03;Øst-Finnmark;GN;3594.8
S0002379;06.11.2024;V0014;COD;Torsk;03;Øst-Finnmark;DAN;4274.0
S0002380;05.11.2024;V0041;HAD;Hyse;03;Øst-Finnmark;GN;1452.7
S0002381;06.11.2024;V0010;HAD;Hyse;03;Øst-Finnmark;DAN;1767.2
S0002382;07.11.2024;V0027;HAD;Hyse;03;Øst-Finnmark;LLS;2097.9
S0002383;06.11.2024;V0006;POK;Sei;03;Øst-Finnmark;DAN;2265.9
S0002384;07.11.2024;V0023;POK;Sei;03;Øst-Finnmark;LLS;2752.4
S0002385;08.11.2024;V0040;POK;Sei;03;Øst-Finnmark;OTB;3262.9
S0002386;05.11.2024;V0039;COD;Torsk;04;Vest-Finnmark;GN;3843.0
S0002387;06.11.2024;V0008;COD;Torsk;04;Vest-Finnmark;DAN;4672.2
S0002388;07.11.2024;V0025;COD;Torsk;04;Vest-Finnmark;LLS;5543.3
S0002389;06.11.2024;V0004;HAD;Hyse;04;Vest-Finnmark;DAN;1885.5
S0002390;07.11.2024;V0021;HAD;Hyse;04;Vest-Finnmark;LLS;2289.0
S0002391;08.11.2024;V0038;HAD;Hyse;04;Vest-Finnmark;OTB;2712.2
S0002392;07.11.2024;V0017;POK;Sei;04;Vest-Finnmark;LLS;2931.2
S0002393;08.11.2024;V0034;POK;Sei;04;Vest-Finnmark;OTB;2824.2
S0002394;09.11.2024;V0003;POK;Sei;04;Vest-Finnmark;GN;3364.7
S0002395;06.11.2024;V0002;COD;Torsk;05;Røstbanken til Malangsgrunnen;DAN;3578.1
S0002396;07.11.2024;V0019;COD;Torsk;05;Røstbanken til Malangsgrunnen;LLS;4341.6
S0002397;08.11.2024;V0036;COD;Torsk;05;Røstbanken til Malangsgrunnen;OTB;4085.7
S0002398;07.11.2024;V0015;HAD;Hyse;05;Røstbanken til Malangsgrunnen;LLS;1387.3
S0002399;08.11.2024;V0032;HAD;Hyse;05;Røstbanken til Malangsgrunnen;OTB;1692.8
S0002400;09.11.2024;V0001;HAD;Hyse;05;Røstbanken til Malangsgrunnen;GN;2015.4
S0002401;08.11.2024;V0028;POK;Sei;05;Røstbanken til Malangsgrunnen;OTB;2174.7
S0002402;09.11.2024;V0045;POK;Sei;05;Røstbanken til Malangsgrunnen;GN;2649.0
S0002403;04.11.2024;V0014;POK;Sei;05;Røstbanken til Malangsgrunnen;DAN;3148.4
S0002404;07.11.2024;V0013;COD;Torsk;06;Helgelandsbanken;LLS;2734.2
S0002405;08.11.2024;V0030;COD;Torsk;06;Helgelandsbanken;OTB;3333.9
S0002406;09.11.2024;V0047;COD;Torsk;06;Helgelandsbanken;GN;3966.4
S0002407;08.11.2024;V0026;HAD;Hyse;06;Helgelandsbanken;OTB;1347.9
S0002408;09.11.2024;V0043;HAD;Hyse;06;Helgelandsbanken;GN;1640.7
S0002409;04.11.2024;V0012;HAD;Hyse;06;Helgelandsbanken;DAN;1948.9
S0002410;09.11.2024;V0039;POK;Sei;06;Helgelandsbanken;GN;2104.6
S0002411;04.11.2024;V0008;POK;Sei;06;Helgelandsbanken;DAN;2557.9
S0002412;05.11.2024;V0025;POK;Sei;06;Helgelandsbanken;LLS;3033.9
S0002413;08.11.2024;V0024;COD;Torsk;07;Storegga-Frøyabanken;OTB;2684.9
S0002414;09.11.2024;V0041;COD;Torsk;07;Storegga-Frøyabanken;GN;3266.2
S0002415;04.11.2024;V0010;COD;Torsk;07;Storegga-Frøyabanken;DAN;3877.3
S0002416;09.11.2024;V0037;HAD;Hyse;07;Storegga-Frøyabanken;GN;1318.6
S0002417;04.11.2024;V0006;HAD;Hyse;07;Storegga-Frøyabanken;DAN;1601.7
S0002418;05.11.2024;V0023;HAD;Hyse;07;Storegga-Frøyabanken;LLS;1898.7
S0002419;04.11.2024;V0002;POK;Sei;07;Storegga-Frøyabanken;DAN;2051.7
S0002420;05.11.2024;V0019;POK;Sei;07;Storegga-Frøyabanken;LLS;2488.9
S0002421;06.11.2024;V0036;POK;Sei;07;Storegga-Frøyabanken;OTB;2347.0
S0002422;09.11.2024;V0035;COD;Torsk;08;Eigersundbanken;GN;2527.6
S0002422;09.11.2024;V0035;COD;Torsk;08;Eigersundbanken;GN;2527.6
S0002423;04.11.2024;V0004;COD;Torsk;08;Eigersundbanken;DAN;3068.6
S0002424;05.11.2024;V0021;COD;Torsk;08;Eigersundbanken;LLS;3635.9
S0002425;04.11.2024;V0048;HAD;Hyse;8;Eigersundbanken;DAN;1237.2
S0002426;05.11.2024;V0017;HAD;Hyse;08;Eigersundbanken;LLS;1192.0
S0002427;06.11.2024;V0034;HAD;Hyse;08;Eigersundbanken;OTB;1420.2
S0002428;05.11.2024;V0013;POK;Sei;08;Eigersundbanken;LLS;1532.1
S0002429;06.11.2024;V0030;POK;Sei;08;Eigersundbanken;OTB;1867.5
S0002430;07.11.2024;V0047;POK;Sei;08;Eigersundbanken;GN;2221.1
S0002431;11.11.2024;V0035;COD;Torsk;03;Øst-Finnmark;GN;3014.1
S0002432;12.11.2024;V0004;COD;Torsk;03;Øst-Finnmark;DAN;3677.9
S0002433;13.11.2024;V0021;COD;Torsk;03;Øst-Finnmark;LLS;4378.6
S0002434;12.11.2024;V0048;HAD;Hyse;03;Øst-Finnmark;DAN;1445.7
S0002435;13.11.2024;V0017;HAD;Hyse;03;Øst-Finnmark;LLS;1761.0
S0002436;14.11.2024;V0034;HAD;Hyse;03;Øst-Finnmark;OTB;2093.0
S0002437;13.11.2024;V0013;POK;Sei;03;Øst-Finnmark;LLS;2069.6
S0002438;14.11.2024;V0030;POK;Sei;03;Øst-Finnmark;OTB;2516.9
S0002439;15.11.2024;V0047;POK;Sei;03;Øst-Finnmark;GN;2987.0
S0002440;12.11.2024;V0046;COD;Torsk;04;Vest-Finnmark;DAN;3938.9
S0002441;13.11.2024;V0015;COD;Torsk;04;Vest-Finnmark;LLS;4794.6
S0002442;14.11.2024;V0032;COD;Torsk;04;Vest-Finnmark;OTB;5695.2
S0002443;13.11.2024;V0011;HAD;Hyse;04;Vest-Finnmark;LLS;1881.8
S0002444;14.11.2024;V0028;HAD;Hyse;04;Vest-Finnmark;OTB;2287.2
S0002445;15.11.2024;V0045;HAD;Hyse;04;Vest-Finnmark;GN;2712.8
S0002446;14.11.2024;V0024;POK;Sei;04;Vest-Finnmark;OTB;2684.3
S0002447;15.11.2024;V0041;POK;Sei;04;Vest-Finnmark;GN;3257.9
S0002448;16.11.2024;V0010;POK;Sei;04;Vest-Finnmark;DAN;3059.5
S0002449;13.11.2024;V0009;COD;Torsk;05;Røstbanken til Malangsgrunnen;LLS;3677.5
S0002450;14.11.2024;V0026;COD;Torsk;05;Røstbanken til Malangsgrunnen;OTB;4467.0
S0002451;15.11.2024;V0043;COD;Torsk;05;Røstbanken til Malangsgrunnen;GN;5295.6
S0002452;14.11.2024;V0022;HAD;Hyse;05;Røstbanken til Malangsgrunnen;OTB;1750.9
S0002453;15.11.2024;V0039;HAD;Hyse;05;Røstbanken til Malangsgrunnen;GN;2124.0
S0002454;16.11.2024;V0008;HAD;Hyse;05;Røstbanken til Malangsgrunnen;DAN;2002.9
S0002455;15.11.2024;V0035;POK;Sei;05;Røstbanken til Malangsgrunnen;GN;1978.5
S0002456;16.11.2024;V0004;POK;Sei;05;Røstbanken til Malangsgrunnen;DAN;2413.3
S0002457;11.11.2024;V0021;POK;Sei;05;Røstbanken til Malangsgrunnen;LLS;2872.1
S0002458;14.11.2024;V0020;COD;Torsk;06;Helgelandsbanken;OTB;3536.9
S0002459;15.11.2024;V0037;COD;Torsk;06;Helgelandsbanken;GN;3407.7
S0002460;16.11.2024;V0006;COD;Torsk;06;Helgelandsbanken;DAN;4059.9
S0002461;15.11.2024;V0033;HAD;Hyse;06;Helgelandsbanken;GN;1340.2
S0002462;16.11.2024;V0002;HAD;Hyse;06;Helgelandsbanken;DAN;1633.5
S0002463;11.11.2024;V0019;HAD;Hyse;06;Helgelandsbanken;LLS;1942.8
S0002464;16.11.2024;V0046;POK;Sei;06;Helgelandsbanken;DAN;1920.7
S0002465;11.11.2024;V0015;POK;Sei;06;Helgelandsbanken;LLS;2337.2
S0002466;12.11.2024;V0032;POK;Sei;06;Helgelandsbanken;OTB;2775.4
S0002467;15.11.2024;V0031;COD;Torsk;07;Storegga-Frøyabanken;GN;2749.5
S0002468;16.11.2024;V0048;COD;Torsk;07;Storegga-Frøyabanken;DAN;3349.0
S0002469;11.11.2024;V0017;COD;Torsk;07;Storegga-Frøyabanken;LLS;3980.5
S0002470;16.11.2024;V0044;HAD;Hyse;07;Storegga-Frøyabanken;DAN;1315.0
S0002471;11.11.2024;V0013;HAD;Hyse;07;Storegga-Frøyabanken;LLS;1599.2
S0002472;12.11.2024;V0030;HAD;Hyse;07;Storegga-Frøyabanken;OTB;1897.9
S0002473;11.11.2024;V0009;POK;Sei;07;Storegga-Frøyabanken;LLS;1877.5
S0002474;12.11.2024;V0026;POK;Sei;07;Storegga-Frøyabanken;OTB;2280.0
S0002475;13.11.2024;V0043;POK;Sei;07;Storegga-Frøyabanken;GN;2702.2
S0002476;16.11.2024;V0042;COD;Torsk;08;Eigersundbanken;DAN;2595.9
S0002477;11.11.2024;V0011;COD;Torsk;08;Eigersundbanken;LLS;3155.0
S0002478;12.11.2024;V0028;COD;Torsk;08;Eigersundbanken;OTB;3742.2
S0002479;11.11.2024;V0007;HAD;Hyse;08;Eigersundbanken;LLS;1237.1
S0002480;12.11.2024;V0024;HAD;Hyse;08;Eigersundbanken;OTB;1501.5
S0002481;13.11.2024;V0041;HAD;Hyse;08;Eigersundbanken;GN;1410.0
S0002482;12.11.2024;V0020;POK;Sei;08;Eigersundbanken;OTB;1760.6
S0002483;13.11.2024;V0037;POK;Sei;08;Eigersundbanken;GN;1699.8
S0002484;14.11.2024;V0006;POK;Sei;08;Eigersundbanken;DAN;2024.4
S0002485;18.11.2024;V0042;COD;Torsk;03;Øst-Finnmark;DAN;3924.0
S0002486;19.11.2024;V0011;COD;Torsk;03;Øst-Finnmark;LLS;4760.2
S0002487;20.11.2024;V0028;COD;Torsk;03;Øst-Finnmark;OTB;4488.8
S0002488;19.11.2024;V0007;HAD;Hyse;03;Øst-Finnmark;LLS;1445.8
S0002489;20.11.2024;V0024;HAD;Hyse;03;Øst-Finnmark;OTB;1763.5
S0002490;21.11.2024;V0041;HAD;Hyse;03;Øst-Finnmark;GN;2098.8
S0002491;20.11.2024;V0020;POK;Sei;03;Øst-Finnmark;OTB;1899.7
S0002492;21.11.2024;V0037;POK;Sei;03;Øst-Finnmark;GN;2313.1
S0002493;22.11.2024;V0006;POK;Sei;03;Øst-Finnmark;DAN;2748.4
S0002494;19.11.2024;V0005;COD;Torsk;04;Vest-Finnmark;LLS;4039.9
S0002495;20.11.2024;V0022;COD;Torsk;04;Vest-Finnmark;OTB;4924.2
S0002496;21.11.2024;V0039;COD;Torsk;04;Vest-Finnmark;GN;5856.5
S0002497;20.11.2024;V0018;HAD;Hyse;04;Vest-Finnmark;OTB;1887.8
S0002498;21.11.2024;V0035;HAD;Hyse;04;Vest-Finnmark;GN;2297.3
S0002499;22.11.2024;V0004;HAD;Hyse;04;Vest-Finnmark;DAN;2727.9
S0002500;21.11.2024;V0031;POK;Sei;04;Vest-Finnmark;GN;2470.8
S0002501;22.11.2024;V0048;POK;Sei;04;Vest-Finnmark;DAN;3002.2
S0002502;23.11.2024;V0017;POK;Sei;04;Vest-Finnmark;LLS;3559.9
S0002503;20.11.2024;V0016;COD;Torsk;05;Røstbanken til Malangsgrunnen;OTB;3783.1
S0002504;21.11.2024;V0033;COD;Torsk;05;Røstbanken til Malangsgrunnen;GN;4600.8
S0002505;22.11.2024;V0002;COD;Torsk;05;Røstbanken til Malangsgrunnen;DAN;5460.1
S0002506;21.11.2024;V0029;HAD;Hyse;05;Røstbanken til Malangsgrunnen;GN;1761.3
S0002507;22.11.2024;V0046;HAD;Hyse;05;Røstbanken til Malangsgrunnen;DAN;2138.9
S0002508;23.11.2024;V0015;HAD;Hyse;05;Røstbanken til Malangsgrunnen;LLS;2534.9
S0002509;22.11.2024;V0042;POK;Sei;05;Røstbanken til Malangsgrunnen;DAN;2297.5
S0002510;23.11.2024;V0011;POK;Sei;05;Røstbanken til Malangsgrunnen;LLS;2209.0
S0002511;18.11.2024;V0028;POK;Sei;05;Røstbanken til Malangsgrunnen;OTB;2632.7
S0002512;21.11.2024;V0027;COD;Torsk;06;Helgelandsbanken;GN;3648.0
S0002513;22.11.2024;V0044;COD;Torsk;06;Helgelandsbanken;DAN;4427.7
S0002514;23.11.2024;V0013;COD;Torsk;06;Helgelandsbanken;LLS;4158.1
S0002515;22.11.2024;V0040;HAD;Hyse;06;Helgelandsbanken;DAN;1692.9
S0002516;23.11.2024;V0009;HAD;Hyse;06;Helgelandsbanken;LLS;1634.4
S0002517;18.11.2024;V0026;HAD;Hyse;06;Helgelandsbanken;OTB;1946.5
S0002518;23.11.2024;V0005;POK;Sei;06;Helgelandsbanken;LLS;1761.4
S0002519;18.11.2024;V0022;POK;Sei;06;Helgelandsbanken;OTB;2146.2
S0002520;19.11.2024;V0039;POK;Sei;06;Helgelandsbanken;GN;2551.7
S0002521;22.11.2024;V0038;COD;Torsk;07;Storegga-Frøyabanken;DAN;2817.3
S0002522;23.11.2024;V0007;COD;Torsk;7;Storegga-Frøyabanken;LLS;3436.4
S0002523;18.11.2024;V0024;COD;Torsk;07;Storegga-Frøyabanken;OTB;4089.8
S0002524;23.11.2024;V0003;HAD;Hyse;07;Storegga-Frøyabanken;LLS;1318.1
S0002525;18.11.2024;V0020;HAD;Hyse;07;Storegga-Frøyabanken;OTB;1605.0
S0002526;19.11.2024;V0037;HAD;Hyse;07;Storegga-Frøyabanken;GN;1907.0
S0002527;18.11.2024;V0016;POK;Sei;07;Storegga-Frøyabanken;OTB;1726.9
S0002528;19.11.2024;V0033;POK;Sei;07;Storegga-Frøyabanken;GN;2099.5
S0002529;20.11.2024;V0002;POK;Sei;07;Storegga-Frøyabanken;DAN;2490.9
S0002530;23.11.2024;V0001;COD;Torsk;08;Eigersundbanken;LLS;2668.3
S0002531;18.11.2024;V0018;COD;Torsk;08;Eigersundbanken;OTB;3247.0
S0002532;19.11.2024;V0035;COD;Torsk;08;Eigersundbanken;GN;
S0002533;18.11.2024;V0014;HAD;Hyse;08;Eigersundbanken;OTB;1243.5
S0002534;19.11.2024;V0031;HAD;Hyse;08;Eigersundbanken;GN;1510.9
S0002535;20.11.2024;V0048;HAD;Hyse;08;Eigersundbanken;DAN;1791.6
S0002536;19.11.2024;V0027;POK;Sei;08;Eigersundbanken;GN;1623.5
S0002537;20.11.2024;V0044;POK;Sei;08;Eigersundbanken;DAN;1970.0
S0002538;21.11.2024;V0013;POK;Sei;08;Eigersundbanken;LLS;1853.9
S0002539;25.11.2024;V0001;COD;Torsk;03;Øst-Finnmark;LLS;4047.8
S0002540;26.11.2024;V0018;COD;Torsk;03;Øst-Finnmark;OTB;4915.5
S0002541;27.11.2024;V0035;COD;Torsk;03;Øst-Finnmark;GN;5825.7
S0002542;26.11.2024;V0014;HAD;Hyse;03;Øst-Finnmark;OTB;1845.5
S0002543;27.11.2024;V0031;HAD;Hyse;03;Øst-Finnmark;GN;1774.5
S0002544;28.11.2024;V0048;HAD;Hyse;03;Øst-Finnmark;DAN;2114.9
S0002545;27.11.2024;V0027;POK;Sei;03;Øst-Finnmark;GN;1752.2
S0002546;28.11.2024;V0044;POK;Sei;03;Øst-Finnmark;DAN;2136.6
S0002547;29.11.2024;V0013;POK;Sei;03;Øst-Finnmark;LLS;2541.9
S0002548;26.11.2024;V0012;COD;Torsk;04;Vest-Finnmark;OTB;5233.0
S0002549;27.11.2024;V0029;COD;Torsk;04;Vest-Finnmark;GN;5052.2
S0002550;28.11.2024;V0046;COD;Torsk;04;Vest-Finnmark;DAN;6017.0
S0002551;27.11.2024;V0025;HAD;Hyse;04;Vest-Finnmark;GN;1903.1
S0002552;28.11.2024;V0042;HAD;Hyse;04;Vest-Finnmark;DAN;2318.9
S0002553;29.11.2024;V0011;HAD;Hyse;04;Vest-Finnmark;LLS;2757.0
S0002554;28.11.2024;V0038;POK;Sei;04;Vest-Finnmark;DAN;2286.1
S0002555;29.11.2024;V0007;POK;Sei;04;Vest-Finnmark;LLS;2781.0
S0002556;30.11.2024;V0024;POK;Sei;04;Vest-Finnmark;OTB;3301.4
S0002557;27.11.2024;V0023;COD;Torsk;05;Røstbanken til Malangsgrunnen;GN;3888.5
S0002558;28.11.2024;V0040;COD;Torsk;05;Røstbanken til Malangsgrunnen;DAN;4734.9
S0002559;29.11.2024;V0009;COD;Torsk;05;Røstbanken til Malangsgrunnen;LLS;5626.0
S0002560;28.11.2024;V0036;HAD;Hyse;05;Røstbanken til Malangsgrunnen;DAN;1780.8
S0002561;29.11.2024;V0005;HAD;Hyse;05;Røstbanken til Malangsgrunnen;LLS;2165.0
S0002562;30.11.2024;V0022;HAD;Hyse;05;Røstbanken til Malangsgrunnen;OTB;2568.7
S0002563;29.11.2024;V0001;POK;Sei;05;Røstbanken til Malangsgrunnen;LLS;2131.4
S0002564;30.11.2024;V0018;POK;Sei;05;Røstbanken til Malangsgrunnen;OTB;2587.6
S0002565;25.11.2024;V0035;POK;Sei;05;Røstbanken til Malangsgrunnen;GN;3065.9
S0002566;28.11.2024;V0034;COD;Torsk;06;Helgelandsbanken;DAN;3760.3
S0002567;29.11.2024;V0003;COD;Torsk;06;Helgelandsbanken;LLS;4569.0
S0002568;30.11.2024;V0020;COD;Torsk;06;Helgelandsbanken;OTB;5417.8
S0002569;29.11.2024;V0047;HAD;Hyse;06;Helgelandsbanken;LLS;1716.0
S0002570;30.11.2024;V0016;HAD;Hyse;06;Helgelandsbanken;OTB;2082.2
S0002571;25.11.2024;V0033;HAD;Hyse;06;Helgelandsbanken;GN;1959.5
S0002572;30.11.2024;V0012;POK;Sei;06;Helgelandsbanken;OTB;1623.1
S0002573;25.11.2024;V0029;POK;Sei;06;Helgelandsbanken;GN;1980.6
S0002574;26.11.2024;V0046;POK;Sei;06;Helgelandsbanken;DAN;2358.0
S0002575;29.11.2024;V0045;COD;Torsk;07;Storegga-Frøyabanken;LLS;3663.5
S0002576;30.11.2024;V0014;COD;Torsk;07;Storegga-Frøyabanken;OTB;3522.4
S0002577;25.11.2024;V0031;COD;Torsk;07;Storegga-Frøyabanken;GN;4198.1
S0002578;30.11.2024;V0010;HAD;Hyse;07;Storegga-Frøyabanken;OTB;1327.5
S0002579;25.11.2024;V0027;HAD;Hyse;07;Storegga-Frøyabanken;GN;1618.7
S0002580;26.11.2024;V0044;HAD;Hyse;07;Storegga-Frøyabanken;DAN;1925.8
S0002581;25.11.2024;V0023;POK;Sei;07;Storegga-Frøyabanken;GN;1596.5
S0002582;26.11.2024;V0040;POK;Sei;07;Storegga-Frøyabanken;DAN;1943.3
S0002583;27.11.2024;V0009;POK;Sei;07;Storegga-Frøyabanken;LLS;2308.4
S0002584;30.11.2024;V0008;COD;Torsk;08;Eigersundbanken;OTB;2740.2
S0002585;25.11.2024;V0025;COD;Torsk;08;Eigersundbanken;GN;3338.9
S0002586;26.11.2024;V0042;COD;Torsk;08;Eigersundbanken;DAN;3969.7
S0002587;25.11.2024;V0021;HAD;Hyse;08;Eigersundbanken;GN;1256.3
S0002588;26.11.2024;V0038;HAD;Hyse;08;Eigersundbanken;DAN;1528.2
S0002589;27.11.2024;V0007;HAD;Hyse;08;Eigersundbanken;LLS;1814.2
S0002590;26.11.2024;V0034;POK;Sei;08;Eigersundbanken;DAN;1505.1
S0002591;27.11.2024;V0003;POK;Sei;08;Eigersundbanken;LLS;1828.2
S0002592;28.11.2024;V0020;POK;Sei;08;Eigersundbanken;OTB;2167.3
S0002593;02.12.2024;V0008;COD;Torsk;03;Øst-Finnmark;OTB;4165.5
S0002594;03.12.2024;V0025;COD;Torsk;03;Øst-Finnmark;GN;5064.3
S0002595;04.12.2024;V0042;COD;Torsk;03;Øst-Finnmark;DAN;6008.5
S0002595;04.12.2024;V0042;COD;Torsk;03;Øst-Finnmark;DAN;6008.5
S0002596;03.12.2024;V0021;HAD;Hyse;03;Øst-Finnmark;GN;1880.9
S0002597;04.12.2024;V0038;HAD;Hyse;03;Øst-Finnmark;DAN;2283.5
S0002598;05.12.2024;V0007;HAD;Hyse;03;Øst-Finnmark;LLS;2705.6
S0002599;04.12.2024;V0034;POK;Sei;03;Øst-Finnmark;DAN;2057.8
S0002600;05.12.2024;V0003;POK;Sei;03;Øst-Finnmark;LLS;1982.7
S0002601;06.12.2024;V0020;POK;Sei;03;Øst-Finnmark;OTB;2362.1
S0002602;03.12.2024;V0019;COD;Torsk;04;Vest-Finnmark;GN;5399.0
S0002603;04.12.2024;V0036;COD;Torsk;04;Vest-Finnmark;DAN;6551.2
S0002604;05.12.2024;V0005;COD;Torsk;04;Vest-Finnmark;LLS;6165.1
S0002605;04.12.2024;V0032;HAD;Hyse;04;Vest-Finnmark;DAN;1926.6
S0002606;05.12.2024;V0001;HAD;Hyse;04;Vest-Finnmark;LLS;2350.9
S0002607;06.12.2024;V0018;HAD;Hyse;04;Vest-Finnmark;OTB;2798.8
S0002608;05.12.2024;V0045;POK;Sei;04;Vest-Finnmark;LLS;2125.4
S0002609;06.12.2024;V0014;POK;Sei;04;Vest-Finnmark;OTB;2588.8
S0002610;07.12.2024;V0031;POK;Sei;04;Vest-Finnmark;GN;3077.0
S0002611;04.12.2024;V0030;COD;Torsk;05;Røstbanken til Malangsgrunnen;DAN;3986.2
S0002612;05.12.2024;V0047;COD;Torsk;05;Røstbanken til Malangsgrunnen;LLS;4860.5
S0002613;06.12.2024;V0016;COD;Torsk;05;Røstbanken til Malangsgrunnen;OTB;5782.6
S0002614;05.12.2024;V0043;HAD;Hyse;05;Røstbanken til Malangsgrunnen;LLS;1808.6
S0002615;06.12.2024;V0012;HAD;Hyse;05;Røstbanken til Malangsgrunnen;OTB;2201.5
S0002616;07.12.2024;V0029;HAD;Hyse;05;Røstbanken til Malangsgrunnen;GN;2615.0
S0002617;06.12.2024;V0008;POK;Sei;05;Røstbanken til Malangsgrunnen;OTB;1987.2
S0002618;07.12.2024;V0025;POK;Sei;05;Røstbanken til Malangsgrunnen;GN;2415.3
S0002619;02.12.2024;V0042;POK;Sei;5;Røstbanken til Malangsgrunnen;DAN;2864.8
S0002620;05.12.2024;V0041;COD;Torsk;06;Helgelandsbanken;LLS;3866.6
S0002621;06.12.2024;V0010;COD;Torsk;06;Helgelandsbanken;OTB;4703.7
S0002622;07.12.2024;V0027;COD;Torsk;06;Helgelandsbanken;GN;5583.8
S0002623;06.12.2024;V0006;HAD;Hyse;06;Helgelandsbanken;OTB;1747.6
S0002624;07.12.2024;V0023;HAD;Hyse;06;Helgelandsbanken;GN;2122.9
S0002625;02.12.2024;V0040;HAD;Hyse;06;Helgelandsbanken;DAN;2516.6
S0002626;07.12.2024;V0019;POK;Sei;06;Helgelandsbanken;GN;1913.7
S0002627;02.12.2024;V0036;POK;Sei;06;Helgelandsbanken;DAN;2321.5
S0002628;03.12.2024;V0005;POK;Sei;06;Helgelandsbanken;LLS;2189.2
S0002629;06.12.2024;V0004;COD;Torsk;07;Storegga-Frøyabanken;OTB;3777.1
S0002630;07.12.2024;V0021;COD;Torsk;07;Storegga-Frøyabanken;GN;4585.6
S0002631;02.12.2024;V0038;COD;Torsk;07;Storegga-Frøyabanken;DAN;5433.2
S0002632;07.12.2024;V0017;HAD;Hyse;07;Storegga-Frøyabanken;GN;1701.6
S0002633;02.12.2024;V0034;HAD;Hyse;07;Storegga-Frøyabanken;DAN;1639.4
S0002634;03.12.2024;V0003;HAD;Hyse;07;Storegga-Frøyabanken;LLS;1953.2
S0002635;02.12.2024;V0030;POK;Sei;07;Storegga-Frøyabanken;DAN;1482.9
S0002636;03.12.2024;V0047;POK;Sei;07;Storegga-Frøyabanken;LLS;1807.5
S0002637;04.12.2024;V0016;POK;Sei;07;Storegga-Frøyabanken;OTB;2149.7
S0002638;07.12.2024;V0015;COD;Torsk;08;Eigersundbanken;GN;2806.3
S0002639;02.12.2024;V0032;COD;Torsk;08;Eigersundbanken;DAN;3424.3
S0002640;03.12.2024;V0001;COD;Torsk;08;Eigersundbanken;LLS;4076.7
S0002641;02.12.2024;V0028;HAD;Hyse;08;Eigersundbanken;DAN;1274.7
S0002642;03.12.2024;V0045;HAD;Hyse;08;Eigersundbanken;LLS;1552.7
S0002643;04.12.2024;V0014;HAD;Hyse;08;Eigersundbanken;OTB;1845.5
S0002644;03.12.2024;V0041;POK;Sei;08;Eigersundbanken;LLS;1402.2
S0002645;04.12.2024;V0010;POK;Sei;08;Eigersundbanken;OTB;1705.2
S0002646;05.12.2024;V0027;POK;Sei;08;Eigersundbanken;GN;2023.7
S0002647;09.12.2024;V0015;COD;Torsk;03;Øst-Finnmark;GN;4268.9
S0002648;10.12.2024;V0032;COD;Torsk;03;Øst-Finnmark;DAN;5196.3
S0002649;11.12.2024;V0001;COD;Torsk;03;Øst-Finnmark;LLS;6172.3
S0002650;10.12.2024;V0028;HAD;Hyse;03;Øst-Finnmark;DAN;1924.1
S0002651;11.12.2024;V0045;HAD;Hyse;03;Øst-Finnmark;LLS;2338.5
S0002652;12.12.2024;V0014;HAD;Hyse;03;Øst-Finnmark;OTB;2773.7
S0002653;11.12.2024;V0041;POK;Sei;03;Øst-Finnmark;LLS;1933.7
S0002654;12.12.2024;V0010;POK;Sei;03;Øst-Finnmark;OTB;2347.0
S0002655;13.12.2024;V0027;POK;Sei;03;Øst-Finnmark;GN;2204.0
S0002656;10.12.2024;V0026;COD;Torsk;04;Vest-Finnmark;DAN;5548.4
S0002657;11.12.2024;V0043;COD;Torsk;04;Vest-Finnmark;LLS;6739.6
S0002658;12.12.2024;V0012;COD;Torsk;04;Vest-Finnmark;OTB;7989.6
S0002659;11.12.2024;V0039;HAD;Hyse;04;Vest-Finnmark;LLS;2492.2
S0002660;12.12.2024;V0008;HAD;Hyse;04;Vest-Finnmark;OTB;3023.2
S0002661;13.12.2024;V0025;HAD;Hyse;04;Vest-Finnmark;GN;2850.8
S0002662;12.12.2024;V0004;POK;Sei;04;Vest-Finnmark;OTB;1984.1
S0002663;13.12.2024;V0021;POK;Sei;04;Vest-Finnmark;GN;2420.2
S0002664;14.12.2024;V0038;POK;Sei;04;Vest-Finnmark;DAN;2880.3
S0002665;11.12.2024;V0037;COD;Torsk;05;Røstbanken til Malangsgrunnen;LLS;5155.8
S0002666;12.12.2024;V0006;COD;Torsk;05;Røstbanken til Malangsgrunnen;OTB;4967.5
S0002667;13.12.2024;V0023;COD;Torsk;05;Røstbanken til Malangsgrunnen;GN;5918.2
S0002668;12.12.2024;V0002;HAD;Hyse;05;Røstbanken til Malangsgrunnen;OTB;1843.0
S0002669;13.12.2024;V0019;HAD;Hyse;05;Røstbanken til Malangsgrunnen;GN;2246.5
S0002670;14.12.2024;V0036;HAD;Hyse;05;Røstbanken til Malangsgrunnen;DAN;2671.8
S0002671;13.12.2024;V0015;POK;Sei;05;Røstbanken til Malangsgrunnen;GN;1861.0
S0002672;14.12.2024;V0032;POK;Sei;05;Røstbanken til Malangsgrunnen;DAN;2264.6
S0002673;09.12.2024;V0001;POK;Sei;05;Røstbanken til Malangsgrunnen;LLS;2689.1
S0002674;12.12.2024;V0048;COD;Torsk;06;Helgelandsbanken;OTB;3959.1
S0002675;13.12.2024;V0017;COD;Torsk;06;Helgelandsbanken;GN;4822.4
S0002676;14.12.2024;V0034;COD;Torsk;06;Helgelandsbanken;DAN;5731.7
S0002677;13.12.2024;V0013;HAD;Hyse;06;Helgelandsbanken;GN;1786.3
S0002678;14.12.2024;V0030;HAD;Hyse;06;Helgelandsbanken;DAN;2172.4
S0002679;09.12.2024;V0047;HAD;Hyse;06;Helgelandsbanken;LLS;2578.2
S0002680;14.12.2024;V0026;POK;Sei;06;Helgelandsbanken;DAN;1797.0
S0002681;09.12.2024;V0043;POK;Sei;06;Helgelandsbanken;LLS;2182.3
S0002682;10.12.2024;V0012;POK;Sei;06;Helgelandsbanken;OTB;2586.3
S0002683;13.12.2024;V0011;COD;Torsk;07;Storegga-Frøyabanken;GN;3878.6
S0002684;14.12.2024;V0028;COD;Torsk;07;Storegga-Frøyabanken;DAN;4714.1
S0002685;09.12.2024;V0045;COD;Torsk;07;Storegga-Frøyabanken;LLS;5591.5
S0002686;14.12.2024;V0024;HAD;Hyse;07;Storegga-Frøyabanken;DAN;1743.8
S0002687;09.12.2024;V0041;HAD;Hyse;07;Storegga-Frøyabanken;LLS;2116.5
S0002688;10.12.2024;V0010;HAD;Hyse;07;Storegga-Frøyabanken;OTB;1987.6
S0002689;09.12.2024;V0037;POK;Sei;07;Storegga-Frøyabanken;LLS;1748.6
S0002690;10.12.2024;V0006;POK;Sei;07;Storegga-Frøyabanken;OTB;1688.2
S0002691;11.12.2024;V0023;POK;Sei;07;Storegga-Frøyabanken;GN;2010.5
S0002692;14.12.2024;V0022;COD;Torsk;08;Eigersundbanken;DAN;3644.0
S0002693;09.12.2024;V0039;COD;Torsk;08;Eigersundbanken;LLS;4420.5
S0002694;10.12.2024;V0008;COD;Torsk;08;Eigersundbanken;OTB;4168.5
S0002695;09.12.2024;V0035;HAD;Hyse;08;Eigersundbanken;LLS;1297.8
S0002696;10.12.2024;V0004;HAD;Hyse;08;Eigersundbanken;OTB;1583.1
S0002697;11.12.2024;V0021;HAD;Hyse;08;Eigersundbanken;GN;1884.0
S0002698;10.12.2024;V0048;POK;Sei;08;Eigersundbanken;OTB;1312.0
S0002699;11.12.2024;V0017;POK;Sei;08;Eigersundbanken;GN;1597.6
S0002700;12.12.2024;V0034;POK;Sei;08;Eigersundbanken;DAN;1898.2
S0002701;16.12.2024;V0022;COD;Torsk;03;Øst-Finnmark;DAN;4349.3
S0002702;17.12.2024;V0039;COD;Torsk;03;Øst-Finnmark;LLS;5301.3
S0002703;18.12.2024;V0008;COD;Torsk;03;Øst-Finnmark;OTB;6305.0
S0002704;17.12.2024;V0035;HAD;Hyse;03;Øst-Finnmark;LLS;1972.9
S0002705;18.12.2024;V0004;HAD;Hyse;03;Øst-Finnmark;OTB;2400.7
S0002706;19.12.2024;V0021;HAD;Hyse;03;Øst-Finnmark;GN;2850.8
S0002707;18.12.2024;V0048;POK;Sei;03;Øst-Finnmark;OTB;1824.1
S0002708;19.12.2024;V0017;POK;Sei;03;Øst-Finnmark;GN;2216.3
S0002709;20.12.2024;V0034;POK;Sei;03;Øst-Finnmark;DAN;2628.1
S0002710;17.12.2024;V0033;COD;Torsk;04;Vest-Finnmark;LLS;5669.9
S0002711;18.12.2024;V0002;COD;Torsk;04;Vest-Finnmark;OTB;6895.3
S0002712;19.12.2024;V0019;COD;Torsk;04;Vest-Finnmark;GN;8183.1
S0002713;18.12.2024;V0046;HAD;Hyse;04;Vest-Finnmark;OTB;2562.3
S0002714;19.12.2024;V0015;HAD;Hyse;04;Vest-Finnmark;GN;3111.6
S0002715;20.12.2024;V0032;HAD;Hyse;04;Vest-Finnmark;DAN;3687.8
S0002716;19.12.2024;V0011;POK;Sei;4;Vest-Finnmark;GN;2361.1
S0002717;20.12.2024;V0028;POK;Sei;04;Vest-Finnmark;DAN;2270.2
S0002718;21.12.2024;V0045;POK;Sei;04;Vest-Finnmark;LLS;2705.7
S0002719;18.12.2024;V0044;COD;Torsk;05;Røstbanken til Malangsgrunnen;OTB;5282.5
S0002720;19.12.2024;V0013;COD;Torsk;05;Røstbanken til Malangsgrunnen;GN;6411.4
S0002721;20.12.2024;V0030;COD;Torsk;05;Røstbanken til Malangsgrunnen;DAN;6021.0
S0002722;19.12.2024;V0009;HAD;Hyse;05;Røstbanken til Malangsgrunnen;GN;2379.5
S0002723;20.12.2024;V0026;HAD;Hyse;05;Røstbanken til Malangsgrunnen;DAN;2297.3
S0002724;21.12.2024;V0043;HAD;Hyse;05;Røstbanken til Malangsgrunnen;LLS;2736.0
S0002725;20.12.2024;V0022;POK;Sei;05;Røstbanken til Malangsgrunnen;DAN;1749.0
S0002726;21.12.2024;V0039;POK;Sei;05;Røstbanken til Malangsgrunnen;LLS;2131.1
S0002727;16.12.2024;V0008;POK;Sei;05;Røstbanken til Malangsgrunnen;OTB;2533.7
S0002728;19.12.2024;V0007;COD;Torsk;06;Helgelandsbanken;GN;4029.8
S0002729;20.12.2024;V0024;COD;Torsk;06;Helgelandsbanken;DAN;4915.4
S0002730;21.12.2024;V0041;COD;Torsk;06;Helgelandsbanken;LLS;5850.0
S0002731;20.12.2024;V0020;HAD;Hyse;06;Helgelandsbanken;DAN;1830.1
S0002732;21.12.2024;V0037;HAD;Hyse;06;Helgelandsbanken;LLS;2228.4
S0002733;16.12.2024;V0006;HAD;Hyse;06;Helgelandsbanken;OTB;2647.8
S0002734;21.12.2024;V0033;POK;Sei;06;Helgelandsbanken;LLS;1693.8
S0002735;16.12.2024;V0002;POK;Sei;06;Helgelandsbanken;OTB;2059.3
S0002736;17.12.2024;V0019;POK;Sei;06;Helgelandsbanken;GN;2443.2
S0002737;20.12.2024;V0018;COD;Torsk;07;Storegga-Frøyabanken;DAN;3960.4
S0002738;21.12.2024;V0035;COD;Torsk;07;Storegga-Frøyabanken;LLS;4819.3
S0002739;16.12.2024;V0004;COD;Torsk;07;Storegga-Frøyabanken;OTB;5722.7
S0002740;21.12.2024;V0031;HAD;Hyse;07;Storegga-Frøyabanken;LLS;1791.6
S0002741;16.12.2024;V0048;HAD;Hyse;07;Storegga-Frøyabanken;OTB;2176.9
S0002742;17.12.2024;V0017;HAD;Hyse;07;Storegga-Frøyabanken;GN;2581.3
S0002743;16.12.2024;V0044;POK;Sei;07;Storegga-Frøyabanken;OTB;
S0002744;17.12.2024;V0013;POK;Sei;07;Storegga-Frøyabanken;GN;2005.0
S0002745;18.12.2024;V0030;POK;Sei;07;Storegga-Frøyabanken;DAN;1886.9
S0002746;21.12.2024;V0029;COD;Torsk;08;Eigersundbanken;LLS;3730.9
S0002747;16.12.2024;V0046;COD;Torsk;08;Eigersundbanken;OTB;4530.7
S0002748;17.12.2024;V0015;COD;Torsk;08;Eigersundbanken;GN;5369.7
S0002749;16.12.2024;V0042;HAD;Hyse;08;Eigersundbanken;OTB;1682.1
S0002750;17.12.2024;V0011;HAD;Hyse;08;Eigersundbanken;GN;1617.3
S0002751;18.12.2024;V0028;HAD;Hyse;08;Eigersundbanken;DAN;1927.6
S0002752;17.12.2024;V0007;POK;Sei;08;Eigersundbanken;GN;1231.9
S0002753;18.12.2024;V0024;POK;Sei;08;Eigersundbanken;DAN;1502.1
S0002754;19.12.2024;V0041;POK;Sei;08;Eigersundbanken;LLS;1787.1
S0002755;23.12.2024;V0029;COD;Torsk;03;Øst-Finnmark;LLS;5561.3
S0002756;24.12.2024;V0046;COD;Torsk;03;Øst-Finnmark;OTB;5369.2
S0002757;25.12.2024;V0015;COD;Torsk;03;Øst-Finnmark;GN;6394.5
S0002758;24.12.2024;V0042;HAD;Hyse;03;Øst-Finnmark;OTB;2024.4
S0002759;25.12.2024;V0011;HAD;Hyse;03;Øst-Finnmark;GN;2466.6
S0002760;26.12.2024;V0028;HAD;Hyse;03;Øst-Finnmark;DAN;2932.7
S0002761;25.12.2024;V0007;POK;Sei;03;Øst-Finnmark;GN;1725.7
S0002762;26.12.2024;V0024;POK;Sei;03;Øst-Finnmark;DAN;2099.3
S0002763;27.12.2024;V0041;POK;Sei;03;Øst-Finnmark;LLS;2492.2
S0002764;24.12.2024;V0040;COD;Torsk;04;Vest-Finnmark;OTB;5752.9
S0002765;25.12.2024;V0009;COD;Torsk;04;Vest-Finnmark;GN;7005.0
S0002766;26.12.2024;V0026;COD;Torsk;04;Vest-Finnmark;DAN;8323.3
S0002767;25.12.2024;V0005;HAD;Hyse;04;Vest-Finnmark;GN;2637.0
S0002768;26.12.2024;V0022;HAD;Hyse;04;Vest-Finnmark;DAN;3206.0
S0002768;26.12.2024;V0022;HAD;Hyse;04;Vest-Finnmark;DAN;3206.0
S0002769;27.12.2024;V0039;HAD;Hyse;04;Vest-Finnmark;LLS;3803.7
S0002770;26.12.2024;V0018;POK;Sei;04;Vest-Finnmark;DAN;2239.8
S0002771;27.12.2024;V0035;POK;Sei;04;Vest-Finnmark;LLS;2719.2
S0002772;28.12.2024;V0004;POK;Sei;04;Vest-Finnmark;OTB;3221.9
S0002773;25.12.2024;V0003;COD;Torsk;05;Røstbanken til Malangsgrunnen;GN;5375.0
S0002774;26.12.2024;V0020;COD;Torsk;05;Røstbanken til Malangsgrunnen;DAN;6530.9
S0002775;27.12.2024;V0037;COD;Torsk;05;Røstbanken til Malangsgrunnen;LLS;7744.3
S0002776;26.12.2024;V0016;HAD;Hyse;05;Røstbanken til Malangsgrunnen;DAN;2455.2
S0002777;27.12.2024;V0033;HAD;Hyse;05;Røstbanken til Malangsgrunnen;LLS;2979.1
S0002778;28.12.2024;V0002;HAD;Hyse;05;Røstbanken til Malangsgrunnen;OTB;2803.5
S0002779;27.12.2024;V0029;POK;Sei;05;Røstbanken til Malangsgrunnen;LLS;1648.0
S0002780;28.12.2024;V0046;POK;Sei;05;Røstbanken til Malangsgrunnen;OTB;2010.9
S0002781;23.12.2024;V0015;POK;Sei;05;Røstbanken til Malangsgrunnen;GN;2394.1
S0002782;26.12.2024;V0014;COD;Torsk;06;Helgelandsbanken;DAN;5172.8
S0002783;27.12.2024;V0031;COD;Torsk;06;Helgelandsbanken;LLS;4973.6
S0002784;28.12.2024;V0048;COD;Torsk;06;Helgelandsbanken;OTB;5927.6
S0002785;27.12.2024;V0027;HAD;Hyse;06;Helgelandsbanken;LLS;1876.1
S0002786;28.12.2024;V0044;HAD;Hyse;06;Helgelandsbanken;OTB;2287.6
S0002787;23.12.2024;V0013;HAD;Hyse;06;Helgelandsbanken;GN;2721.6
S0002788;28.12.2024;V0040;POK;Sei;06;Helgelandsbanken;OTB;1601.2
S0002789;23.12.2024;V0009;POK;Sei;06;Helgelandsbanken;GN;1949.1
S0002790;24.12.2024;V0026;POK;Sei;06;Helgelandsbanken;DAN;2315.2
S0002791;27.12.2024;V0025;COD;Torsk;07;Storegga-Frøyabanken;LLS;4014.8
S0002792;28.12.2024;V0042;COD;Torsk;07;Storegga-Frøyabanken;OTB;4891.9
S0002793;23.12.2024;V0011;COD;Torsk;07;Storegga-Frøyabanken;GN;5816.2
S0002794;28.12.2024;V0038;HAD;Hyse;07;Storegga-Frøyabanken;OTB;1842.3
S0002795;23.12.2024;V0007;HAD;Hyse;07;Storegga-Frøyabanken;GN;2241.2
S0002796;24.12.2024;V0024;HAD;Hyse;07;Storegga-Frøyabanken;DAN;2660.5
S0002797;23.12.2024;V0003;POK;Sei;07;Storegga-Frøyabanken;GN;1566.4
S0002798;24.12.2024;V0020;POK;Sei;07;Storegga-Frøyabanken;DAN;1902.7
S0002799;25.12.2024;V0037;POK;Sei;07;Storegga-Frøyabanken;LLS;2255.6
S0002800;28.12.2024;V0036;COD;Torsk;08;Eigersundbanken;OTB;3793.4
S0002801;23.12.2024;V0005;COD;Torsk;08;Eigersundbanken;GN;4611.8
S0002802;24.12.2024;V0022;COD;Torsk;08;Eigersundbanken;DAN;5471.7
S0002803;23.12.2024;V0001;HAD;Hyse;08;Eigersundbanken;GN;1734.4
S0002804;24.12.2024;V0018;HAD;Hyse;08;Eigersundbanken;DAN;2105.6
S0002805;25.12.2024;V0035;HAD;Hyse;08;Eigersundbanken;LLS;2494.8
S0002806;24.12.2024;V0014;POK;Sei;08;Eigersundbanken;DAN;1469.7
S0002807;25.12.2024;V0031;POK;Sei;08;Eigersundbanken;LLS;1416.1
S0002808;26.12.2024;V0048;POK;Sei;08;Eigersundbanken;OTB;1687.1
